kode_kecamatan_bps,nama_kecamatan_bps,tahun,pengeluaran_mean,ST_SAE,EBLUP_ST,VAR...8,gamma,spatial_effect,temporal_effect
3501010,Donorojo,2018,661473.3105,596839.8637131379,661018.3008690561,4034212782.0,0.9945700170197622,-184521.6699735171,-61130.268910070416
3501010,Donorojo,2019,727571.1022,523328.84342165716,726001.3612687002,4407176756.0,0.9940709901265322,-77783.51446912503,-27460.681863584672
3501010,Donorojo,2020,670954.6408,725560.9859368318,671204.4439378425,2615010385.0,0.9964735033327959,-127785.80610639186,143259.14394427976
3501010,Donorojo,2021,749145.0514,968883.7572121739,751729.4586794503,6772045604.0,0.9909184061736506,-312582.5994913837,-34489.63064499444
3501010,Donorojo,2022,648363.9275,926522.1194425636,649193.5797060871,1702271611.0,0.9977015566138765,-321636.8893190584,-260488.2959080306
3501010,Donorojo,2023,607533.3423,733777.672862945,608124.2039994482,2675707930.0,0.9963919444264927,-13578.275654221827,-319104.85381818144
3501010,Donorojo,2024,609835.5636,735382.0286164246,610744.5266450258,4149777768.0,0.9944153371662077,-51114.2331344065,-139502.35232362093
3501010,Donorojo,2025,978634.4793,966936.9655351487,978447.1765700536,9259513516.0,0.9876238927973633,624569.9867834398,-120328.5831166493
3501020,Punung,2018,1228464.312,1237242.377427732,1228475.7117022332,739922799.0,0.9989996406262303,-549788.6359090414,-314931.92603437055
3501020,Punung,2019,883763.3139,1017283.7793401089,885143.1850088778,5941958508.0,0.9920227072004663,-280543.0036634367,-224225.55891796527
3501020,Punung,2020,1085134.428,1054628.1168012714,1082834.1488128956,46405120472.0,0.940909449069901,5801.754743386991,-253838.89938106318
3501020,Punung,2021,751219.9452,1476317.1991073072,753292.3158988332,1630953384.0,0.9977976399258698,-269290.9739770789,37751.78764195531
3501020,Punung,2022,668810.4792,1350327.5322815923,673009.5599277538,3527678299.0,0.9952485645013933,-455360.9885247172,-692549.3906863853
3501020,Punung,2023,962090.4275,1188778.6801571494,969106.6512361194,18174229891.0,0.9759946652874057,-177206.96900962928,-800536.0592126604
3501020,Punung,2024,880315.1958,1337485.621402758,898199.043463998,23165430579.0,0.9696024632795298,-148537.3457873223,-333554.7612634213
3501020,Punung,2025,1067735.573,1041487.9492505998,1064641.7376610816,76033062679.0,0.9067021891349667,557424.6811539743,-468096.05256365484
3501030,Pringkuku,2018,707224.3392,795390.2905759432,709774.5874347516,16949479921.0,0.9775760945071706,-678994.0674286048,-256109.82049662928
3501030,Pringkuku,2019,508042.8873,703728.321844725,509056.6601542985,2963229380.0,0.9960057850155769,-177798.84571040428,-335778.20425916975
3501030,Pringkuku,2020,633138.2175,917134.5657894971,633380.9054478777,486669451.1,0.9993418082303094,85771.82858816805,-328623.70010434004
3501030,Pringkuku,2021,924704.1413,982722.2773969242,924810.3782012885,1043842406.0,0.998589327627256,-481691.29562378477,-293809.2426674302
3501030,Pringkuku,2022,473534.1866,1054376.4767859634,473944.6010784266,402345147.2,0.9994557898212457,-583675.4314366309,-203766.31055483548
3501030,Pringkuku,2023,794708.7709,861533.3723653622,795877.3308327642,10127532490.0,0.9864793998213498,-263660.172624275,-705286.9392856987
3501030,Pringkuku,2024,745165.0635,1006830.1626646902,758710.3172601978,31063686366.0,0.95965654154815,-261039.23351859563,-234197.0039845138
3501030,Pringkuku,2025,1025136.692,841378.0303756881,1020482.636411174,14786049661.0,0.9803821300258173,638758.9114639505,-328695.2438834758
3501040,Pacitan,2018,1203583.246,1603940.5053310937,1225572.8088999144,33069672560.0,0.9571629005502567,-695217.9213698795,-84567.97105454741
3501040,Pacitan,2019,1491861.973,1257638.110366019,1464229.5558308468,76108627737.0,0.9066181242959078,-396118.12233476527,-524933.7001262764
3501040,Pacitan,2020,1279871.943,1261468.2653580075,1279288.317034649,18636012589.0,0.975399726841027,-215581.15257839745,102625.15076822648
3501040,Pacitan,2021,1121252.06,2093036.0307658934,1166288.2719893083,27652070744.0,0.9639274926017294,-253595.99180722094,90442.0360873323
3501040,Pacitan,2022,1235116.693,1696606.5922693403,1272940.5039994,50800610422.0,0.9356724407477431,-483479.77822979563,-822589.6452972246
3501040,Pacitan,2023,1378488.431,1453462.8655603942,1387674.5078059086,79452647977.0,0.9029135036124089,-144067.1486558587,-549845.4457380848
3501040,Pacitan,2024,1489064.249,1376715.2886488899,1484248.511632761,25482819637.0,0.9666629728499786,-204681.99165973574,-60468.43794543133
3501040,Pacitan,2025,1616461.439,1033608.6851780406,1591211.9905009535,25766409589.0,0.966304476928542,481140.2258154293,181119.70694049099
3501050,Kebonagung,2018,552957.3887,1293142.849429927,562398.7450564597,7351846298.0,0.9901485292934408,-468002.26422378264,-365546.2134412529
3501050,Kebonagung,2019,854488.0144,1028671.4747335324,862204.9429541636,26378184224.0,0.9655320161417966,-281801.00664952304,-837844.428976628
3501050,Kebonagung,2020,675846.648,1168281.7405625966,686408.7479821825,12472256593.0,0.9834010728263759,-14633.775079211915,-341122.1716757321
3501050,Kebonagung,2021,725529.7038,1277976.070396607,727579.9016989158,2119569839.0,0.997139723266827,-399265.8951246725,-462416.99493526155
3501050,Kebonagung,2022,759516.6272,1210442.440333263,775510.7441463851,20925052563.0,0.9724613151368258,-575235.9109249418,-634619.3346800318
3501050,Kebonagung,2023,934261.4382,1254304.3530103473,946988.8631003003,23565868022.0,0.9690932517085088,-72732.11546731059,-596253.8044517585
3501050,Kebonagung,2024,1067146.51,1255566.0535684687,1077471.230720798,32987877043.0,0.9572643270734648,-188884.81581518403,-324160.8968686438
3501050,Kebonagung,2025,983210.6848,768085.1218742346,975371.2019007719,21520116961.0,0.9717003356339695,525659.9175023166,-181793.2331871416
3501060,Arjosari,2018,443909.9881,1373336.7962915725,445358.0806077009,887944129.4,0.9987997592325207,-168083.14713279653,-664787.8240481407
3501060,Arjosari,2019,433349.3898,1078027.7641285781,438593.3719121384,4666513852.0,0.9937242913937151,15898.353741976338,-1076991.7005493871
3501060,Arjosari,2020,608004.2181,1126446.7073335545,610455.9067638401,2703651492.0,0.9963544013272564,119841.85751143325,-805021.2880126499
3501060,Arjosari,2021,771714.7662,1508100.0995909958,783083.5567125572,8922646697.0,0.9880687711782165,222260.80514993303,-554969.1714031306
3501060,Arjosari,2022,652177.8452,1480793.9825066726,654773.0401781064,1787747926.0,0.9975864232283702,-140595.25922869612,-665425.0206855605
3501060,Arjosari,2023,826671.3725,1291314.5903346536,838559.621092787,14941080350.0,0.9801805147504956,21251.07359735469,-849461.0850668681
3501060,Arjosari,2024,747596.6142,1417096.5245761287,752136.4260102579,3884808483.0,0.9947700609910116,-129940.87804419322,-504584.06960475957
3501060,Arjosari,2025,700167.5647,960248.9133345861,702531.473754617,5219324574.0,0.9929860645682905,305224.13474475034,-690656.3287864835
3501070,Nawangan,2018,598667.5279,335661.123709274,597846.5652418953,1781731178.0,0.9975945266925109,-507680.38157026947,243448.79072783596
3501070,Nawangan,2019,454774.1963,270800.19298343244,453723.7418081242,3267645789.0,0.9955972606942382,-295677.9688091862,201645.12898342032
3501070,Nawangan,2020,685989.9206,449806.067761152,682562.7748339028,8378334999.0,0.9887884563149187,-193650.25680683943,190953.30620625883
3501070,Nawangan,2021,856536.241,592444.7800091169,854085.5444321174,5329806992.0,0.9928386571610247,-355616.6142970758,338395.6110446738
3501070,Nawangan,2022,626540.791,613773.0778659222,626459.0598977936,3665984402.0,0.9950631994422581,-642568.953957459,361299.4837026814
3501070,Nawangan,2023,677122.8378,517907.34814825054,676787.3617763221,1201488359.0,0.9983766271538718,-364342.8142796997,63371.39161945088
3501070,Nawangan,2024,688976.8093,612973.368534623,687933.3076453492,7921205237.0,0.9893936805662712,-508970.6744482302,202336.88581467653
3501070,Nawangan,2025,593575.4805,326075.5180771207,593347.1131153037,486192910.5,0.9993424522996196,40207.60399478857,113154.89460724115
3501080,Bandar,2018,777190.1729,829469.6750235785,778061.8138907142,9647959230.0,0.987111394541542,-353663.45173616544,-36738.60828386253
3501080,Bandar,2019,766980.9079,549485.4161342082,758302.1591084772,23649346761.0,0.9689871643151972,-185852.3855309068,-136057.13156084053
3501080,Bandar,2020,683026.3734,639831.1688707928,682790.8461872055,3119661197.0,0.9957958129351708,-16461.715948031648,178511.04305970832
3501080,Bandar,2021,779441.4495,1235781.849087372,784999.1953166578,7015503304.0,0.9905949899199692,-4164.702346373204,180309.18511582993
3501080,Bandar,2022,479304.7434,1148947.3534132938,479728.45867536264,360274293.9,0.9995126669305509,-214719.32126952047,-256915.63367599552
3501080,Bandar,2023,764821.4558,925615.5782953764,767147.5459845775,8352418225.0,0.9888227494415671,-164174.44542540834,-585559.533574902
3501080,Bandar,2024,895320.1936,1109479.203291229,898436.8122766014,8403134585.0,0.9887556436806003,-132210.66527089349,-159699.1949081159
3501080,Bandar,2025,709016.3549,354128.9048942282,705278.7361927485,6056613771.0,0.9918700298268078,305368.5935932399,-107510.89047627558
3501090,Tegalombo,2018,508668.9942,808638.3712305691,509637.2862820383,1842726856.0,0.9975123827163291,-356836.83061603864,-254671.74784667
3501090,Tegalombo,2019,498320.4948,760869.626600107,499048.2326820791,1581601983.0,0.9978641393184835,-117837.79573425584,-401015.75376962434
3501090,Tegalombo,2020,598391.8642,941214.9236182637,600450.5299257232,3437628758.0,0.9953692907221925,57388.16784690722,-306799.2780858056
3501090,Tegalombo,2021,746039.9077,1180349.2806208152,748194.5609616151,2837040135.0,0.996175228254941,-253267.18723477345,-260280.45930819365
3501090,Tegalombo,2022,516092.0229,1297516.3477616366,521743.9304071422,4145606350.0,0.9944209196321405,-86196.6890602982,-403298.0670473863
3501090,Tegalombo,2023,836262.9306,1059570.667107504,838655.0469778104,6161454265.0,0.991730463134818,86104.15243197244,-684091.1001706289
3501090,Tegalombo,2024,875838.6444,1225269.532723265,884509.5663595488,14479183088.0,0.9807814504446286,59706.64878319594,-168237.76938905276
3501090,Tegalombo,2025,746498.3035,718474.2840519636,745690.8501718349,16881516128.0,0.9776640012341401,668817.7646014809,-185952.34238221508
3501100,Tulakan,2018,864163.5672,1724418.3267071808,871603.0602758874,4963816596.0,0.9933271351194225,-267781.939295651,-454349.02919669513
3501100,Tulakan,2019,643653.4862,1363923.1126306884,651776.8548067412,6490741492.0,0.9912923617730923,-48143.53216815545,-815694.0347876636
3501100,Tulakan,2020,827977.6145,1176542.5713090168,831567.1403666558,5920743821.0,0.9920509622796806,37972.68015222838,-677514.534749692
3501100,Tulakan,2021,959966.5975,1929777.753496672,970275.1059797324,6113318236.0,0.9917945383289893,-224395.47208931003,-213760.60079233337
3501100,Tulakan,2022,967254.9939,1897409.1619216925,973849.244639351,4062821383.0,0.9945317208863323,-331887.0768839323,-765988.5823010938
3501100,Tulakan,2023,1321344.811,1795875.8335625357,1348339.0577732422,34321782435.0,0.9556129614505575,46695.496917804485,-839452.2559061908
3501100,Tulakan,2024,1237669.229,1948742.5152448833,1249046.6943359552,9252595791.0,0.9876330245636874,-32193.79565449938,-312941.5985664064
3501100,Tulakan,2025,1142276.82,995047.8458086193,1138295.059918361,15816713676.0,0.9790433207479615,519920.0131036155,-473436.47256348236
3501110,Ngadirojo,2018,611356.4882,1360502.308188817,632589.3663558107,16598038806.0,0.9780308311919617,-68589.78646383909,-403932.9938800689
3501110,Ngadirojo,2019,632426.2938,1158010.8741663708,638107.2377064129,6217631726.0,0.9916556942375724,4378.44602809129,-757614.7881189729
3501110,Ngadirojo,2020,634316.1895,1189486.843412406,643246.6674145239,9302901238.0,0.9875666225386746,-9632.24214149409,-596883.8204497307
3501110,Ngadirojo,2021,757016.8334,1214738.5518474414,759425.7574629002,3010513677.0,0.9959423078854089,-147363.71588533575,-580385.8224897691
3501110,Ngadirojo,2022,765758.2589,1251798.290922751,773368.3551991647,9051053989.0,0.9878991446495515,-246684.528018857,-494551.3560778204
3501110,Ngadirojo,2023,848693.7199,1148402.5182375726,851597.111216096,5566229570.0,0.9925233653643598,96869.72348047455,-517149.8194290458
3501110,Ngadirojo,2024,746538.9764,1183206.4926355279,752936.9393122152,8461131632.0,0.988678915582351,-13979.251331578387,-261175.4970512736
3501110,Ngadirojo,2025,1103983.986,943079.6992830243,1094609.7154458233,35201904721.0,0.9545264924459708,529656.7261403698,-381867.7881241648
3501120,Sudimoro,2018,760103.2127,911637.8541296991,766534.1552999682,25218746672.0,0.966997035923852,-399427.2429835252,-127958.60531658468
3501120,Sudimoro,2019,839532.3767,728540.9673480339,836854.8957951631,14065961476.0,0.9813196831522226,-290556.81010939885,-267108.7193792418
3501120,Sudimoro,2020,544381.4452,915384.9179587497,549284.5743172071,7620799618.0,0.989791810970602,-181365.1847695171,-25370.373846774106
3501120,Sudimoro,2021,751103.7776,999852.5861088348,751818.6128649921,1639918058.0,0.9977855612731933,-382525.08261120634,-404968.5267546999
3501120,Sudimoro,2022,1021616.815,983675.3679893485,1018570.1193907156,49681683868.0,0.9370000471434086,-553438.8407558267,-381544.62454221945
3501120,Sudimoro,2023,1002239.695,957113.0378028215,1000414.9480896,23978550696.0,0.9685690279649813,-100648.91265200517,-121986.95885870745
3501120,Sudimoro,2024,813608.8451,1008135.5676723511,817311.4767098489,11040904445.0,0.9852779689982414,-220445.70421978078,36438.65450742736
3501120,Sudimoro,2025,964837.3872,771858.2797534475,949241.2480526508,50030233776.0,0.9365860888452923,408243.74447199167,-195216.6912033835
3502010,Ngrayun,2018,391364.8804,1037728.2786012917,399642.0967067219,7381290771.0,0.9901094639498097,-139885.72893010714,251479.89297236034
3502010,Ngrayun,2019,695822.5229,657147.140299353,693957.8447171424,28824189891.0,0.9624558537307976,15779.988093534508,-506038.2881567759
3502010,Ngrayun,2020,938881.1147,710110.717662106,921560.4377429307,46610643233.0,0.9406632727653372,214106.31842471237,82559.60715476947
3502010,Ngrayun,2021,755631.4522,816285.4662340754,755749.3329183379,1108040017.0,0.9985026994183579,-67617.89844898571,465105.16492494405
3502010,Ngrayun,2022,671154.3457,848442.3105756764,672031.0606830368,2827870391.0,0.9961875433667975,-93657.0815958451,200236.79565448978
3502010,Ngrayun,2023,870639.4253,685008.9439688991,867352.7198420906,10256452931.0,0.9863096429404963,227619.98986379209,40582.30498255533
3502010,Ngrayun,2024,864045.8735,864231.9530959859,864048.4299410585,7926332135.0,0.9893868886196383,393861.6504774486,446969.51624717575
3502010,Ngrayun,2025,1026241.189,683557.4251071868,1017796.9842488283,14375675287.0,0.9809162168190448,773378.7251789921,404414.5595184934
3502020,Slahung,2018,783791.9179,1681438.0110002721,789027.6237619906,3338396932.0,0.9955023612317546,-15631.536912412732,-95194.67136970186
3502020,Slahung,2019,700935.2348,1110374.947597585,701760.0987083011,1148670601.0,0.9984478803043692,203991.02028473958,-912031.1308738408
3502020,Slahung,2020,1055600.791,994199.3970236718,1047478.6593237406,86743945517.0,0.8949400000307274,272013.50026087224,-518608.4952242237
3502020,Slahung,2021,1053293.564,1067275.9225592487,1053434.5577748201,5796266865.0,0.9922167810975382,-54213.69167376894,109482.77986749937
3502020,Slahung,2022,1007240.477,1267376.7724951198,1014434.1335749569,16182849848.0,0.9785685979097811,-146271.76289338287,77597.66981320432
3502020,Slahung,2023,1181171.764,1188870.097023451,1181456.6960958901,21870123405.0,0.9712532968493538,231377.8652926528,-148898.5909519298
3502020,Slahung,2024,1121193.352,1485338.1824655652,1125876.5337559858,7413372118.0,0.990066903652398,348991.15040193195,126156.45488558151
3502020,Slahung,2025,1210366.946,960314.8265848687,1207319.3311120598,7020734698.0,0.9905880427017112,780583.5499812143,-103557.4979085899
3502030,Bungkal,2018,802127.1712,559829.9656903445,796415.4293222701,13737505039.0,0.9817479284328918,-582967.1683611246,98981.51881521172
3502030,Bungkal,2019,616660.3858,449978.1295211008,611423.6646703571,18456984911.0,0.97563029131406,-308924.173367211,4649.043622219702
3502030,Bungkal,2020,824405.1634,567899.505806129,822647.5510555638,3925903162.0,0.9947150294995606,-124015.05724765823,-14845.561206045793
3502030,Bungkal,2021,905009.9868,869034.923365559,904689.1787084828,5119897803.0,0.9931187587800904,-279713.1805004091,182090.58938770508
3502030,Bungkal,2022,596882.6426,965712.8998197799,597676.339606174,1227131567.0,0.9983420371649149,-331629.89279407565,11700.888278299826
3502030,Bungkal,2023,1136627.857,675324.4576835107,1126649.6189633408,12580319271.0,0.9832596632140452,-25254.775596910753,-407396.17445508647
3502030,Bungkal,2024,878809.3418,906269.3968603357,879013.974660988,4272182644.0,0.9942515548095991,-104455.0742231653,378612.6540703279
3502030,Bungkal,2025,1020820.059,702590.7145503607,995708.9355587586,48747312305.0,0.9381115690379628,576311.8033287446,59356.66508760769
3502040,Sambit,2018,719964.4934,593544.8769366774,719360.1732317944,2733134427.0,0.9963147930966406,-262845.17062224494,162435.04131535903
3502040,Sambit,2019,506056.2114,509763.24436206743,506136.40834749077,12582219797.0,0.9832571765708804,-108351.73895431151,15561.211765250424
3502040,Sambit,2020,832170.4211,586396.4165429282,821916.1076153597,24774603698.0,0.9675594159499532,-7540.944161079704,-85529.4247790947
3502040,Sambit,2021,932833.9822,922027.0332525102,932637.7511632341,10523259463.0,0.9859585091043988,-187054.96777232492,218838.59944601287
3502040,Sambit,2022,819087.7232,946844.8022591389,821330.438102141,10167354999.0,0.9864269570207255,-297555.65220157604,40877.16863060719
3502040,Sambit,2023,855923.4932,763110.3853272679,849404.4160472536,42986562259.0,0.9450231961115884,84444.22368409066,-138250.12494345265
3502040,Sambit,2024,956905.8786,866005.5234013355,956692.2061052456,1340702607.0,0.9981888705941303,97043.70740853563,111929.93766776391
3502040,Sambit,2025,1354654.07,737454.7019722268,1315308.1900564528,38744393982.0,0.9501783280628896,588039.4548659563,200271.60390611156
3502050,Sawoo,2018,733524.5924,417430.8005932778,729321.9946814524,7667292938.0,0.9897301719782469,-106489.05754489228,137240.05719896225
3502050,Sawoo,2019,663288.4138,262631.449527322,661935.5134079368,1927921921.0,0.9973976716309777,-85160.38133994878,271075.6158388959
3502050,Sawoo,2020,618659.6039,488004.501178466,617651.9320111164,4422650058.0,0.9940502976216493,86952.82825669082,396649.5611990994
3502050,Sawoo,2021,777944.1835,1373127.5633872135,779760.7114231061,1741991959.0,0.9976480514919586,-14515.319345415919,255372.52537288866
3502050,Sawoo,2022,700197.2637,1226190.241350712,701637.1015239875,1561893567.0,0.9978906982387579,-212630.13634958144,-415111.58597610216
3502050,Sawoo,2023,890450.4853,846616.6880069786,890240.4783029514,2739288138.0,0.9963065264199064,47255.605173640535,-509160.6540450277
3502050,Sawoo,2024,996447.1058,1062363.0158465023,997116.3283376177,5836324617.0,0.9921634131311555,296510.47827695473,58493.802259195014
3502050,Sawoo,2025,1065411.394,581839.873625297,1062849.0232291375,3031209708.0,0.9959145269016939,722025.5116234213,172355.94288381073
3502060,Sooko,2018,553803.418,211139.8052355036,553803.418,9.63e-22,1.0,-284609.5129995778,126248.9050662755
3502060,Sooko,2019,724651.6618,337935.3594424431,722019.3578313898,3899753652.0,0.9947500466263032,-190034.60869811292,175595.24570678786
3502060,Sooko,2020,781635.2998,690920.1089827609,781273.6838001992,2277349294.0,0.9969274602498487,-173310.96771878525,288540.39670866623
3502060,Sooko,2021,880960.688,750953.5684292982,880960.688,3.39e-21,1.0,-363210.76957411785,82659.54846327973
3502060,Sooko,2022,915941.0575,820894.6322831532,915941.0575,1.28e-20,1.0,-332293.7690298703,65482.236859416706
3502060,Sooko,2023,830790.1221,556659.885925992,830790.1221,8.419999999999999e-23,1.0,-316468.3464424453,63876.03426983813
3502060,Sooko,2024,652963.42,749732.4155406409,652963.42,2.7600000000000002e-22,1.0,-124188.83657758875,177042.9250438332
3502060,Sooko,2025,800987.7914,790309.3673388282,800987.3717923227,22360457.08,0.9999697397968308,499332.4728316746,-73378.65422318934
3502061,Pudak,2018,547978.8805,587642.6692633159,547978.8805,3.37e-24,1.0,-408071.0982349869,89784.10398682227
3502061,Pudak,2019,547978.8805,539492.2042410661,547978.8805,3.37e-24,1.0,-87219.38969163783,-73001.07697755413
3502061,Pudak,2020,648687.591,680423.4320443497,648687.591,6.06e-22,1.0,87086.34237665324,39995.90450877877
3502061,Pudak,2021,749396.3014,807880.0163207315,749396.3014,1.21e-21,1.0,-154085.30573843923,113022.7611000198
3502061,Pudak,2022,816342.0296,851114.8293127464,816342.0296,1.57e-21,1.0,-154951.3268953401,63797.408104901784
3502061,Pudak,2023,488875.3314,886609.85381102,488875.3314,2.2400000000000003e-21,1.0,-142244.64979707138,100656.73563781125
3502061,Pudak,2024,1075987.955,766639.6909503827,1075987.955,1.89e-20,1.0,-149614.4679633708,-303394.8650129618
3502061,Pudak,2025,1063164.973,1055146.7766157337,1063164.973,1.44e-20,1.0,459293.3196485257,357925.27325560316
3502070,Pulung,2018,900313.9688,974406.6294100438,901689.4652491717,10763410124.0,0.9856426697618976,-19547.91342328334,-10437.631241067065
3502070,Pulung,2019,854770.7453,834856.9076604876,854451.2655357885,9277685968.0,0.9875999049949716,93991.34683036437,-60031.18127192557
3502070,Pulung,2020,1092480.162,916968.7476073338,1084045.7094748241,28725505344.0,0.9625795825648465,83480.34333767518,66464.37934885069
3502070,Pulung,2021,998363.2268,1530594.318972122,1008787.4088701588,11367357305.0,0.9848492691582601,49828.84980769989,291307.4225208481
3502070,Pulung,2022,966964.9091,1410730.9222664356,977951.5738374098,14445304211.0,0.9808255564095333,-24126.033543965284,-310427.9418979379
3502070,Pulung,2023,839704.2378,1209472.6437738563,846332.3645738089,10385890328.0,0.9861392641207261,198372.97409838447,-326172.68572128937
3502070,Pulung,2024,1063965.551,1186501.468372639,1066643.2572154778,12712251721.0,0.9830870730105584,60258.1719987454,-260372.1781587405
3502070,Pulung,2025,1062335.025,924222.5223862522,1061742.1737710594,2453060790.0,0.9966911793290901,672569.1998911648,-2388.9707037198823
3502080,Mlarak,2018,855314.5555,960777.1970629591,859079.4660047882,21065450072.0,0.9722816647581435,-246259.23406096952,-153546.27902964066
3502080,Mlarak,2019,744300.3037,908978.7439787956,745856.3726549778,5428035271.0,0.9927076361697403,-7337.027982992538,-324052.58805425954
3502080,Mlarak,2020,769661.0883,1135137.3037373286,775448.4196723592,9155428652.0,0.9877613082213073,-98873.84882632861,-336364.6752769854
3502080,Mlarak,2021,1118898.35,1411846.5903877257,1129548.317670592,21466805310.0,0.9717684629987611,-201900.15350266724,-499831.5586838429
3502080,Mlarak,2022,1326611.838,1435510.4110597372,1337219.6706381775,61410325813.0,0.9232684940182349,-268243.3686899649,-433742.2341531075
3502080,Mlarak,2023,1365555.84,1183253.9480611295,1356076.8868994645,31209465972.0,0.959474885226389,-105721.16756696296,-215882.99957874883
3502080,Mlarak,2024,1171413.504,1171774.101787155,1171443.5854880502,51788553819.0,0.9345033692373513,-170877.98087600616,84705.39399600518
3502080,Mlarak,2025,1261628.639,942491.5672234779,1255460.9531951337,11213669006.0,0.9850510470651157,548690.2010049289,-22519.58710292168
3502090,Siman,2018,605438.5783,889061.1150426362,607870.8575955906,4921987683.0,0.993382993701039,-274266.04353184946,252626.18315603584
3502090,Siman,2019,872207.1428,598050.3836491973,869732.9197488113,5182084317.0,0.9930357609782128,11279.398700978476,-450210.2154225017
3502090,Siman,2020,1620672.297,795300.7167458421,1425690.3573156565,176000000000.0,0.807632836745169,196437.09610339138,70755.12298623007
3502090,Siman,2021,1448678.227,1442041.7098410905,1448501.2265423832,15591995929.0,0.9793349122228215,54632.20140866638,832192.352929752
3502090,Siman,2022,1435441.11,1409926.587234017,1432396.3142222082,77105919757.0,0.9055101125857181,78993.05978344067,184618.50420271908
3502090,Siman,2023,1611953.828,1151742.127037925,1512931.6644661434,156000000000.0,0.825682170482186,57733.61650448606,123427.75391576649
3502090,Siman,2024,1492340.117,1296022.1828259951,1441662.2167199436,198000000000.0,0.788668594217934,128488.58806640672,471147.0906539161
3502090,Siman,2025,1144971.623,958060.6307763036,1143566.7574479077,4309271479.0,0.9942019391943283,495057.5505583448,340995.02951450483
3502100,Jetis,2018,708242.9026,869823.5795481324,708463.6736488835,778527285.3,0.9989475031409553,92794.80561264502,-14156.630365692661
3502100,Jetis,2019,1068317.103,788449.0557044034,1056440.6581339454,25216953663.0,0.9669993049425722,204736.00417709822,-275769.3994286648
3502100,Jetis,2020,1143517.904,1024302.2679820072,1139662.9163497374,19014838967.0,0.9749122065971633,440318.32682269724,140243.62814552733
3502100,Jetis,2021,1142080.945,1214166.7190941896,1142080.945,1.04e-20,1.0,237650.32784480264,197553.81763731653
3502100,Jetis,2022,1304517.144,1273268.725927954,1304517.144,3.410000000000001e-21,1.0,165778.81170198502,10181.100429627346
3502100,Jetis,2023,934522.9747,1254434.999230155,934522.9747,9.310000000000001e-21,1.0,294807.2566622678,95742.34331086325
3502100,Jetis,2024,913969.2521,1242428.5434532557,913969.2521,9.02e-21,1.0,173038.2399916224,-268935.30869050825
3502100,Jetis,2025,1004397.686,827148.3054710818,998583.0734630974,19299640764.0,0.974546009509944,647084.3930208513,-340217.97753449634
3502110,Balong,2018,764917.8782,816636.912231646,764999.0184772857,894118985.9,0.9987914227199934,-188952.6544614973,271385.3356652622
3502110,Balong,2019,1068857.679,500062.74446123326,1061506.6166534515,7450254509.0,0.990017978634105,-76676.02189249966,-175373.95999569527
3502110,Balong,2020,905552.697,737634.7659407011,904728.8665287589,2805460015.0,0.9962176421392146,355653.17416487203,388889.1334603003
3502110,Balong,2021,1089640.207,906772.2691110173,1084629.3089746514,16031414891.0,0.9787648887798326,98789.08596010106,285561.67208307283
3502110,Balong,2022,1176756.738,1100366.9632285454,1174173.931250767,19912321544.0,0.9737591585767736,154428.2822268441,253329.2726228988
3502110,Balong,2023,1566478.214,985063.1005282864,1549118.8111795576,17512176651.0,0.9768488898422041,260832.08687268407,207291.60329349712
3502110,Balong,2024,1193272.948,1172450.364050964,1192210.6045117513,30591451511.0,0.9602454671536133,-16313.693154781336,677198.6394734415
3502110,Balong,2025,893623.5901,752150.3974394351,891783.5530843153,7498343916.0,0.9899541946110553,443532.1898488268,165978.8241548573
3502120,Kauman,2018,777118.0064,501268.47926020966,771939.443556575,10886666768.0,0.9854806446840619,-927500.960116386,211777.1900092501
3502120,Kauman,2019,888472.7832,462296.6030595379,876268.8190996957,16774789389.0,0.9778020772109762,-398710.4579298206,-132140.75208693452
3502120,Kauman,2020,823890.0516,596230.8084267385,821192.4896832157,6823233312.0,0.9908503894092543,-237549.98320872794,117207.66610846412
3502120,Kauman,2021,1098424.039,735041.6744040886,1091387.931467296,11235376121.0,0.9850225427035383,-218948.17071545342,94841.51851604285
3502120,Kauman,2022,1197571.479,852343.3880736602,1194326.5925564559,5399108742.0,0.992746215992833,-180784.20880969975,258218.80115595914
3502120,Kauman,2023,1235571.77,823691.8150901798,1204431.9132496577,46538817253.0,0.9407492916788436,-84486.38244801026,303742.04271513247
3502120,Kauman,2024,989983.1698,987564.0199029177,989969.6315775249,3202310747.0,0.9956849115374232,-27310.12831701238,372290.6350853862
3502120,Kauman,2025,1196084.781,797638.2585567719,1163930.5868073513,49950191383.0,0.9366811195255448,696338.6814054749,37737.84965278476
3502130,Jambon,2018,698775.2123,761805.988675803,700684.7866092683,17777554769.0,0.976506302074418,-343639.8642376312,274371.21269488335
3502130,Jambon,2019,781341.2187,395997.92039701995,777571.636221513,5621369692.0,0.9924498596095731,-151321.3579270724,-243216.85478771338
3502130,Jambon,2020,1006689.934,363102.72662740824,1000200.7618239337,5795759832.0,0.9922174566420379,-182395.33242045957,168779.8697685412
3502130,Jambon,2021,827342.8492,704405.568126212,824531.0446396873,13319175962.0,0.982293892165481,-226806.67483872472,543705.1061349369
3502130,Jambon,2022,619172.2849,739105.7281334053,620765.0425945044,7658487009.0,0.9897418459389395,-313818.7875203071,132798.15805642796
3502130,Jambon,2023,1133274.277,437559.7996677359,1119650.4049507263,11365429107.0,0.9848518001841222,-141635.7989914477,-163190.19978731452
3502130,Jambon,2024,931629.2862,626463.6489507362,928604.2030244302,5697123682.0,0.9923488918357958,-62939.567237813106,585092.8358908419
3502130,Jambon,2025,1061217.583,520035.8159404012,1057403.490462851,4038750612.0,0.9945639423790119,398336.9539302161,391948.7805797204
3502140,Badegan,2018,716780.893,339130.7362643898,715018.297547666,2668222486.0,0.9964020018484092,-309124.87397638534,248523.39779676704
3502140,Badegan,2019,618227.1154,280832.0750927133,612621.2920494329,9614008234.0,0.9871561667845401,-166360.25268010833,174823.1856777965
3502140,Badegan,2020,594790.3436,470952.53368177323,594133.6661161516,3033439112.0,0.9959115343896274,30838.165012908925,194089.48918123817
3502140,Badegan,2021,735627.4334,596926.704551332,733785.9982473218,7656133262.0,0.9897449663321075,-265559.8294674585,110791.63217687933
3502140,Badegan,2022,807995.4409,674253.5579101271,795108.4505695023,60675674753.0,0.9241167760821785,-361730.7599785746,41800.96502530598
3502140,Badegan,2023,899396.6351,374199.64717895596,865617.3999643761,39113467510.0,0.9497275929643701,-267640.37653387984,33693.56860455498
3502140,Badegan,2024,682552.7257,456628.61147639167,673860.2420401343,22769220867.0,0.9701068256672043,-321545.97584881086,399913.58274134534
3502140,Badegan,2025,1192541.702,625791.16253446,1158589.798058638,36260048322.0,0.9532235307287469,697778.1158650037,176733.8859828863
3502150,Sampung,2018,874196.4617,616824.4081115609,864351.3144709112,22632219692.0,0.970281345922207,-233660.5046774173,168992.34294151387
3502150,Sampung,2019,387766.4525,527747.0585619633,388092.726572499,1329399469.0,0.9982041123644436,55693.271380789214,84893.72031405987
3502150,Sampung,2020,830200.9446,652992.9449489135,828741.8500953547,4724089779.0,0.9936473529442295,328048.806487909,-210144.83869067195
3502150,Sampung,2021,894040.0799,965564.4545448361,895609.4478524986,12765367622.0,0.9830176054355222,56594.643985391864,204881.43093602522
3502150,Sampung,2022,985952.5038,1063646.8046075942,989301.354352585,25631187045.0,0.9664753832770444,18456.454104862125,-5034.17811614275
3502150,Sampung,2023,1049699.577,802595.4451074917,1047630.4094707028,4805017179.0,0.9935392301669898,261575.25202429312,-16041.185943583841
3502150,Sampung,2024,1118749.088,886236.0086750241,1111797.808882407,17535837980.0,0.9768183346775143,47762.88781462209,313242.1395055993
3502150,Sampung,2025,1041128.063,686859.9358053342,1031818.303239064,15356743814.0,0.9796403591405702,549287.8468802538,329881.1276562079
3502160,Sukorejo,2018,760551.9078,1469559.4823376185,767286.6757535773,5456876610.0,0.9926691729512642,195522.43403418778,-143895.6474546421
3502160,Sukorejo,2019,805133.6675,910342.7909237595,807835.7236934669,14999193824.0,0.9801049603446148,536011.2457577134,-705172.7297010432
3502160,Sukorejo,2020,863223.2156,667822.0428130523,861887.1781142697,3917404998.0,0.9947264092238727,663498.3916661929,-158464.04098323826
3502160,Sukorejo,2021,839235.2779,1843318.559043672,844420.9436859572,2954002754.0,0.9960181723067085,953289.1797922952,324156.7873068424
3502160,Sukorejo,2022,855410.9228,1678761.6801179168,863097.8724259255,5362535641.0,0.9927949984768577,856333.0871665914,-594198.3224131806
3502160,Sukorejo,2023,902036.2752,1476759.9550972956,910115.449320696,8113040330.0,0.989139607232534,841331.2922124255,-592111.1515809299
3502160,Sukorejo,2024,1014152.058,1670692.8646418757,1024476.7137642635,9091281839.0,0.987846015484768,1092700.0528520683,-390772.9574631774
3502160,Sukorejo,2025,1733508.359,930865.5464579329,1645192.3108148256,70350964220.0,0.913068400253064,1636279.113285636,-334672.3240541974
3502170,Ponorogo,2018,1103333.477,1793232.5750600072,1107673.658627868,3602387853.0,0.9951484262810416,-615638.3073517749,-960392.1108197606
3502170,Ponorogo,2019,1269491.83,1732053.6401815386,1277083.8227988023,9495122014.0,0.9873129777873366,-125927.44180351612,-1009446.6722216182
3502170,Ponorogo,2020,1148023.571,1946479.847183913,1161428.9081390738,9716441771.0,0.9870210968242635,476419.6943242209,-662916.3124018607
3502170,Ponorogo,2021,1491947.025,2460185.343719158,1540861.3393050344,30275736636.0,0.9606395995191551,592379.7049627557,-693125.8682685401
3502170,Ponorogo,2022,1088330.037,2725694.355875339,1277291.8307455906,74235575312.0,0.9087064693328661,655485.1864861345,-770081.4090138394
3502170,Ponorogo,2023,1224508.459,2929725.6478734496,1306080.1518119697,28587462762.0,0.9627527111478296,585453.7443605654,-1389977.3708010232
3502170,Ponorogo,2024,1112977.256,3057104.852320461,1176971.2529496807,19367692205.0,0.9744585499377674,712042.4456250267,-1590094.111747869
3502170,Ponorogo,2025,2168595.599,2367139.4015987953,2219463.0239836536,196000000000.0,0.7903557355174777,1701105.3241544524,-1783016.1649601483
3502180,Babadan,2018,1050118.357,1134681.9318517917,1053720.4473462708,25316489697.0,0.9668733600983948,-293991.05943015625,125108.05764951355
3502180,Babadan,2019,1090983.682,910891.7669526277,1086556.2109867032,14341652986.0,0.9809605216854624,-216746.46269498637,-123635.92926208558
3502180,Babadan,2020,1764840.527,973246.8656358775,1451402.9029947892,373000000000.0,0.6645433257105481,-79781.37948449812,39525.315288386075
3502180,Babadan,2021,1709511.329,1807527.4673395848,1745969.0753298467,337000000000.0,0.6867788311699587,-121358.34099225701,759078.6665677855
3502180,Babadan,2022,1688393.727,1843058.36494485,1704783.3871724776,67445612115.0,0.9163582167102742,-94348.2193955002,37046.80011767475
3502180,Babadan,2023,2119393.731,1856954.3520044643,2034727.780268479,271000000000.0,0.7316611334135495,65429.88606678853,-104058.2362340116
3502180,Babadan,2024,1642044.259,2055575.4321572722,1728768.5553586637,151000000000.0,0.8303212666683433,-79959.66924711289,346814.31315010204
3502180,Babadan,2025,1396923.411,1259594.2754190024,1393813.4723372443,13184526473.0,0.9824697532093879,540383.008046551,-286080.07563371817
3502190,Jenangan,2018,1200091.377,1462214.8404124794,1213247.2028071943,30067863157.0,0.9608992814568049,-751549.1032674803,-383157.3438380804
3502190,Jenangan,2019,1173531.035,1045035.6420561564,1171156.320033674,10714022193.0,0.9857076068397937,-768078.8396867049,-561508.3041231253
3502190,Jenangan,2020,924227.9134,1158584.05388457,926156.7555068468,4722118626.0,0.9936499867900641,-355906.56041530025,-214384.78726262506
3502190,Jenangan,2021,1224462.503,1777993.5233795408,1237246.7814524595,13452706243.0,0.9821195550445225,-545610.5252431834,-341139.4339852338
3502190,Jenangan,2022,966798.9595,1759706.4775150996,983494.2134969152,12238829353.0,0.9837066719711286,-602638.6749541073,-661546.9810851808
3502190,Jenangan,2023,1154118.494,1468991.382112071,1160527.6688469474,11822937297.0,0.9842516220073723,-471902.6136041676,-944459.8510863736
3502190,Jenangan,2024,1379880.148,1638577.83327524,1402795.5750210402,55302425661.0,0.9303688382634988,-454631.1655947764,-549180.6738753882
3502190,Jenangan,2025,1342350.914,850116.779633737,1321284.159893451,25441912771.0,0.9667147065954531,102561.58491648524,-361007.65581883094
3502200,Ngebel,2018,483906.2014,763676.6415427107,483906.2014,8.429999999999999e-23,1.0,-232168.37582465564,221513.41588065843
3502200,Ngebel,2019,569915.7448,670777.1756158668,573818.6114964242,22904714972.0,0.9699342869450002,11002.189840377381,-272547.66588267346
3502200,Ngebel,2020,958618.7907,665712.6815003065,958557.2524652699,119573572.8,0.9998382034571741,-78141.50151009917,-110812.66040672106
3502200,Ngebel,2021,1037172.359,826481.7715535291,1035712.5584123562,3970043769.0,0.994655925868873,-117160.33954884461,311055.2057917216
3502200,Ngebel,2022,724347.4329,899049.9714262978,724428.5854883536,264443133.3,0.9996422487154397,-61247.32711427839,319798.4605311343
3502200,Ngebel,2023,1291114.926,805816.4270204043,1253827.0482091364,47359456025.0,0.9397674292870267,-129612.318904496,-19766.220155249117
3502200,Ngebel,2024,1092097.663,1013236.6043458757,1091741.033921909,2584936849.0,0.9965139178991578,137883.55508644372,502071.76537863526
3502200,Ngebel,2025,1518737.96,1277944.2574284202,1518737.96,2.42e-21,1.0,941205.311652456,308520.5963295057
3503010,Panggul,2018,492413.1573,704895.1781989007,494328.84744059446,5176827379.0,0.99304277666198,181403.67337896145,38978.44722192627
3503010,Panggul,2019,643569.7334,759082.9550579197,644961.2576317168,6938249288.0,0.9906975935214347,399897.2567399125,-28558.8761606568
3503010,Panggul,2020,576288.7157,887089.6500406909,578460.8203614424,4004714909.0,0.9946095066415888,205592.40546045636,92790.48520831484
3503010,Panggul,2021,774011.3983,1166725.621576585,777427.399663109,4993016074.0,0.9932881456842082,820254.8921402644,-109606.03766669624
3503010,Panggul,2022,611621.7854,1346993.913113028,615495.3105036183,3013146329.0,0.9959387739013816,1117124.9564574566,5866.406605839962
3503010,Panggul,2023,672354.6906,1144853.574749623,678783.0455997868,7848299340.0,0.9894902740043402,1024617.293068925,-208048.8036019042
3503010,Panggul,2024,665960.5203,1346943.5115794472,677758.805548397,10032293615.0,0.9866048438015531,1279112.04163387,-40014.33297420724
3503010,Panggul,2025,787626.1578,525958.8565386543,783091.0967099497,10035845277.0,0.9866001651536773,1116798.6995066516,-126106.06362520589
3503020,Munjungan,2018,700276.4559,1712690.3524679234,706231.4447483326,3366760735.0,0.9954643215601875,-173062.4205978773,-48282.984981739995
3503020,Munjungan,2019,839700.4841,1011198.5098098777,872782.8638899857,136000000000.0,0.8445566948345314,-125172.69988606748,-932079.5015713926
3503020,Munjungan,2020,828083.2728,655938.8967120363,826149.3066964136,6465320954.0,0.9913261688306483,8124.789993733331,-302586.833919042
3503020,Munjungan,2021,1076375.241,1243649.847927454,1078404.1545470036,6986517338.0,0.9906334846442996,-176097.16466364308,181165.7987605225
3503020,Munjungan,2022,1116561.417,1186098.3282630355,1117540.6960724883,8127893658.0,0.9891199403906721,-153557.3719878219,-49112.59599795332
3503020,Munjungan,2023,883669.5053,1090085.2316054876,884803.7021146156,3143879540.0,0.9957633135497741,-109411.10300588064,7315.802618615562
3503020,Munjungan,2024,1134976.177,1121467.61878103,1134626.6566527977,15113869753.0,0.9799559022065722,94411.73406943705,-129442.52275314042
3503020,Munjungan,2025,1039057.126,624723.9698721733,1026655.4833075801,17557169633.0,0.9767907895889129,576399.609397639,128875.69279986166
3503030,Watulimo,2018,1190380.891,1064543.9531853823,1186177.0723444333,19666155926.0,0.9740751503086116,-258495.93099090044,80324.99363110827
3503030,Watulimo,2019,1051174.435,1263878.866318043,1056350.1525094248,14191219551.0,0.9811564686220701,3990.4190051489277,206329.12580709183
3503030,Watulimo,2020,1220447.665,1331044.2066046621,1222514.1818875684,10834687901.0,0.9855489661882233,176278.9723725598,-66063.88736120239
3503030,Watulimo,2021,967479.1407,1471327.460583042,971092.6237213593,4110355965.0,0.9944680965187264,103059.53588018208,38835.08099144464
3503030,Watulimo,2022,965795.5923,1395770.4035704068,970094.8928299347,5747070007.0,0.992282332728037,93268.04228002144,-321021.9194050067
3503030,Watulimo,2023,999077.0558,1213657.6546715014,1000213.4204273177,3029427949.0,0.9959169185562047,160167.84224319132,-312842.5790719796
3503030,Watulimo,2024,1044342.234,1131528.0001200868,1047479.8783431589,21242373974.0,0.9720553703024915,301387.9783254864,-93719.07402223232
3503030,Watulimo,2025,1383524.286,678161.7473019806,1366512.0173467102,14063068566.0,0.981323453330752,738486.7424912655,119810.53891802288
3503040,Kampak,2018,585634.9032,584424.5235287757,585623.6953226061,5318256942.0,0.9928540653737589,-443211.98071460123,290454.62177584076
3503040,Kampak,2019,935109.1569,576998.3770918638,926864.7335712566,13408662211.0,0.9821770520882463,-232895.5723038886,-38263.141960510635
3503040,Kampak,2020,781354.9471,646742.4013698442,780228.7487577265,4800709018.0,0.9935449854778416,-214940.1206098781,295026.9248049444
3503040,Kampak,2021,887202.9383,882221.9707561467,887201.098199135,210288603.1,0.9997154907030872,-281561.64601233904,175020.61968228978
3503040,Kampak,2022,886917.1988,794550.7230167382,886619.8262247314,1837868143.0,0.9975189255366042,-362601.6800449539,65532.28317598696
3503040,Kampak,2023,856334.3036,745444.5205335484,854399.7222701327,10103372658.0,0.9865112189486263,-245894.21093196727,94800.91808343108
3503040,Kampak,2024,1234686.868,690643.3418444025,1154370.5499331697,98552707977.0,0.8823208772348337,-164396.01250284852,138187.16540829092
3503040,Kampak,2025,1096713.668,537163.6468078813,1087322.6500266339,9712964384.0,0.9870256815379483,727427.3233204166,605357.7166352961
3503050,Dongko,2018,466267.8956,931325.3372528119,467894.1043344239,1996725382.0,0.9973050503126968,-136299.5084164487,-96457.91166394108
3503050,Dongko,2019,585793.3964,769601.9520185089,586854.9400601777,3305330760.0,0.995546711082399,-110022.49868548987,-338053.69761901785
3503050,Dongko,2020,705591.8784,763232.8955655848,706996.4802519889,14212253854.0,0.9811290657020233,52449.966190341336,-135153.57287300238
3503050,Dongko,2021,745107.5592,1086923.7545332436,745988.1012719043,1469619955.0,0.998015064304818,-122730.65721400891,89677.25764164503
3503050,Dongko,2022,548794.1532,1113674.5522727424,550117.9301724266,1336609716.0,0.9981943896187512,-204411.81012653923,-147540.4338844627
3503050,Dongko,2023,973132.6712,1212718.8220598747,977596.5459501037,10803029751.0,0.9855905825958806,92642.85196522075,-429196.9820376759
3503050,Dongko,2024,829464.0219,1413413.7636573985,833344.5289725844,3806589068.0,0.9948748244949419,-3895.2407227442745,-64459.300034592394
3503050,Dongko,2025,819285.1991,540283.3414811986,817535.7962093166,3590391349.0,0.9951645046409402,635271.0917679889,-354961.0496533194
3503060,Pule,2018,563868.6091,760133.5419852545,565509.7494917515,4798186808.0,0.993548354951708,558087.4096852293,380296.3915210896
3503060,Pule,2019,747101.837,791711.7037981265,747276.1763264404,2232504654.0,0.9969877812093678,677441.2048220488,159608.73689176107
3503060,Pule,2020,969512.3307,949988.9658168718,966964.5250184118,85402298863.0,0.8963965875043379,605473.2202633918,309021.6672840509
3503060,Pule,2021,977197.6358,1152001.3574377038,979083.2546884827,6204986016.0,0.9916725239507016,1058875.875773352,426082.2758584332
3503060,Pule,2022,572834.055,1150424.496001356,574547.5019822966,1693044179.0,0.997713987207494,1241026.772085622,426480.4935150397
3503060,Pule,2023,679099.8371,878839.2953766659,680942.9749903275,5299653273.0,0.9928788843921934,1255877.3741488927,80410.89862448943
3503060,Pule,2024,778763.3854,1016860.5173816169,780698.8742027428,4663464233.0,0.9937283669179782,1572289.8771384615,363819.49283564556
3503060,Pule,2025,805619.5742,740433.8414450348,804013.2624782257,14376084232.0,0.980915684302874,1416879.0061244352,483754.2467104676
3503070,Karangan,2018,791246.8986,676284.5118870866,790777.4496004621,2333119954.0,0.9968524527777188,51771.15873565235,399847.6368688311
3503070,Karangan,2019,899830.0828,506379.1191743594,895084.2617252894,6947337914.0,0.9906855215149185,151737.24934125436,184129.22270255187
3503070,Karangan,2020,1094818.777,666118.7532819572,1068393.0200079847,37379417911.0,0.9518490437148068,182268.44948623673,419843.71892075735
3503070,Karangan,2021,932481.7464,916603.7456894477,932464.7153725257,610996135.7,0.9991738026323007,-57887.12479061831,573899.517408152
3503070,Karangan,2022,984400.4642,902897.7197117754,981262.6440287154,22784194585.0,0.9700877550592789,-164870.93146129238,160911.1664950751
3503070,Karangan,2023,1126033.533,837403.4025506641,1106878.2983404938,40447949773.0,0.9481014041992681,-139055.14658760058,135555.0196223628
3503070,Karangan,2024,1152134.102,937110.4878392444,1146024.5842914218,16640506151.0,0.9779758593745499,-127380.49392659568,317915.0554762271
3503070,Karangan,2025,1423108.812,600426.2939549232,1396010.774941206,19381120349.0,0.9744412939690469,473861.9833145171,301924.5566939523
3503071,Suruh,2018,748366.9569,477514.7299366263,748046.5496934477,673924539.8,0.9990887875173418,-240625.64422602684,195386.7481287183
3503071,Suruh,2019,710212.3446,545441.2416121433,709129.6570310123,3763678818.0,0.9949323058931268,-108997.12869660625,208906.5854509751
3503071,Suruh,2020,821021.8193,881509.7742470156,822244.0690308962,11735020234.0,0.9843668984634113,195147.6559939059,134334.24554141436
3503071,Suruh,2021,823334.0924,782108.4470127786,823229.9464551758,1441122076.0,0.9980534799165052,-101294.59839597385,37874.26525570534
3503071,Suruh,2022,1006320.656,740591.3856513458,1001927.171871899,9566157491.0,0.9872192759561981,-149958.62758809532,76019.99581156042
3503071,Suruh,2023,717729.93,701497.2450573053,717663.817689331,2326975054.0,0.9968607166669693,100215.48889783828,290721.66857328825
3503071,Suruh,2024,742225.2491,684015.1349861886,741736.275958746,4820337494.0,0.9935187641611611,121524.91960538115,129854.96093897952
3503071,Suruh,2025,853393.0839,726467.5800287803,853073.1424906236,1437954074.0,0.998057750618193,886888.6248277975,162797.9075372821
3503080,Gandusari,2018,804664.2828,898239.6292766467,805207.0939508177,3320024229.0,0.9955270030470672,-208950.67445705924,113857.2381626329
3503080,Gandusari,2019,705849.4863,604120.1822068498,705686.072434886,915521129.0,0.9987625293224626,-155485.77659975685,-95876.45008166775
3503080,Gandusari,2020,814306.1641,593204.8754715964,809898.8511506255,11573225115.0,0.9845791140803538,-170501.46829581028,34183.00332670892
3503080,Gandusari,2021,1001353.552,1305755.2001942846,1002420.5039034607,2001474690.0,0.997298657560169,-58634.78421373092,221565.1172057757
3503080,Gandusari,2022,1202332.74,1260153.6933816143,1203823.6696305766,15060679292.0,0.980025034626911,-267389.78670945903,-152524.6291886858
3503080,Gandusari,2023,1172222.098,1224046.046525978,1174312.7862664068,23920469555.0,0.9686427731490991,-180708.31443416723,-33779.5380815228
3503080,Gandusari,2024,1325248.336,1316029.0559646166,1325062.595031107,11699764729.0,0.9844131329079828,-289318.18981186894,-3612.9904022191186
3503080,Gandusari,2025,1308287.935,755261.0388272669,1286109.7236963562,23772952364.0,0.9688301250982804,692306.4139738228,50694.64838130982
3503090,Durenan,2018,785847.7483,929694.7950653153,788584.9558757402,11037679653.0,0.9852822056759126,-495014.9546040821,2015.7373976745657
3503090,Durenan,2019,855895.2506,740808.0011763866,853324.5430727616,13000607363.0,0.9827100653735552,-183335.63134215417,-258229.8189171803
3503090,Durenan,2020,984259.2725,666808.1144231353,980253.2122486887,7272493534.0,0.9902538256245063,-318022.6751471063,7486.552379096043
3503090,Durenan,2021,1005536.225,1435294.4704132576,1008020.7933047392,3308812452.0,0.9955420410929324,177084.4124509925,231061.35453493765
3503090,Durenan,2022,1066430.411,1445009.2595774352,1098764.9239701296,53138708576.0,0.93291039533971,240280.1741401104,-236170.48366382706
3503090,Durenan,2023,1227508.403,1281942.8915990824,1228723.9772639838,12996991501.0,0.9827147911051222,88268.2329571741,-236392.1362621202
3503090,Durenan,2024,1098479.975,1235481.4855293315,1105378.9051600695,30173326159.0,0.9607675162907254,211924.95673308012,13191.084633750143
3503090,Durenan,2025,983407.1184,801565.2081757479,980964.5995867276,7747191675.0,0.9896242633449766,700732.1121764537,9012.25723001035
3503100,Pogalan,2018,741291.0706,1013877.3457940809,751090.7255676903,21219487217.0,0.9720846376690557,71267.30576990226,-158070.6358960037
3503100,Pogalan,2019,781149.2959,849201.589020614,782650.313883298,12833847173.0,0.9829280590135027,62421.150853021565,-257921.23055380117
3503100,Pogalan,2020,838987.9785,930218.4671262363,840069.0600026635,6823746911.0,0.990849707000886,180250.07058198954,-116845.75006851135
3503100,Pogalan,2021,783648.741,1345080.607054853,784317.0563514268,678155064.0,0.9990830726760462,134029.8934298865,-46494.937572798925
3503100,Pogalan,2022,771588.9447,1220607.2743054396,790397.2059070703,24876852229.0,0.9674298894808641,-130738.7833714862,-465510.7203463082
3503100,Pogalan,2023,1057941.701,1151460.0877948364,1065370.4333729642,49101085939.0,0.9376904123179397,43330.34946293966,-492510.5406709447
3503100,Pogalan,2024,846273.0926,1121590.1721467662,865132.5749359427,41844804951.0,0.9464051631169507,-64491.22473219327,-101924.89263496897
3503100,Pogalan,2025,840484.9295,588926.2551463975,831842.4213466593,20244671245.0,0.9733328613193503,494805.41813764966,-229546.3333249056
3503110,Trenggalek,2018,1137217.205,979595.886708806,1116537.3076940868,85929225359.0,0.8958239534031559,-62729.16954876993,-111127.11194870519
3503110,Trenggalek,2019,1047188.242,1138411.5102385744,1052662.2885521753,36325002142.0,0.9531436646940873,-27387.950479376625,187950.57082281413
3503110,Trenggalek,2020,1019260.507,1364039.699315097,1031282.1495934548,20557166028.0,0.9729323718363544,85161.38159206917,-12224.576715776813
3503110,Trenggalek,2021,1286614.708,1740485.2143827826,1296733.5969820204,12975384349.0,0.9827430314045722,-50197.207836522204,-241078.92574325297
3503110,Trenggalek,2022,1163304.965,1693803.9071465726,1184172.475358777,23299241410.0,0.9694322447856186,-214614.6726542239,-391449.5923556038
3503110,Trenggalek,2023,1364302.432,1474802.8908979853,1375772.3674148878,65905133894.0,0.918112181599826,-157866.34414379642,-524175.1705592496
3503110,Trenggalek,2024,1309342.911,1430457.5573720618,1313943.5108339998,22467953833.0,0.9704906803525684,-299075.62495110335,-141821.38230490615
3503110,Trenggalek,2025,1466966.105,1425309.4996343143,1460166.4743715727,111000000000.0,0.8693990215661238,601654.7015347176,-111546.65004383842
3503120,Tugu,2018,850049.3066,986885.6103903726,851103.9235634999,4419579007.0,0.9940544044811643,162949.49740349734,-211316.92259251347
3503120,Tugu,2019,752745.3117,1030821.8622780461,755591.3652166559,5884016159.0,0.9920998823382771,256018.12545379702,-85766.97682537232
3503120,Tugu,2020,712122.8224,1253800.289472733,717462.141929216,5664669457.0,0.9923921455349068,405481.2376914043,-190269.6270147888
3503120,Tugu,2021,1210445.379,1312735.736235407,1213075.7824740356,15018585700.0,0.9800797511985906,13523.129127706623,-379615.273327698
3503120,Tugu,2022,877568.3103,1524387.5580193398,902327.024369239,22647631224.0,0.970261710660584,-40398.802101795976,-51112.10509858653
3503120,Tugu,2023,1087514.406,1365140.7520920867,1092359.6748642328,10107203035.0,0.9865061741055481,142828.8791845264,-531318.8657615737
3503120,Tugu,2024,832523.1772,1585819.7017935668,837494.3609772711,3780042785.0,0.9949103843866381,178210.581804883,-233707.80743059283
3503120,Tugu,2025,1122330.896,980793.6200647335,1110032.510739488,54147975168.0,0.9317231594256653,787676.2987138393,-608577.3473268948
3503130,Bendungan,2018,465279.2921,808242.6128264322,465999.85211168847,1198017702.0,0.9983813088890783,200578.83635431295,-73448.43203333078
3503130,Bendungan,2019,543649.3907,856663.9006505364,548127.2040798502,8258221236.0,0.9889474111208706,235621.18715776122,-253635.16357040178
3503130,Bendungan,2020,693262.6192,867876.3374266934,698628.6651683867,18040934651.0,0.9761665314194399,252129.36027419457,-250752.89646352944
3503130,Bendungan,2021,902132.9898,1103801.3691110744,902396.1033270279,743360883.4,0.9989949970830992,158683.34148439523,-92655.3106403792
3503130,Bendungan,2022,775519.0476,1144409.9344879065,778923.1951075947,5299856309.0,0.9928786135166571,167.88924329925794,-83362.2510650492
3503130,Bendungan,2023,1100775.304,1075645.3377502265,1099671.8792561034,26132370488.0,0.9658422458103163,205533.1807159545,-278479.68998213846
3503130,Bendungan,2024,1210534.249,1230744.7870857192,1211915.346368753,41736326992.0,0.9465366735949857,163089.6486378869,115119.53323444957
3503130,Bendungan,2025,768710.7307,1041715.935226247,779019.7934191484,22330211496.0,0.9706662838113232,752214.8686270165,151342.02519743075
3504010,Besuki,2018,1005977.296,569511.5156255462,1001072.4201043898,6467155114.0,0.9913237294835815,25250.059075252357,417983.1196794996
3504010,Besuki,2019,1194517.151,731753.2450907739,1182964.018673641,14569600243.0,0.9806637582905854,87691.60765849281,522387.3298099165
3504010,Besuki,2020,1534962.805,1182484.5058351187,1529110.8738500888,9606494982.0,0.9871660752943878,189917.2560539609,563024.8240287949
3504010,Besuki,2021,1331047.376,967207.3314622657,1325706.5257116717,8477144172.0,0.988657733640434,-93767.31696618273,547324.5266151102
3504010,Besuki,2022,1533478.902,1200149.2056206611,1525431.0362116026,14078236894.0,0.9813036855632524,-201143.75076888016,486288.72799390065
3504010,Besuki,2023,1185171.722,1249192.9644407004,1185262.253205293,805779316.6,0.9989107010482394,106385.98925377551,435523.01512151817
3504010,Besuki,2024,1046332.385,1377950.356992777,1066698.997790491,37233588873.0,0.9520278842917648,88602.60973453699,79145.26701516379
3504010,Besuki,2025,1708954.646,923441.0383632681,1693532.5607591327,11395361466.0,0.9848125113003342,521473.8759474577,-242607.7593918899
3504020,Bandung,2018,1790873.119,1242687.1296244848,1790873.119,8.06e-20,1.0,51402.79871795054,550839.0246014585
3504020,Bandung,2019,1236328.263,1051028.7175962476,1214865.7945789527,74540933461.0,0.9083653565443665,221933.83851995307,714460.7762793659
3504020,Bandung,2020,1494126.023,1034269.2969572162,1437733.3712782722,79532566227.0,0.9028253378114314,501367.483805332,371978.6722050987
3504020,Bandung,2021,2008225.396,1422258.4932319713,1997968.8754060382,10137324389.0,0.9864665042201587,159571.30967213088,704309.9609607488
3504020,Bandung,2022,1572192.56,1576119.290796846,1572319.6672494444,19035184884.0,0.9748860367653617,154783.96896310512,859006.187462528
3504020,Bandung,2023,1524164.487,1320477.0187681525,1510099.3354060433,42206789485.0,0.9459665847392605,196642.2282173345,312458.98386267526
3504020,Bandung,2024,1413507.107,1362870.553039424,1413372.5707916815,1515855495.0,0.9979527443237893,176686.66610801683,403856.3215775739
3504020,Bandung,2025,1319326.381,951059.0916018691,1307460.8229209555,18944175716.0,0.9750031077574934,850289.8990278266,268235.8531257212
3504030,Pakel,2018,910486.0629,342348.8569713162,900685.1367408141,9988461907.0,0.9866625875008496,83930.65194042616,297712.0332298407
3504030,Pakel,2019,771275.4328,281012.2808852977,768272.6879050181,3506587357.0,0.9952768377517709,143351.0343109141,629600.3412106431
3504030,Pakel,2020,1075977.602,438839.0273993602,1065139.2428679094,9847099477.0,0.9868488638051532,249911.30182679315,565448.8143504921
3504030,Pakel,2021,926601.6112,1333241.2128291167,926849.8149109015,347529049.6,0.9995298989652783,200569.96337144985,788682.4205236544
3504030,Pakel,2022,696662.0047,1157619.7249588142,703606.1055935003,8703110354.0,0.9883589145055669,11531.065858542883,-125243.44714113127
3504030,Pakel,2023,1029699.251,980098.0750873351,1029110.2571379987,6838078466.0,0.9908306653392396,97550.21090540696,-392009.15050340386
3504030,Pakel,2024,795185.0288,932797.3027504266,796638.2395028286,6073085311.0,0.9918480998363096,-28046.162984453367,55036.35472336656
3504030,Pakel,2025,1006789.476,256640.26603363443,990880.5742172712,12329041856.0,0.9835885447149116,533659.505224989,-97645.28702687705
3504040,Campur Darat,2018,1024005.618,901326.9619085119,1021115.6570614994,13727880421.0,0.9817604827573014,132359.1851327879,317578.50136179884
3504040,Campur Darat,2019,835594.1678,507495.65984668164,827955.5967114975,13563311341.0,0.9819751958913079,211014.68944118192,220165.452485078
3504040,Campur Darat,2020,798417.3392,495742.2259897296,795268.8046424411,5981366962.0,0.9919702247684227,487988.8041413346,369062.71007241943
3504040,Campur Darat,2021,1116970.125,989229.4675889965,1113371.4583531525,16494921848.0,0.9781643365720474,188628.56649383824,495975.0989226188
3504040,Campur Darat,2022,1203114.848,957443.5794588473,1190670.3962736826,30361598401.0,0.9605323793196424,-88001.94212012802,307795.6820051044
3504040,Campur Darat,2023,1037933.802,925332.6506489285,1036830.0328996547,5633015028.0,0.9924343369302784,175112.71701497084,335228.6040990681
3504040,Campur Darat,2024,846513.6617,924457.4090117522,849149.8121330733,19918597218.0,0.973751105456243,209551.50163537383,251053.47126529238
3504040,Campur Darat,2025,919338.4289,734307.2154324071,918349.3997783198,3057870219.0,0.9958787418784876,767554.2471780849,59015.91193756659
3504050,Tanggung Gunung,2018,640755.4727,319814.3966649041,624999.7732442196,29376585605.0,0.9617638572662137,-105390.84288288112,577756.9852243873
3504050,Tanggung Gunung,2019,800353.0213,238050.75634108877,800301.5710018829,52069709.07,0.999929537369325,-85995.32542752252,314684.267946619
3504050,Tanggung Gunung,2020,1040068.206,593187.2312768814,1018760.2041540989,28490235266.0,0.962874688141791,-50188.941240511514,479086.6111124143
3504050,Tanggung Gunung,2021,1048911.15,630002.1633687862,1035248.2041847507,19184607327.0,0.9746938859510521,-100416.82749939832,466172.13864474604
3504050,Tanggung Gunung,2022,1327137.915,679549.5525946019,1320668.918246566,5741500233.0,0.9922897546373673,-215819.84484580636,425738.11924757634
3504050,Tanggung Gunung,2023,887754.0688,462830.6303418862,884947.6188880196,3783134775.0,0.9949062424017981,8464.71716102168,659112.496075489
3504050,Tanggung Gunung,2024,912500.2783,467477.1123392382,876656.2005753743,49846116604.0,0.9368047116036786,110731.21176931719,486445.6306473292
3504050,Tanggung Gunung,2025,1601516.291,629254.0899934227,1508638.4679363007,60098084544.0,0.9247847994651611,486378.9982596132,537820.5848636287
3504060,Kalidawir,2018,676544.8453,989743.2912959538,678666.3982570352,3880730404.0,0.9947755224381675,-177084.5530586961,73884.63524693204
3504060,Kalidawir,2019,818527.4276,533950.3776298331,811932.2441577524,13500124140.0,0.9820576611315364,-142105.66095467372,-284928.5563336265
3504060,Kalidawir,2020,905639.793,618812.8575019601,904142.2764759443,2986430554.0,0.9959746374286904,42628.843171325396,208102.0477578151
3504060,Kalidawir,2021,1054127.796,962854.7127492083,1051973.381654676,13755864525.0,0.9817239812618281,59831.31260096983,399149.6789890657
3504060,Kalidawir,2022,654925.8032,1192032.8869051586,660071.6324130452,5504307851.0,0.9926059244570288,119670.43346544338,260763.05269910977
3504060,Kalidawir,2023,867540.2836,967227.0108578252,867915.7566901417,2151333299.0,0.9970969841514125,44477.11439044133,-325479.21257029613
3504060,Kalidawir,2024,845639.889,1085417.2665292714,847142.7132076409,3588871156.0,0.995166542122453,-70731.47417050699,-53345.237754148664
3504060,Kalidawir,2025,992768.9433,775931.662223533,990308.538231201,6530644212.0,0.9912392993501034,724792.4417089743,-155327.88503425522
3504070,Pucang Laban,2018,508884.3921,298289.92881093593,507901.58111130114,2667976078.0,0.9964023329249704,-192033.15912817043,339277.6735290169
3504070,Pucang Laban,2019,777340.933,447495.375959544,775163.3807364069,3781480800.0,0.994908458038366,6016.965877663119,104974.7646039623
3504070,Pucang Laban,2020,1196558.372,1111847.7729541264,1196558.372,2.9900000000000004e-21,1.0,330651.9926226099,234647.49593796115
3504070,Pucang Laban,2021,1193491.634,520811.5949940834,1166140.3434166133,24117048670.0,0.9683932234419312,-58366.06692323141,182009.3376531729
3504070,Pucang Laban,2022,862868.2393,701991.0990415679,862011.4115647031,3046812655.0,0.9958935835618736,-45970.873195990935,640817.3720301986
3504070,Pucang Laban,2023,806383.1471,430950.61036494316,805870.401529225,778199415.1,0.9989479459248075,20595.225459433917,256145.81697184383
3504070,Pucang Laban,2024,908621.1548,376619.87861173594,895544.6501287506,14338859836.0,0.9809641591874038,-43801.8879161119,368940.63803814485
3504070,Pucang Laban,2025,818342.3107,765207.7788325185,818318.10543993,259333206.6,0.9996491592426756,671942.7951261931,544519.0622887686
3504080,Rejotangan,2018,751978.6742,930725.8812289481,753230.8849875837,4014381804.0,0.9945965649553329,226187.9432470053,223418.04788839768
3504080,Rejotangan,2019,914296.4326,712523.9613694511,909980.6976639165,12436843171.0,0.9834474232837392,273473.3303598023,-122.59583015786484
3504080,Rejotangan,2020,1189975.369,798569.4393407479,1169853.5584223894,30838129776.0,0.9599377437526269,374573.0176485163,322937.06273226975
3504080,Rejotangan,2021,1049115.865,1371424.2922221154,1051627.2615731838,4468566438.0,0.9939888985450402,424455.2775835936,633879.2645692151
3504080,Rejotangan,2022,1142923.567,1260475.3035326318,1147333.0920848195,22176576525.0,0.9708622232840014,231399.29195240096,39325.975075231516
3504080,Rejotangan,2023,988262.7976,1295410.0707163326,989141.3830883034,1632333062.0,0.9977957809824154,377606.1130218257,91259.78618245828
3504080,Rejotangan,2024,1078345.28,1253854.4039342622,1079711.3804329198,4463791465.0,0.9939952832536658,363100.73279651755,-56117.03578228899
3504080,Rejotangan,2025,835249.0199,456213.52375227987,832637.5089491789,3947679733.0,0.9946858701099409,636650.1709009453,69113.2488328619
3504090,Ngunut,2018,863006.14,1134045.3983246165,865649.3641689224,5603833864.0,0.9924732349508333,5940.63347049279,41.50455863231036
3504090,Ngunut,2019,867472.1455,903449.4644347113,867606.0294837446,2125427782.0,0.9971318408744736,99760.97116138044,-215395.99858200212
3504090,Ngunut,2020,892915.9143,856277.7251299955,892337.5175008698,9127041140.0,0.987798792757098,331306.91034586786,-41541.641922052135
3504090,Ngunut,2021,1140748.566,1473406.4169408004,1143250.0281721682,4311233876.0,0.9941993141342876,212872.45485061087,160971.2858600641
3504090,Ngunut,2022,964861.1471,1418305.4123127924,975153.7514349577,13216006566.0,0.9824286325082021,163230.8936227807,-156572.1397475123
3504090,Ngunut,2023,1227058.218,1383611.7120787457,1229577.5085266281,9306544005.0,0.9875618145172892,268746.07767891703,-332733.5418442562
3504090,Ngunut,2024,1133353.556,1388951.419571279,1135146.7448769114,4020256552.0,0.9945887002216226,156559.6617280086,-52175.55672442564
3504090,Ngunut,2025,1167206.446,720450.543778151,1146374.747250036,27830417125.0,0.9637032819139415,663683.4701722503,-99460.59988823393
3504100,Sumbergempol,2018,1128636.788,1113758.3824130425,1128607.6664305516,1115929123.0,0.9984920549015295,211.02871202297683,208661.97415354228
3504100,Sumbergempol,2019,944905.7526,747869.5223855507,942640.6775675977,6617368227.0,0.991123993807826,67053.26755323118,69690.79795267317
3504100,Sumbergempol,2020,1194921.031,469783.29998456355,1107644.966496906,77856701510.0,0.904677764021985,89528.9569167499,198061.34950417024
3504100,Sumbergempol,2021,912166.2962,1594530.3867809079,913873.3118163992,1427041096.0,0.9980724624018308,132093.78301606022,785252.0997636347
3504100,Sumbergempol,2022,1341178.551,1445597.9250048143,1344135.675250727,16584120092.0,0.9780488496037515,376569.6826027326,-402329.4266691373
3504100,Sumbergempol,2023,982490.2892,1433180.993657584,986755.2457288221,5436166163.0,0.9926967923952227,255492.80986215407,53642.322862463305
3504100,Sumbergempol,2024,1010890.306,1268801.8136564728,1021507.6087298167,24430233069.0,0.9679959132643906,69036.23093557602,-275949.9277693727
3504100,Sumbergempol,2025,1728821.919,498234.9889212861,1592540.679290381,70863853808.0,0.9124900916439455,454901.78337597003,-188868.9002490876
3504110,Boyolangu,2018,877081.1316,442151.91036610503,868765.3898111575,11091589071.0,0.9852113851725286,-520107.04344985954,509860.02251902025
3504110,Boyolangu,2019,948139.84,317084.13022081065,939591.2168496364,7814104622.0,0.9895355852788066,-372924.6265302519,384612.7000821523
3504110,Boyolangu,2020,1088487.205,316629.0391340324,1067190.4425477318,16145619303.0,0.9786168490590959,-165658.73490163614,549605.8908419195
3504110,Boyolangu,2021,976369.0438,808885.2567977388,975936.6233018959,1472935024.0,0.9980105957290532,-352408.53491837106,828394.1841400408
3504110,Boyolangu,2022,1236741.005,931065.0162478437,1224902.5528780275,22925298366.0,0.9699080813405369,-323172.1185609251,256205.8451035904
3504110,Boyolangu,2023,1009532.505,1045114.2410812005,1010598.0723597051,17566517575.0,0.9767787192890636,-225561.6620569546,366464.27182823373
3504110,Boyolangu,2024,1581884.14,1054315.8911218173,1513421.9696989118,84852563727.0,0.8969947895793164,-444158.1371512666,53354.23838186567
3504110,Boyolangu,2025,1212188.94,391365.1838030907,1170898.9232899556,30139600449.0,0.9608096491636031,389613.55677447654,501370.1553267706
3504120,Tulungagung,2018,1281921.943,1878278.5980602682,1316753.170884963,35296098825.0,0.954410360646426,-31151.69870542876,-374144.5728466457
3504120,Tulungagung,2019,1302146.318,1909907.3134027193,1309593.7699058068,7059223218.0,0.9905369334796036,92929.9203502535,-609330.6258746278
3504120,Tulungagung,2020,1220383.244,1902629.7375730684,1227926.9406291991,6362078938.0,0.9914634952449282,295591.79517222487,-643661.3796095022
3504120,Tulungagung,2021,1299690.053,1608554.5485928329,1302499.8426281768,5223987058.0,0.9929798429230277,-142337.9941727875,-627245.7619384723
3504120,Tulungagung,2022,2017838.283,2010342.5079996646,2017786.1617329384,3984337799.0,0.9946367878760908,43715.22468032985,-384512.79914414254
3504120,Tulungagung,2023,1851210.731,2143262.137510622,1905524.907735144,130000000000.0,0.8503884829135934,15411.163446744817,106710.35833739792
3504120,Tulungagung,2024,1401306.042,2199314.2143838597,1401620.0584339043,223997574.6,0.9996969488145312,15491.49645691806,-117575.15599207417
3504120,Tulungagung,2025,1218294.487,1631294.0333100639,1256165.409974291,57445106034.0,0.9278656015111652,824825.6642329523,-642297.4873444177
3504130,Kedungwaru,2018,1149961.009,1363562.5802364107,1161988.4420613092,33952009664.0,0.9560701665132406,-120706.7418076005,111987.82759647294
3504130,Kedungwaru,2019,795407.8656,1222627.1260859133,796517.0683261994,1481209511.0,0.9979994422377388,94248.78203421069,-180041.4485082943
3504130,Kedungwaru,2020,901816.4476,1182881.9501193343,903064.981143912,2538946303.0,0.9965757290094773,389028.96637825127,-423759.33719196974
3504130,Kedungwaru,2021,1413111.718,1209203.7752787308,1410272.3498308246,8035351128.0,0.9892424858969726,96265.61743364173,-215440.39724651945
3504130,Kedungwaru,2022,1943231.113,1403246.7254723576,1913743.7328648719,32867777396.0,0.9574132897140446,-102982.83995168503,267133.20316662686
3504130,Kedungwaru,2023,1842200.406,1657055.8210410671,1756723.7093629078,488000000000.0,0.602255103654841,49367.13695327446,673070.7360851862
3504130,Kedungwaru,2024,1374356.817,1704570.1144845472,1409448.4334535617,67659628197.0,0.9161150713312692,-50277.42819830747,441892.19974431116
3504130,Kedungwaru,2025,1104675.352,962784.4073857231,1102250.3388444313,9894032127.0,0.9867870118472475,631308.7889806627,-126146.56977640488
3504140,Ngantru,2018,1133319.67,993322.6423487857,1129331.4247650544,16685616256.0,0.9779174734067365,14118.55473835551,407984.8649505179
3504140,Ngantru,2019,956222.0037,785721.0279993825,944707.8708800098,41209505063.0,0.9471758727925804,152848.5030832844,171093.49186215433
3504140,Ngantru,2020,1073521.386,727597.2837395613,1072907.1880122195,1012107640.0,0.99863215604909,291437.6929078147,156899.69468598964
3504140,Ngantru,2021,1632294.068,1290392.7188087932,1597037.3015771606,65423613965.0,0.91866181103574,84988.11048255698,413363.6229626804
3504140,Ngantru,2022,1334672.027,1336013.338586013,1334752.6808185857,36404500706.0,0.9530459329190568,14594.740025994906,442565.0697619496
3504140,Ngantru,2023,1951405.14,1275799.3261077453,1802405.6993944393,161000000000.0,0.8210946245596863,97576.63112511898,120850.92197221541
3504140,Ngantru,2024,1932957.218,1473018.5023563858,1864576.356145838,99372445988.0,0.8814580822775838,19298.530699215982,725407.2677372661
3504140,Ngantru,2025,1314114.169,1081797.2232103301,1310333.6767137174,9412830140.0,0.9874215500038475,634289.4246168941,626390.1734740301
3504150,Karangrejo,2018,989463.7331,1149145.018739872,994126.5014104447,17115421795.0,0.9773615259371846,-7688.11082061335,-164936.61907375275
3504150,Karangrejo,2019,809336.9599,896534.5930342524,810154.228743808,5383655488.0,0.992766827499788,87199.50270421215,-244175.21209224092
3504150,Karangrejo,2020,1203445.897,953000.6756302459,1191641.503579634,28146621774.0,0.9633060170399897,353970.76984649844,-185611.90172998386
3504150,Karangrejo,2021,1374453.18,1731481.2433751144,1377386.1986661784,4713270083.0,0.9936618103457279,60323.38084867417,282595.3692215467
3504150,Karangrejo,2022,1163097.068,1645142.1045297119,1241187.511099112,110000000000.0,0.8704231487271622,33964.881492028144,-236451.24881490972
3504150,Karangrejo,2023,1036386.241,1417794.011873806,1049069.6722387774,19573221070.0,0.9741944999373972,217360.48790515625,-451830.87648714683
3504150,Karangrejo,2024,1111199.847,1456003.8403570335,1116780.9331089084,9361833227.0,0.9874888450340049,185027.74782722114,-383856.9526560415
3504150,Karangrejo,2025,1069783.559,1078621.3079555514,1069794.7565724116,721871963.6,0.9990240211411384,760562.2701125642,-326850.01517175697
3504160,Kauman,2018,689175.4265,451249.27987749793,687121.8582810323,4954034527.0,0.9933401975903388,-15725.811659281302,487795.0735335412
3504160,Kauman,2019,721185.349,339943.3950616484,719705.1581404825,2217858487.0,0.9970074834917992,75668.56823974769,189082.8258128118
3504160,Kauman,2020,731175.2935,520112.1396776568,729087.4396820001,5685026320.0,0.9923650142774985,290457.46140685346,293329.4326045122
3504160,Kauman,2021,1006017.652,751921.9333868998,998418.1976263109,17542820479.0,0.9768093181609812,66028.98688915774,279779.00400839286
3504160,Kauman,2022,1343157.14,810980.5873732369,1244185.7579442917,130000000000.0,0.8503884829135934,95180.02502131632,287018.80718729843
3504160,Kauman,2023,1519548.843,782341.1978911373,1517444.6563656267,1628782673.0,0.9978005647013253,117000.2506119007,596309.5209084919
3504160,Kauman,2024,1173634.765,935041.3353536204,1159213.823401056,36604851983.0,0.9527997194129777,123608.73393463835,829024.9506202494
3504160,Kauman,2025,1270193.087,568945.1762885314,1232887.9913389606,31971633912.0,0.9585262644983951,703357.0747077789,419922.1115496678
3504170,Gondang,2018,775624.5828,536124.6778787659,772034.7447092797,8658760689.0,0.9884175485402374,-527795.830834896,288477.28059626906
3504170,Gondang,2019,615772.4113,387041.98833589174,614433.6106892622,3350185006.0,0.9954865514873065,-172287.49745906523,106296.18671198818
3504170,Gondang,2020,689542.1659,363615.17689067934,669722.8630175556,36841855016.0,0.9525086284333801,110643.99443034093,139321.30678646348
3504170,Gondang,2021,864657.0856,809390.0462930138,864168.0655633383,5079812453.0,0.9931722664148092,-54927.80677920873,355594.5833631015
3504170,Gondang,2022,832109.1368,699434.2689229412,828941.8944057843,13915964437.0,0.9815152046575816,-301186.5338970996,128149.94054832554
3504170,Gondang,2023,1002317.538,579919.2817400333,975953.0329511709,37880418825.0,0.9512351420839166,-374300.52636337414,113077.41374402645
3504170,Gondang,2024,1118638.573,560226.5358556762,1075204.5050480925,47992039366.0,0.9390119656401033,-366612.36826589145,336931.27929672785
3504170,Gondang,2025,905188.046,532796.8473474728,903305.5634874668,2891078409.0,0.9961026601784532,254825.83380104206,524101.4548151613
3504180,Pager Wojo,2018,954499.6316,523568.1519662285,925682.0679436586,40778900048.0,0.9476989724369327,-491874.04960106354,269515.5972713362
3504180,Pager Wojo,2019,994710.9488,501557.90148745873,994710.9488,8.37e-21,1.0,-508684.38029028475,316117.15030594566
3504180,Pager Wojo,2020,1036305.175,440297.62243670004,1027134.4363129431,8892304323.0,0.9881088620804003,-486729.7004718796,383897.52127995354
3504180,Pager Wojo,2021,969745.0992,867921.5558003004,968000.672117076,9918287836.0,0.9867550485877921,-912980.9908833681,523573.2479439061
3504180,Pager Wojo,2022,1528615.303,813238.296715936,1501281.4784327568,22605392712.0,0.9703155270787446,-804449.5845215196,-14948.248009113595
3504180,Pager Wojo,2023,787233.7662,772061.0289889094,787081.2383255225,5778306597.0,0.992240710988918,-740120.8509840318,547113.0341931968
3504180,Pager Wojo,2024,798717.8765,666069.7321822031,797793.6795315513,3992336616.0,0.994626078740289,-776114.0097108122,-58419.19321770372
3504180,Pager Wojo,2025,901939.7367,630269.2954034213,897158.1068067166,10194664532.0,0.9863909959503684,483822.6064112977,-45998.76275171456
3504190,Sendang,2018,552603.8792,452770.0967172069,551739.4227040077,4970154378.0,0.9933186721552917,91245.30099398585,331904.6482899052
3504190,Sendang,2019,821598.913,665889.6563028991,819318.0754999795,8458938808.0,0.9886818163964654,225845.7524115026,240450.90403224586
3504190,Sendang,2020,737739.7281,853272.9081852493,738113.8288644117,1848492788.0,0.9975046183318705,95122.42700320651,352649.35476710345
3504190,Sendang,2021,941805.331,606226.3813585963,941303.67775297,851894813.1,0.9988484312510834,103381.27240579287,108127.40477879345
3504190,Sendang,2022,921481.9746,901750.1703822145,920619.3225413815,26014209021.0,0.9659914426608669,-56739.21106515564,501871.435012477
3504190,Sendang,2023,1477533.36,1038618.8164112808,1457736.3912276288,26877580704.0,0.964902365237044,137528.03032630993,254571.94824933226
3504190,Sendang,2024,894517.5461,1323214.0873746183,905558.8799533322,15042879964.0,0.9800481708521245,100349.56749687358,660646.7466043853
3504190,Sendang,2025,901668.5511,747220.410032032,900817.3929038985,3153224916.0,0.9957507732517388,1108755.8056271055,-99638.64403538778
3505010,Bakung,2018,359263.9602,572552.4885829763,359263.9602,1.4100000000000001e-22,1.0,127881.60629233894,233782.44047115353
3505010,Bakung,2019,808780.5437,397149.02417137846,807392.2951093303,1925542568.0,0.9974008749580067,309751.7469631613,-246266.55612794997
3505010,Bakung,2020,557247.6342,722986.9389043135,559719.7940012979,8615988112.0,0.9884741041208193,292196.66013340815,332454.65447764785
3505010,Bakung,2021,799352.2522,686143.1381824045,799139.8424602207,1069635970.0,0.9985545200046706,238654.32315253897,-86807.44326120615
3505010,Bakung,2022,890869.6528,732188.8431031756,890424.356442391,1601299365.0,0.9978375966800584,-31090.90400314977,116716.94133820722
3505010,Bakung,2023,878444.797,690631.6577847216,878049.6599161992,1199675626.0,0.9983790724306292,277167.87193104776,156541.39457925782
3505010,Bakung,2024,811666.136,567159.0744114558,810585.9098245711,2525070990.0,0.996594378880501,21886.419530246145,247877.69166727178
3505010,Bakung,2025,1507730.563,826752.7398450888,1375589.8398772962,137000000000.0,0.8435924977311482,1192830.6384707415,256553.59060991986
3505020,Wonotirto,2018,581360.7025,307022.13832989294,580997.4818466413,754373465.7,0.9989801235675327,-130092.35944424654,262860.99358608644
3505020,Wonotirto,2019,403055.8479,201727.89143152238,402535.85934763245,1473466242.0,0.998009879672902,201043.30792316154,170229.41448633815
3505020,Wonotirto,2020,580440.8878,486519.0658790211,580017.6101515413,2576011726.0,0.996525912629241,95525.79635919031,176569.62520069873
3505020,Wonotirto,2021,884980.9194,886263.1533939402,885001.9319200182,9480126503.0,0.9873327604145684,239299.00478875806,98156.4805009354
3505020,Wonotirto,2022,768764.2586,885419.3527423051,769790.393225582,5049694142.0,0.993212473414536,-950.731963559665,90706.96648545726
3505020,Wonotirto,2023,850402.8111,619018.0370332351,849404.6763609702,2465240139.0,0.9966748057932385,165800.40503571383,-71942.79429808084
3505020,Wonotirto,2024,746123.452,471997.996953217,741457.6751262338,9852751477.0,0.986841414693729,-9933.774834050942,252420.4531518044
3505020,Wonotirto,2025,1403541.698,600645.9024312512,1398718.3851862056,3438986263.0,0.9953674705460243,589273.60272543,309949.08703124337
3505030,Panggungrejo,2018,443194.3593,827196.3344651404,443939.458628245,1106245624.0,0.9985051205667647,61998.057380791,224617.96594424907
3505030,Panggungrejo,2019,757427.3086,293240.8924251542,756428.780276869,1226677905.0,0.998342649086384,136388.3921938265,-385276.85822461464
3505030,Panggungrejo,2020,1038600.943,443650.45280826814,948164.0385800541,102000000000.0,0.8787038526124593,36992.5424952102,336640.5438406525
3505030,Panggungrejo,2021,1210337.589,933230.4292677492,1205205.0932822214,10738101278.0,0.9856759456995989,36270.7639988888,635874.1106052774
3505030,Panggungrejo,2022,839836.7237,969191.586377304,841734.0706603504,8470492368.0,0.9886665327666987,-181272.32279239717,428409.9543999793
3505030,Panggungrejo,2023,923882.0186,806755.8250759719,921118.2076099905,13751576650.0,0.9817295740412999,89730.01056584589,-48849.28797739209
3505030,Panggungrejo,2024,909118.9022,833202.2694372879,907708.2583950335,10773418515.0,0.985629511401921,-3508.5882301130696,151801.47743252758
3505030,Panggungrejo,2025,992522.6734,808626.057957517,992335.5715172559,579527246.9,0.9992163219484228,884178.9201295996,140994.3714838475
3505040,Wates,2018,909433.0128,484201.57370796264,884559.2089279686,35352606500.0,0.9543407059607154,272729.41388597246,395255.5734149258
3505040,Wates,2019,715593.8767,475086.0976505138,714528.470663138,2531870533.0,0.9965852394967519,525739.1312197074,486122.9648753864
3505040,Wates,2020,971153.5524,787991.307514964,965601.1557541089,17788559837.0,0.9764921003585405,348028.4361661307,373147.4640441906
3505040,Wates,2021,976193.9155,1246704.626354435,979258.6075049406,6520457175.0,0.9912528454772389,430554.1975068626,326628.64464862656
3505040,Wates,2022,826176.6672,1160642.7100290465,841887.9506277512,28046736493.0,0.9634314728858582,106929.29206145677,-66371.06328775769
3505040,Wates,2023,996325.341,1031154.0210512775,997843.930980034,25941320057.0,0.9660834990690321,435840.0669127833,-258143.4819864584
3505040,Wates,2024,645170.1973,979083.2460467448,647330.4914107778,3705319765.0,0.9950104927462674,141793.6347693187,43802.81053547375
3505040,Wates,2025,3092265.365,765080.9352463956,1634546.9540685846,954000000000.0,0.43647564259522803,640859.1365928167,-263759.1363587185
3505050,Binangun,2018,870178.0582,886725.6619862237,870244.610211947,2297754443.0,0.9969000155025323,-594552.9899558272,261285.2384798617
3505050,Binangun,2019,945996.7882,340950.9598303386,934894.6318104859,10636271880.0,0.9858098531662445,-373028.2729766469,-216453.62043923687
3505050,Binangun,2020,1000723.157,448067.11491938715,968143.4639537537,35645706998.0,0.9539795761116495,-17176.75115489735,347617.99285027396
3505050,Binangun,2021,1014810.995,1027381.9202649293,1015319.3073506333,23978202267.0,0.9685694703291606,-296606.06693022075,576853.4570572865
3505050,Binangun,2022,845894.5263,843627.9094024056,845875.4540965816,4828585016.0,0.9935077468625887,-314017.1984738717,15711.434142122394
3505050,Binangun,2023,1017711.718,514382.5064564753,1006392.925177009,13090407323.0,0.9825927163736335,-270687.2404714781,-45792.12438424502
3505050,Binangun,2024,814804.7063,541306.5251607399,814454.0698476977,730444311.9,0.999012442677362,-156335.98275187018,382298.02820891084
3505050,Binangun,2025,1109813.709,659719.5494030198,1095570.9380556622,18594452906.0,0.9754532406194989,627585.0317691967,281129.2457978816
3505060,Sutojayan,2018,874903.841,591909.3159079981,866379.4099841119,17672488934.0,0.9766419072380949,-755802.9729224571,440504.81266564236
3505060,Sutojayan,2019,700851.7634,240645.7984015906,698495.9505462339,2927822697.0,0.9960533222592538,-383728.0940521847,67525.46279091947
3505060,Sutojayan,2020,893159.106,311655.82702273637,866144.5919892967,27722459462.0,0.9638389899633032,64602.28050278391,257353.56616805872
3505060,Sutojayan,2021,1069256.773,506508.6945888646,1068497.4081377364,768865285.2,0.9989605516937367,-529013.0940160742,596778.9079768069
3505060,Sutojayan,2022,917865.2972,522190.5112181097,911052.5683567973,9969029551.0,0.9866881897637917,-639254.5936749289,513830.7899104301
3505060,Sutojayan,2023,961380.5445,537267.5893759304,955679.1562011376,7753615973.0,0.9896157486927265,-420151.43510951096,332846.68334556057
3505060,Sutojayan,2024,1051706.502,535479.2614292835,1036432.9203703919,17348849769.0,0.9770598549018401,-419647.66965720186,355472.5691590832
3505060,Sutojayan,2025,1063740.544,420297.70606703823,1036316.135909486,25332083237.0,0.9668536322668464,444369.0054947985,465215.8388694101
3505070,Kademangan,2018,1007185.896,1019984.2478453113,1008508.2143469254,65564924500.0,0.9185004443500494,-588698.5693436493,253704.88034426147
3505070,Kademangan,2019,766331.4483,661982.180138646,765889.3830278474,2420851188.0,0.9967344835033322,-227776.31383068796,-113032.28717066487
3505070,Kademangan,2020,931279.8305,692005.5808238356,920244.5827857547,27511836120.0,0.9641038638341611,-46102.17928298493,16610.521767189028
3505070,Kademangan,2021,979048.7741,834116.7976319344,978218.9959472574,3276564631.0,0.9955852967345185,-347206.78405115724,253557.66620210197
3505070,Kademangan,2022,877671.5803,836102.3640575551,875854.89671111,26004100689.0,0.9660042081100093,-607710.7304891022,160125.98941069155
3505070,Kademangan,2023,1006760.825,695714.4299175183,990859.2163660859,30657256918.0,0.9601633576780757,-496861.1874474436,-12693.556780588231
3505070,Kademangan,2024,1027002.132,733877.0899633779,1016583.5794040693,20970025559.0,0.9724037611929556,-370647.48203224014,225213.56634641066
3505070,Kademangan,2025,1396104.705,512522.75964258646,1386602.3831237962,6185945512.0,0.9916978653390013,489154.87840133236,314323.0961355374
3505080,Kanigoro,2018,1015223.426,2525594.7988349902,1092070.7595986605,30503605248.0,0.9603551002572537,-380261.36975104886,-953207.7165058001
3505080,Kanigoro,2019,954696.6895,1683666.1740732312,966959.5891820191,9735967821.0,0.9869953537597232,-46578.91896489207,-1695489.676154755
3505080,Kanigoro,2020,866549.5898,1297096.1927504353,870317.6347502412,5023898219.0,0.9932469127502178,292512.175413442,-1022096.8510249645
3505080,Kanigoro,2021,1321188.793,2320577.184579496,1380293.8072861067,35767856714.0,0.9538291558164504,-50338.29209125474,-480049.94552814215
3505080,Kanigoro,2022,1256481.312,2285187.1994190416,1317857.849693598,36104004108.0,0.9534154545653422,-122430.15757240618,-946327.4989751508
3505080,Kanigoro,2023,979150.7917,2412901.586722431,983761.4022815272,1835739111.0,0.9975217925520341,-64589.6944561001,-1041833.9025460496
3505080,Kanigoro,2024,1256556.311,2428456.4844258022,1329007.4252597946,37497067631.0,0.9517048104131777,67903.83592210962,-1466350.9291389724
3505080,Kanigoro,2025,1186404.624,1101204.6980701685,1184236.1950145809,14860372132.0,0.980285464327107,723584.1488725552,-1213857.4507848315
3505090,Talun,2018,865021.8393,1334653.8684955176,881196.7554155758,20297061483.0,0.9732656956296967,-473093.9422371906,-153678.550158861
3505090,Talun,2019,804956.2695,841315.3555468397,805431.7988981351,7540657889.0,0.9898980777086556,-211792.43977596334,-578990.5055929885
3505090,Talun,2020,656635.8769,737214.3519639218,657366.2138355207,5204581576.0,0.9930057382220178,147002.03114921346,-215642.33408139052
3505090,Talun,2021,943005.0768,1209961.7393339768,943403.6593538445,850851527.7,0.998849839914483,-172234.79640815896,-58303.08511712751
3505090,Talun,2022,808158.6913,1181883.843614502,808948.8263649738,1205578573.0,0.9983711097249635,-297369.4133561444,-259507.3368269446
3505090,Talun,2023,818508.1549,1236654.184609718,836167.5464818738,25090831560.0,0.9671589367825391,-92063.11502283771,-391261.14211402286
3505090,Talun,2024,922729.7564,1235860.5450614376,927035.890722818,7934196604.0,0.9893764702097934,-122230.50670464814,-424364.6589894425
3505090,Talun,2025,1420566.047,699362.6962279067,1369138.2104254337,43691437895.0,0.9441720376770291,727032.2792797282,-309327.41504396556
3505100,Selopuro,2018,795994.8611,1422845.212284054,835458.8667838764,38230032514.0,0.9508072117357229,-595229.1031873305,-187938.1751397304
3505100,Selopuro,2019,757794.413,789960.277769738,758040.3402562651,4384014491.0,0.9941019667205439,-238224.51086768537,-827151.9743126646
3505100,Selopuro,2020,1016749.294,533433.018755229,1013203.7281457043,4205127566.0,0.9943412703589615,90062.94818480316,-312808.17795547796
3505100,Selopuro,2021,939097.6988,1214036.9679588978,939097.6988,2.2e-21,1.0,-222774.58390353774,402216.7041351532
3505100,Selopuro,2022,710985.6751,1053389.0129854088,710985.6751,4.6699999999999993e-23,1.0,-443449.9337824658,-255911.4322598636
3505100,Selopuro,2023,810798.9176,1030954.9012891415,810798.9176,7.52e-22,1.0,-282784.1789012119,-468658.6263254987
3505100,Selopuro,2024,942669.2351,1041214.2194172565,942669.2351,2.2400000000000003e-21,1.0,-320196.1641086261,-370207.9147876655
3505100,Selopuro,2025,1115935.345,796049.3684551707,1077093.2221920807,78642301361.0,0.9038084513485536,709943.5402280061,-223977.61817192181
3505110,Kesamben,2018,665171.3159,1520444.2687252725,675453.495839536,6924056168.0,0.9907164461825034,-447925.1235545492,-392391.0554458948
3505110,Kesamben,2019,729291.8764,903951.8582637266,730760.1585547889,4824027724.0,0.9935138346059768,-163208.13038729297,-1016599.7386139755
3505110,Kesamben,2020,724883.0069,723784.7339581653,724877.1616271321,3044664526.0,0.995896466874865,107746.34956306982,-403354.373408817
3505110,Kesamben,2021,1126804.067,1556199.852934656,1135422.9566860641,11655389338.0,0.9844713334421873,-184268.65027403846,-19935.582576094428
3505110,Kesamben,2022,773436.1137,1565823.5297852613,777177.1737459869,2699228973.0,0.996360342939272,-224097.736203859,-387345.97506220895
3505110,Kesamben,2023,1000655.879,1381258.4513316886,1028839.8357345923,45506189567.0,0.9419877095369832,-272548.6258654722,-776255.1126864284
3505110,Kesamben,2024,961715.3121,1487104.8533211153,971491.0836068643,10788321597.0,0.9856099184821766,-210629.79108871438,-491863.2171129843
3505110,Kesamben,2025,1047439.171,730355.2676929061,1035357.4057718341,22540049087.0,0.9703987936645266,578108.2450813437,-542822.4257367472
3505120,Selorejo,2018,923735.4095,953511.7202037561,924786.4865899313,20820844929.0,0.9725947004684844,-618439.1126092349,349961.51154251327
3505120,Selorejo,2019,635058.9727,643494.8534157218,635058.9727,4.78e-21,1.0,-258369.09762826376,-128090.9478580124
3505120,Selorejo,2020,805621.2983,506320.7557991658,799024.2363930204,12824782892.0,0.9829399108695351,-58936.43094223118,-116084.26719083125
3505120,Selorejo,2021,1218646.743,1104102.9488210534,1217133.4253836125,7618366787.0,0.9897950365324515,-410245.43123013,271428.3418773756
3505120,Selorejo,2022,1783551.426,1102507.4496792108,1753307.081360629,26443822221.0,0.9654492112992544,-552720.8688481749,118753.02376209712
3505120,Selorejo,2023,1334977.632,1164803.4058752246,1330687.588611829,14715806074.0,0.980473508149411,-438537.4570252543,662444.5829079505
3505120,Selorejo,2024,1729246.672,1153373.7521281778,1713087.8926262897,16427429850.0,0.9782517381035114,-329288.27142422454,238621.52557795797
3505120,Selorejo,2025,1666139.138,897910.7316827744,1644107.1134984915,16800747932.0,0.9777684901803365,460206.1448161196,626350.513101768
3505130,Doko,2018,923365.218,890351.9730300499,923365.218,6.41e-21,1.0,-738303.162449352,-156571.0365730885
3505130,Doko,2019,944854.3871,899469.7865147727,944636.4351072693,2745809014.0,0.9962977666564573,-381231.2424643559,-160797.40007332328
3505130,Doko,2020,901457.6501,1041135.6444424624,906737.7772017141,22355240628.0,0.9706343702182063,6250.119993810251,-52198.25425255892
3505130,Doko,2021,855637.5032,1187137.8157662232,859324.7969499814,6400426122.0,0.9914124836510203,-263698.61521614273,-72268.77598987543
3505130,Doko,2022,802401.38,1261970.5057264348,811490.0988119412,11480323068.0,0.984701008714909,-292084.4972762789,-307067.59304010554
3505130,Doko,2023,777954.1416,1208613.238031234,779399.3972781133,1916012399.0,0.9974137056471541,-373594.763581897,-439166.348291776
3505130,Doko,2024,1057808.243,1236715.3829210913,1060667.6481442074,9242141253.0,0.9876468254324441,-204001.56682106835,-501859.15778190293
3505130,Doko,2025,1344684.539,1216253.560833585,1343259.2717457737,6385580827.0,0.9914322310796799,762798.9676854443,-198472.53832773305
3505140,Wlingi,2018,1086967.139,1659314.141945297,1102869.6231362564,16261868737.0,0.9784662044237084,-441779.1072587522,104918.84400735339
3505140,Wlingi,2019,1046421.052,1087626.3114124937,1046572.6789636852,2101610345.0,0.9971638901677758,-172743.2398964601,-577460.8473493017
3505140,Wlingi,2020,1160579.227,771229.2070584204,1126698.682582943,54234471925.0,0.9316215508071662,-15632.012516798852,-117238.41230102873
3505140,Wlingi,2021,910497.0508,1193350.2124408702,913507.7427459102,6121812796.0,0.9917832303845471,-192208.10955663925,463683.8841252078
3505140,Wlingi,2022,1088483.049,1157178.393940564,1096776.096723596,78124645121.0,0.9043810807260049,-329042.8995730661,-104664.45877706911
3505140,Wlingi,2023,1388516.319,1196598.4782521925,1386863.9240749967,4941755774.0,0.9933565944906985,-271471.9127852296,11626.316448801197
3505140,Wlingi,2024,1115580.759,1211184.6998722428,1118909.155936445,20524654192.0,0.9729740232455424,-289557.4713221451,271082.66442611
3505140,Wlingi,2025,1486117.323,989757.3040740112,1333766.879449194,252000000000.0,0.7456901193454597,504801.7490211629,36655.01085170242
3505150,Gandusari,2018,588761.0938,1554422.8549182275,600929.7340654671,7261926306.0,0.9902678493883817,-463037.157897922,392815.6181827283
3505150,Gandusari,2019,994157.3069,648208.663722636,985222.0408022692,15086472307.0,0.9799915098498526,-167038.35282349747,-998097.4483142161
3505150,Gandusari,2020,984370.4265,425787.4389484639,956536.7862467527,29840623278.0,0.961183317168422,45852.47248537943,109195.52385427034
3505150,Gandusari,2021,1128070.174,1276039.5363201518,1132415.7644889983,17216696306.0,0.9772306207773411,-77157.02901943823,651356.588693447
3505150,Gandusari,2022,1351993.826,1110202.3687019171,1337800.7857373643,35484079744.0,0.9541786836423231,-378382.28033773205,70863.8722679303
3505150,Gandusari,2023,1786060.902,1134792.2071894384,1629551.8602466756,180000000000.0,0.8041172514138337,23747.137809101492,264224.0618334133
3505150,Gandusari,2024,2057813.635,1251487.6782155046,1894969.708211872,144000000000.0,0.8369042732847383,-147531.52129115025,810238.9649981646
3505150,Gandusari,2025,1550349.567,938262.6234991272,1532566.22388817,17026774939.0,0.9774761376611183,850982.630879155,1034943.7332400137
3505160,Garum,2018,838390.293,728238.9110055785,835828.2647700076,13550083167.0,0.9819924587563023,-708442.9962736554,182882.833099715
3505160,Garum,2019,828706.4805,762483.9815388048,827163.8155258112,13571569390.0,0.9819644193839473,-230672.38146085673,-15228.185779249063
3505160,Garum,2020,1118313.78,1027606.0876477382,1112990.5988750053,35474762443.0,0.9541901640966778,74627.79365188666,23270.536632351577
3505160,Garum,2021,1248677.082,1260176.8688686,1249616.0060029193,50589267055.0,0.9359229113982478,-193446.7467573968,203584.19979639188
3505160,Garum,2022,1070198.172,1236873.6396112617,1074281.8338137884,14291521386.0,0.9810258118607421,-371459.3063490167,78145.60103574255
3505160,Garum,2023,1128533.892,1194524.7394533874,1129717.4202781045,10391588275.0,0.9861317652492625,-33245.42719672142,-117266.02653654199
3505160,Garum,2024,1216285.939,1235541.9777751418,1217587.1225029295,41236708109.0,0.9471428458819946,-70962.95786617558,8626.579049447086
3505160,Garum,2025,1449020.15,635445.769043222,1376848.7858635215,55390835279.0,0.9302652845234687,738756.7805259951,91611.23192467797
3505170,Nglegok,2018,767669.037,1639426.4991714985,770986.9943222759,2173995163.0,0.9970664938681951,-544063.9531663249,-123470.90576145926
3505170,Nglegok,2019,880500.0896,776170.430434592,879116.6274478134,7646880858.0,0.9897572325557341,-127241.45439329902,-980814.6748094896
3505170,Nglegok,2020,730059.5886,485908.25315998885,728235.3840745861,4283500652.0,0.9942364136113769,240837.06248939046,-83850.13030797453
3505170,Nglegok,2021,1072199.543,1257807.686244299,1085599.4725410466,44276777178.0,0.9434663873574091,-77667.06737775655,360865.61001166096
3505170,Nglegok,2022,740669.1523,1354457.7492086354,751045.556140281,9784984298.0,0.9869307365528666,-256746.8825785815,-2786.675195418531
3505170,Nglegok,2023,1101022.595,1409431.3171739685,1115039.4470863757,27092683719.0,0.9646314112330457,53615.15631885809,-503083.2214551519
3505170,Nglegok,2024,842786.228,1648156.6878422108,846654.9677813172,2746580988.0,0.9962967296419313,143470.52577732352,-229908.85225621308
3505170,Nglegok,2025,1203396.995,413145.28192393703,1194285.1121749168,6637532984.0,0.9910971872203502,831097.5242225572,-612448.970610751
3505180,Sanankulon,2018,915620.0818,886796.5435588881,915255.0608601214,7298487332.0,0.99021933095617,-861254.5230971344,134759.1291928009
3505180,Sanankulon,2019,768487.7353,764578.0857097206,768432.7897010414,8110903370.0,0.9891424367809185,-154373.65385942702,-199399.01921500615
3505180,Sanankulon,2020,919102.6781,769309.4034324782,915063.3931648642,15769262667.0,0.9791048782346304,124992.89790025778,-112568.65000440646
3505180,Sanankulon,2021,1011713.492,1074025.9360892316,1011727.8050838512,130733096.2,0.9998231060333155,-8156.759876216471,167111.80246716226
3505180,Sanankulon,2022,1022522.951,1055701.8623727714,1022522.9562790409,90535.79423,0.9999998774750406,-108056.81146084072,8946.032414800837
3505180,Sanankulon,2023,1007386.569,1171785.7106010483,1008229.2459233617,2931708157.0,0.9960481053936437,56678.511205943316,13088.030168191413
3505180,Sanankulon,2024,982182.0258,1217901.368739133,982234.27852752,126164559.1,0.9998292866311259,70186.05080014789,-89884.89115124929
3505180,Sanankulon,2025,1933853.644,734909.018041393,1804595.920980468,68758623175.0,0.9148685241341156,612429.9006262799,-162434.54274833598
3505190,Ponggok,2018,810002.6458,4170962.2397020566,845967.4819242301,6154807436.0,0.9917393104193085,23588.92154114603,-522403.811386257
3505190,Ponggok,2019,840199.4066,1775862.8330106107,848983.1158100595,5392397766.0,0.9927551669687131,62408.71393472976,-3310595.393124108
3505190,Ponggok,2020,684443.5323,466316.52469359024,682773.9878855336,4388870450.0,0.9940954723308507,93858.17383238979,-1454472.0350366533
3505190,Ponggok,2021,1029234.214,1277314.5799357358,1040786.0674838161,27790446241.0,0.9637535228097636,81980.96528212511,58413.630947842496
3505190,Ponggok,2022,739084.6856,1306125.6258711957,741030.7042910096,1959534670.0,0.9973551132854306,13420.064934313123,-48936.65783168201
3505190,Ponggok,2023,1011307.445,1222265.3052138563,1016418.9728754429,14129765333.0,0.9812365382820908,137207.14022722217,-380272.67347296793
3505190,Ponggok,2024,1001200.947,1310270.875788039,1004894.2008468114,6881777798.0,0.9907726086142372,58546.673002239586,-88024.9428612123
3505190,Ponggok,2025,1317022.104,515079.13988899416,1264893.8893054083,39559083488.0,0.9491839490876168,744118.5620452305,-127558.88062383595
3505200,Srengat,2018,871101.8836,1381040.1419506974,897438.7282971366,30988712305.0,0.9597499936956777,-466718.3165229779,-161134.59252445347
3505200,Srengat,2019,938940.3708,867072.8199500714,937825.640556678,8965063602.0,0.9880127318403096,-231821.987702311,-649476.5338204129
3505200,Srengat,2020,1067203.215,609957.1191714071,1052718.489777297,18615207724.0,0.9754265152174769,-155333.46938039074,-137832.5310111019
3505200,Srengat,2021,984394.5119,1506867.4306714868,984889.1206659579,539183633.6,0.9992708376781712,-521832.07518038707,379577.26293716114
3505200,Srengat,2022,882025.5774,1333105.647624301,882215.1355386046,239220661.9,0.9996763598345493,-587576.3809859807,-510622.2701584059
3505200,Srengat,2023,1107698.726,1296670.1224781196,1110127.268121346,7407887386.0,0.9900741796407281,-490298.7145593617,-605953.086624957
3505200,Srengat,2024,1014330.287,1273911.984791477,1014523.4565445433,423755394.4,0.9994268470184183,-535488.2162967476,-359747.2184380789
3505200,Srengat,2025,1423181.347,603804.042069853,1416850.4774584488,4430730789.0,0.9940394915721474,438297.2255637577,-378186.0112135676
3505210,Wonodadi,2018,593545.3165,1722537.1807530634,597951.9348765506,2229669067.0,0.9969915956302776,-104598.96410976187,-429276.4524116579
3505210,Wonodadi,2019,1126918.931,1101938.4581663085,1126533.5751498889,8915391373.0,0.9880783572279103,152787.18153496244,-1208987.9409565353
3505210,Wonodadi,2020,924220.1632,879814.5797326743,923866.4871292101,4568444029.0,0.9938553690871764,224939.5542859659,-207917.2837875781
3505210,Wonodadi,2021,1233119.872,1812231.8304967494,1259973.313618224,27668453211.0,0.9639068927990897,10982.230664161714,34496.88454462995
3505210,Wonodadi,2022,1013992.668,1803126.5867221178,1023453.9863105612,6905048455.0,0.9907416951709515,1474.697398933633,-504372.75404611416
3505210,Wonodadi,2023,1056603.739,1785744.361747467,1073412.5357193297,13427081515.0,0.9821530058883271,77437.12614997535,-784759.7482207703
3505210,Wonodadi,2024,1340440.224,1851269.9712239022,1366591.1858637207,30701599744.0,0.9601080363107951,52831.74520870068,-798940.7265219297
3505210,Wonodadi,2025,1491537.399,1097045.8750731268,1479345.8570844103,18146033468.0,0.9760310157033234,815240.4087009286,-565718.9144504443
3505220,Udanawu,2018,942491.3826,1559489.5906524444,946488.4946805185,3710329029.0,0.9950037810759261,245265.900683416,30907.767526384487
3505220,Udanawu,2019,722890.814,867882.7486931703,723412.8781350615,2056240573.0,0.99722494648132,260841.61905727896,-552136.9785883519
3505220,Udanawu,2020,1039319.929,512270.2159567477,1014491.1173815761,28131215598.0,0.9633253650555668,254291.15062236364,-257586.07944313437
3505220,Udanawu,2021,1050398.999,1343885.7001917902,1050887.2247165458,948162205.1,0.9987184663193371,12748.209097021572,475728.259713907
3505220,Udanawu,2022,1030238.939,1167499.4445927194,1039673.4837651127,41998060282.0,0.9462194302091975,-121161.081881019,-194588.62179997028
3505220,Udanawu,2023,1036763.645,1094420.1171104421,1039385.5984058264,27109227731.0,0.9646105779093875,-93235.43599210063,-175464.55983515712
3505220,Udanawu,2024,1141088.42,1106768.2534292971,1141069.4374127681,314900711.8,0.9995740163746853,-108889.09330086436,-133754.74301354378
3505220,Udanawu,2025,1512300.548,589358.1804673279,1462598.3666987556,32386877948.0,0.9580102262758312,529421.4342894517,-16445.597235834925
3506010,Mojo,2018,837595.9685,1938187.088002942,841533.7145288845,2043175500.0,0.9972425301734648,299307.44688912143,-962674.021379109
3506010,Mojo,2019,689303.4791,1411168.9597050988,692084.8970668843,2200969079.0,0.9970302043883927,314300.2455343189,-1081593.6795700646
3506010,Mojo,2020,762890.947,1229139.7290880522,767573.3980447223,5772533644.0,0.9922484029977978,340286.1839088326,-723284.4886565584
3506010,Mojo,2021,965230.3521,2577249.8734035054,978554.7823189024,4742532921.0,0.9936227099767593,25408.956091084678,-368334.5485674351
3506010,Mojo,2022,901224.6273,2518828.912608238,914990.1207515292,4883806175.0,0.9934339870008575,-51010.350483828195,-1399405.1208702486
3506010,Mojo,2023,810269.6889,2330624.977797713,817865.8578097741,2857275928.0,0.9961480523408441,84736.9652388867,-1577690.6493872183
3506010,Mojo,2024,913188.2028,2443058.5276240497,921180.9263753508,2988425387.0,0.9959719594554104,-11804.536879111154,-1526928.905855971
3506010,Mojo,2025,1281764.436,938002.440247285,1234004.2166172015,91811978148.0,0.8894802352952599,801432.5391808028,-1526871.6348868553
3506020,Semen,2018,1173055.739,585403.2842398951,1144625.3774649978,28928466391.0,0.9623251483688394,-794238.8722367263,153348.93378270412
3506020,Semen,2019,993514.5438,547392.4144618495,973124.9251209438,27252078851.0,0.964430727672785,-272281.2206542861,374399.5438736412
3506020,Semen,2020,826436.2564,704569.8806239169,821075.6116432088,26181654518.0,0.9657800308344768,192679.42574143023,444985.92976016726
3506020,Semen,2021,1093150.574,1304730.549101322,1098746.7102812757,15459038671.0,0.9795075180149786,-125789.104476595,324997.34053232614
3506020,Semen,2022,1323598.306,1387628.5598210564,1327723.1639084504,39180538346.0,0.9496457278827507,-350194.0320633455,-47599.591681503225
3506020,Semen,2023,928121.8939,1202001.2720013016,928638.7344008439,1075833071.0,0.9985461575686955,-300894.8208280819,8696.646050058538
3506020,Semen,2024,1340410.037,1291490.2521312486,1339768.8047130608,7557679823.0,0.9898755049693765,-226152.30355252867,-245537.58530396596
3506020,Semen,2025,786512.4336,955194.3118689621,801149.5461135348,54067440883.0,0.9318177837948756,943768.9305084385,87717.16236999584
3506030,Ngadiluwih,2018,1209591.781,679251.1453249179,1181930.631994143,31311682328.0,0.9593475541873291,-416225.221277366,123300.50430454955
3506030,Ngadiluwih,2019,842644.9872,611857.3036692416,839759.2533705996,7205026444.0,0.9903433679995841,-34800.828820351555,382437.6138314785
3506030,Ngadiluwih,2020,821442.0381,640756.7884198765,818367.1492766418,9851184893.0,0.9868434793779293,236267.40714879686,222307.70365363732
3506030,Ngadiluwih,2021,1023647.689,1048113.6784023378,1023799.8059605476,3560007019.0,0.9952052296787078,-426666.7686671382,272074.8471659323
3506030,Ngadiluwih,2022,961742.0222,1012135.1616739176,962260.7390859919,5918066681.0,0.9920545279806092,-530077.5996930168,-62568.433738119435
3506030,Ngadiluwih,2023,742651.2983,830157.5638109919,742916.4311859625,1729297258.0,0.9976651512097167,-458141.4784604327,-132759.52045022184
3506030,Ngadiluwih,2024,811007.1816,913102.5641987136,812150.3427788526,6443457031.0,0.9913552477507738,-375463.598216797,-220333.76892522932
3506030,Ngadiluwih,2025,1007000.707,552280.9366124213,989100.8293595557,23317125131.0,0.9694094997342069,702735.2282247023,-191241.4159678039
3506040,Kras,2018,1134092.795,379179.86458489485,967602.806274572,161000000000.0,0.8210946245596863,-726231.8276652099,24861.689198217267
3506040,Kras,2019,789007.9374,483881.0977561134,788411.9291463391,1113649060.0,0.9984951312938378,-551214.5147948376,482826.9922499531
3506040,Kras,2020,724447.8174,663015.8080127247,724134.7579930585,2914595048.0,0.9960710829514422,-199456.83000010747,156096.7070134601
3506040,Kras,2021,1014776.801,1089225.253438707,1015120.362820688,2638064283.0,0.9964425243837415,-576412.7454734924,5738.869669196429
3506040,Kras,2022,1110464.073,1074045.8433388358,1110247.5852459783,3402759193.0,0.9954160469762352,-717734.0006818706,-204705.12449678686
3506040,Kras,2023,910582.655,1082494.3402782916,911080.8279146713,1653721629.0,0.997766963450911,-501588.44174700533,-137578.8470979717
3506040,Kras,2024,949892.2762,1193491.372666701,949929.5632799641,87111708.47,0.9998821228465749,-523583.54895491066,-304225.3895516249
3506040,Kras,2025,954825.6306,436559.83245918056,938375.7127532433,18652913730.0,0.9753779659887973,198854.0899408057,-381479.85790240346
3506050,Ringinrejo,2018,633835.6945,635854.5203664606,633874.384867161,11118220691.0,0.985176403117945,139154.0396421454,562062.4230317757
3506050,Ringinrejo,2019,669395.134,300177.0762714987,667332.3163791434,3196969188.0,0.9956920782388607,302321.16154958133,54514.75963641913
3506050,Ringinrejo,2020,997351.68,318700.85692223196,990432.1446417657,5861499127.0,0.9921298766828209,475408.10548727005,359873.9455864937
3506050,Ringinrejo,2021,948530.0354,1009082.4918999232,949509.6902578416,9357340226.0,0.9874947743940764,425290.58048878965,818381.244527048
3506050,Ringinrejo,2022,1399910.338,967874.7877138727,1390534.1529962914,12623012736.0,0.9832038062299945,569884.5934436561,221158.63118563255
3506050,Ringinrejo,2023,1376317.417,926730.1825861849,1372064.3388402795,5434313727.0,0.9926992628780257,530028.7264428814,679776.4562411908
3506050,Ringinrejo,2024,1182317.703,987424.3616211902,1179686.8885973075,7786152645.0,0.9895726274065827,545830.8177955224,721030.0459575731
3506050,Ringinrejo,2025,1215139.319,480826.02890809544,1211366.923891416,2938326079.0,0.9960392198766442,914993.6210875356,505538.15302793484
3506060,Kandat,2018,773912.1022,913910.4572330462,776763.5525656338,11830610467.0,0.9842415622625519,-85965.75481345828,381057.32431169116
3506060,Kandat,2019,864761.0093,400228.62896214554,860824.4471441868,4863226215.0,0.993461474730789,-55636.2163263502,-188749.91854095773
3506060,Kandat,2020,984730.8338,436118.0993132419,977920.6274961489,7152314289.0,0.9904133388826073,83761.79854780421,299075.1561437234
3506060,Kandat,2021,759713.6243,445317.9225696268,759385.7711206537,593995656.2,0.999196772449388,137642.0743744797,578819.8693121749
3506060,Kandat,2022,963074.9021,554381.2664908657,960519.817337014,3579797383.0,0.9951787036759675,231300.65517714794,418883.63393613335
3506060,Kandat,2023,745575.281,523971.1928009864,739226.6198430957,16782450991.0,0.9777921638390435,291593.2133181788,555100.1293366663
3506060,Kandat,2024,760873.4573,532756.07090829,755282.2535784167,14297218277.0,0.9810183919309051,51530.444427819995,364298.51618761517
3506060,Kandat,2025,759538.6661,270037.39959777397,746972.0858648915,14992896699.0,0.9801131467909802,494768.9396648407,291513.86277663836
3506070,Wates,2018,711440.7466,511324.40306308866,708060.1077347831,9777840391.0,0.9869401536617136,39094.19098316127,915912.4490270901
3506070,Wates,2019,924331.0853,75428.40430561331,899407.1873082737,17211839399.0,0.9772368979057889,-10827.01929100645,398589.4344055248
3506070,Wates,2020,913911.4951,368397.3179386956,893528.1988613055,22086871631.0,0.9709766656526655,68357.37767978458,907588.6179348393
3506070,Wates,2021,872001.9083,473732.7400451476,869448.8866882956,3671115672.0,0.9950563235747304,264024.4114505595,810335.7421997848
3506070,Wates,2022,958567.841,548153.7374135784,953678.4859684795,6860591473.0,0.9908007548457106,153999.43182960653,724477.9474660454
3506070,Wates,2023,1110739.431,390461.25912911573,1108735.2051814983,1587756458.0,0.9978558458817112,157923.1881995094,736251.1023060901
3506070,Wates,2024,1193893.03,400129.8921535938,1124725.0361101213,54317166887.0,0.931524428915736,-22797.690233251546,987182.7042271837
3506070,Wates,2025,1535690.304,248150.99314828435,1381462.97580175,77435338893.0,0.9051447160262436,215342.27694154764,1080891.8925717375
3506080,Ngancar,2018,827631.9638,-135020.10328960896,793705.3363025703,20786467831.0,0.9726387110357394,-203339.87283316994,832608.1125774246
3506080,Ngancar,2019,773386.9352,88101.03677135639,766912.181206249,5427522811.0,0.9927083196206111,-9134.163515714186,917730.7344791882
3506080,Ngancar,2020,1034201.578,565371.5824383541,1034173.7848522372,33734590.45,0.9999543479883026,180327.09752148733,721472.9214315536
3506080,Ngancar,2021,1436427.186,624194.2615630289,1431931.849695843,3166789843.0,0.9957325714184827,122580.52951510894,609701.6659021969
3506080,Ngancar,2022,1521616.244,857666.6797946803,1496513.4032209988,22359060381.0,0.9706294999964376,212487.8853535336,936415.6636422582
3506080,Ngancar,2023,1333369.637,688947.1183188311,1312708.5223391105,18847883907.0,0.9751270047699172,155511.42613880394,921914.4291432663
3506080,Ngancar,2024,1406116.321,772828.3646317631,1363091.407104061,41476468058.0,0.9468518556169281,70978.60506499183,826204.6031518104
3506080,Ngancar,2025,1193788.664,636868.8162283958,1193788.664,3.47e-21,1.0,537038.599388275,805796.0165194832
3506090,Plosoklaten,2018,928009.4158,971562.0052772218,928853.314712479,11243499888.0,0.9850118755290375,71964.37713789243,624885.578891942
3506090,Plosoklaten,2019,929243.0445,435698.9474364795,913482.5535926513,18770067988.0,0.9752271521802748,162367.68803292536,15946.696719153668
3506090,Plosoklaten,2020,886464.2469,385798.9127442757,884901.8825141736,1781228050.0,0.9975952043202916,291839.8968392834,469180.2330221118
3506090,Plosoklaten,2021,1166142.629,570803.2353025763,1160687.435453103,5262241179.0,0.9929287993494501,35308.77986474206,650040.3794362651
3506090,Plosoklaten,2022,1354833.141,702110.3488748018,1329274.6109839706,23188994531.0,0.9695724836386628,104911.70031963575,728117.8437599158
3506090,Plosoklaten,2023,830329.677,495278.4176632577,817876.4423118876,21965840104.0,0.971131116210122,336816.49513209314,874012.6233980991
3506090,Plosoklaten,2024,978047.1718,522232.24500015314,968439.9539224199,12251462071.0,0.983690128561003,256381.78407378925,581853.9687608574
3506090,Plosoklaten,2025,1105943.958,510387.588209088,1088339.2199449514,17332668155.0,0.9770807612305012,702189.5057164128,662120.0507223847
3506100,Gurah,2018,867805.7692,569519.1249470577,856953.9229179275,21482837230.0,0.9717479746816859,-177429.49685808076,-25942.126543845865
3506100,Gurah,2019,1043216.877,651774.798248098,1037063.5570961817,9087627244.0,0.9878508418944907,-149089.3165076351,179012.36840971955
3506100,Gurah,2020,991218.1919,1026285.6614511252,992788.5247419011,26675426808.0,0.9651571466971799,34917.8857623096,320736.96074214333
3506100,Gurah,2021,1165023.426,1503922.4400922447,1167489.1102919371,4170285648.0,0.9943878930838328,100699.28736575096,36994.186068596784
3506100,Gurah,2022,1277172.574,1583392.6246789724,1284125.2366955383,13219624406.0,0.9824239069447986,56735.80164383566,-238313.02423436055
3506100,Gurah,2023,1211202.619,1358896.761178359,1212469.1468279443,4921744886.0,0.9933833179519496,66760.41088313168,-223219.08974015503
3506100,Gurah,2024,978124.3001,1464141.810885536,987542.4017429994,11244424236.0,0.985010661798697,-88643.19441183604,-130157.97169175465
3506100,Gurah,2025,1036230.732,856819.3291704818,1032641.0314443388,11617510957.0,0.9845210182689115,408488.1251790587,-465188.63508820103
3506110,Puncu,2018,895124.098,249757.11444083188,891971.688835102,2793121149.0,0.9962342149142119,23777.249903100223,747584.5847618245
3506110,Puncu,2019,828853.2088,203506.85395372036,803920.045880068,23629498151.0,0.9690123864449691,101028.93089579229,660304.9007870606
3506110,Puncu,2020,839987.9983,452817.364697861,829675.6995638947,15570577112.0,0.9793627141299102,89050.83981911797,658099.8677995027
3506110,Puncu,2021,1072008.92,263698.80657545425,1062226.3581699026,6970919143.0,0.9906542010181243,-134867.38844189842,472900.696039681
3506110,Puncu,2022,1043383.685,454116.29443855636,1000265.5288298301,44923770608.0,0.9426876367131891,-245325.3833717343,808352.8622953228
3506110,Puncu,2023,1178780.106,191244.86591836542,1160210.2851117048,10905028019.0,0.9854565127497107,-158913.777227833,666533.9018940674
3506110,Puncu,2024,1000019.232,294437.8323814416,993721.0361335617,5124959227.0,0.9931120029854293,-324334.11609119637,991930.8947384742
3506110,Puncu,2025,1080438.836,423199.8059456856,1063612.298369319,14950727127.0,0.9801679719903845,448096.6928274787,745161.1945722951
3506120,Kepung,2018,701905.7382,202660.32994776283,700354.5145321443,1773532720.0,0.9976055687347303,161346.4406104067,290678.83105740644
3506120,Kepung,2019,754402.7298,202720.55344370136,736843.1165015745,18706880509.0,0.9753084882385346,318947.4018485255,567321.5967431662
3506120,Kepung,2020,890794.4581,411466.55735536467,874731.3533107095,19730020778.0,0.9739931501709306,274486.98456841626,713346.9418077301
3506120,Kepung,2021,896207.1379,750812.1024970872,895761.1146928681,1750933069.0,0.9976360081999325,238297.25894611893,708301.6213038833
3506120,Kepung,2022,690977.7377,1023461.4236116601,692251.1806596038,2187777172.0,0.9970479518500495,308022.19589441316,392094.093680191
3506120,Kepung,2023,802992.5593,906669.0027558896,804413.1444060667,7905082513.0,0.9894150400309544,524886.7123524639,-60910.58147662727
3506120,Kepung,2024,745639.2225,1190575.671842813,746579.8542885225,1205502517.0,0.9983712123189346,566308.0469400152,88697.64116086299
3506120,Kepung,2025,797344.4632,1115730.2304670876,799873.1890234,4555525998.0,0.9938726375845754,908651.887988636,-163532.27222653467
3506130,Kandangan,2018,765454.8984,73363.71758461617,764186.6144358157,1044665198.0,0.9985882172572479,-82395.1550260316,392048.72018492944
3506130,Kandangan,2019,921377.9677,282674.3937015836,916826.5322798797,4083967455.0,0.9945034161619545,44054.792819118076,620444.2613975278
3506130,Kandangan,2020,1181385.383,754616.8593106983,1176445.5343982098,6663538155.0,0.9910626186548652,177872.6880841364,672829.4802160962
3506130,Kandangan,2021,861072.9384,791409.6069177839,859313.3513736422,14744986413.0,0.9804355461087655,-217304.46766947524,571139.2437321923
3506130,Kandangan,2022,871013.8182,888761.3081469785,871092.4692761927,2532934785.0,0.9965838090323408,-288519.98350373696,96587.74655341276
3506130,Kandangan,2023,1115737.181,705824.1756266523,1111480.8659630485,5970386840.0,0.991984847050074,-203848.89894960495,-45294.200140057714
3506130,Kandangan,2024,1041093.971,878019.9939760197,1037828.1926051506,11628267248.0,0.9845069088019106,-290917.21772128006,316060.3083708924
3506130,Kandangan,2025,1259296.819,836655.9373403426,1191352.108914609,109000000000.0,0.8714496915187048,722140.97583856,146723.40611592412
3506140,Pare,2018,805484.1015,279673.43734123465,801070.5492445315,4816671195.0,0.9935236617968131,-616123.8175360492,-1150965.5081415353
3506140,Pare,2019,800305.5082,987762.5046332618,802378.5855423651,6363129984.0,0.9914620970141006,-400711.3371925897,108979.06873828499
3506140,Pare,2020,1089199.04,1599601.5286076812,1114472.4836431525,29643842218.0,0.9614294169514732,-267790.8529847391,-304175.49154679617
3506140,Pare,2021,1161630.176,3114062.4179642373,1206671.6619284535,13436940219.0,0.9821401359418287,-329295.8314400298,-608454.1693024978
3506140,Pare,2022,1249288.431,2959906.6672903025,1256752.1642718385,2493615063.0,0.9966366615194799,-540126.8005485006,-1979870.1501218965
3506140,Pare,2023,1251880.523,2851238.209298448,1303084.7555360238,18819982021.0,0.9751629115303239,-332269.95681217196,-2013979.1829320753
3506140,Pare,2024,1269096.766,3089746.0048689255,1356943.3949112615,28847179425.0,0.9624270344522305,-340407.00689475,-1934201.0052364948
3506140,Pare,2025,1690133.424,1874130.5818368278,1708383.7732090182,62654656419.0,0.9218352457922813,170742.30972993665,-2097942.8519957187
3506141,Badas,2018,977693.1484,699921.0557573003,972219.9455462715,11437287103.0,0.9847574854424009,-404924.60571173375,536062.8548730328
3506141,Badas,2019,740937.45,400387.89742701227,738749.606169434,3679276767.0,0.9950453879576885,-224623.1572240925,139729.2540061901
3506141,Badas,2020,827508.9583,385965.82870523067,813158.0537263595,19115395398.0,0.9747828800875094,-102380.340421964,172194.2785767326
3506141,Badas,2021,1447081.733,528554.5369346702,1409355.8317120261,24371879862.0,0.9680699162568862,-400561.1444124599,370665.6802522251
3506141,Badas,2022,1280178.184,650197.5601386911,1278792.8635328154,1254025789.0,0.9983057622647055,-692505.6634382025,813086.4667564931
3506141,Badas,2023,1193248.156,425606.72186918394,1165382.2496848516,21433868462.0,0.9718105580220425,-512952.4679744627,567798.5351712133
3506141,Badas,2024,1289457.677,548384.0434676339,1285371.5147204762,3154880069.0,0.9957485522812585,-586618.6975218041,646478.6829612942
3506141,Badas,2025,1166858.262,437411.93814484647,1130413.5155258733,29924579697.0,0.961078357310835,137018.27522862682,653766.5540704103
3506150,Kunjang,2018,497922.8161,136585.61222317524,497892.86596996535,47168208.39,0.9999361698355542,99940.14318492336,630477.1657367985
3506150,Kunjang,2019,484143.5378,62926.21262879092,483160.745180398,1330753135.0,0.9982022869825394,9153.530539496802,291022.23393241933
3506150,Kunjang,2020,886258.932,174094.68678113003,872630.7466334467,11101369317.0,0.9851985380086519,-143291.96541777416,254968.36115591234
3506150,Kunjang,2021,1226195.162,281015.874445944,1175578.9654767367,32196293747.0,0.9582470028949301,7702.681171663076,538981.738163494
3506150,Kunjang,2022,878827.0368,357389.81814537174,874319.7752221798,4961447622.0,0.9933302984937147,-311845.5024105197,905005.2873250758
3506150,Kunjang,2023,1215894.444,118277.18452357037,1164631.76761633,27877238119.0,0.9636444375204433,-198249.6654802841,496068.598842349
3506150,Kunjang,2024,1225036.42,349602.3284613551,1222292.209026293,1789307184.0,0.9975843232132036,-250604.80091854115,953924.9008058957
3506150,Kunjang,2025,1112565.329,514338.08262209035,1095564.4937468932,16643791523.0,0.9779716068851756,133578.900827415,853718.6710027215
3506160,Plemahan,2018,607047.6957,-32272.19679878132,605839.0617257399,1077769129.0,0.9985435450595358,-201342.73709864836,237882.9149959061
3506160,Plemahan,2019,812918.8749,152206.04757986133,784360.8469289227,25705859183.0,0.9663809984749269,-202892.37750625273,461389.28180685214
3506160,Plemahan,2020,676571.835,554043.6365619097,674599.7554273672,9308131830.0,0.9875597187908298,-96820.6391356228,519817.0131664253
3506160,Plemahan,2021,1033180.544,564257.7041140009,1024099.5121231109,11237096104.0,0.9850202842050579,-193630.8082341951,93699.77806224232
3506160,Plemahan,2022,737615.0689,748897.2948170231,737642.7595743886,1400017023.0,0.9981088954165691,-440254.27514325216,377424.20218234207
3506160,Plemahan,2023,951635.3435,497896.5936066012,943967.8144854914,9780894449.0,0.9869361277759178,-341757.7952114635,-74293.43717438157
3506160,Plemahan,2024,822781.8939,799912.2775459968,822579.5270096257,5080049955.0,0.993171949370031,-353318.19084802317,252643.42060573888
3506160,Plemahan,2025,803718.443,558944.0292160967,799152.3135340976,10816520776.0,0.9855728474597211,300035.2232870234,-68897.73944861407
3506170,Purwoasri,2018,779975.9862,377107.9034852419,771678.3336315424,11966249677.0,0.984063769327589,-105364.33969696006,405028.5656352117
3506170,Purwoasri,2019,671492.6109,423651.6865483993,665645.6801480139,13748354206.0,0.9817337771951896,2337.784797674816,301036.0427541424
3506170,Purwoasri,2020,744560.1771,694976.367825604,742010.9037057131,30840889799.0,0.9599343018261848,288235.02853915753,172145.18325888494
3506170,Purwoasri,2021,1134020.032,526702.435903354,1116056.3456172624,17343895350.0,0.9770662558192174,-431368.324242327,99352.99198436795
3506170,Purwoasri,2022,1098129.925,706428.0352197706,1089165.5434906262,13327437512.0,0.9822831040904595,-534565.9731390753,445284.27092529985
3506170,Purwoasri,2023,1217093.284,527783.3173261404,1194992.0389076949,18848742224.0,0.9751259002491276,-442985.62198673293,306450.14877033676
3506170,Purwoasri,2024,1223074.612,811022.4839354474,1211337.7642231989,16683096167.0,0.9779207349717828,-436950.32969434775,534816.9832308432
3506170,Purwoasri,2025,1537922.288,743476.9086154329,1374821.3833710458,147000000000.0,0.8340702463480775,425967.0259077298,354555.85860612046
3506180,Papar,2018,823270.5684,134172.72363875678,804740.5355785353,15723920328.0,0.979163707408096,-122189.87766685098,660784.3641069885
3506180,Papar,2019,868118.2916,95543.65192054531,857557.5180636264,7886062317.0,0.9894402392666722,-20421.308729280514,631976.5840181056
3506180,Papar,2020,1011218.854,209988.29083383174,1005595.5138556183,4021823298.0,0.9945866027841392,-113783.40788897248,725406.520633955
3506180,Papar,2021,1178927.853,810587.771424887,1177860.7226550095,1653316020.0,0.9977675099259953,-48852.317943235175,801908.638805092
3506180,Papar,2022,1208328.004,785250.8764927469,1168983.1057354298,58342831030.0,0.9268208127919957,-115816.66595150664,459460.93073459517
3506180,Papar,2023,1045120.087,428216.7753461539,1037457.5015244412,7156715514.0,0.9904074962540715,-3388.9199350871786,482719.9790131536
3506180,Papar,2024,978593.4348,524325.8893828607,972598.1225193205,7610221891.0,0.9898058355719486,-38966.98313432983,619588.257865168
3506180,Papar,2025,1253408.525,470071.7825288182,1229149.1762856448,18185298263.0,0.9759803968442206,561891.439563745,499091.62283512374
3506190,Pagu,2018,646214.8307,616891.2329367262,644561.709259526,33995033413.0,0.9560169473657235,276923.4919186569,242054.66040040914
3506190,Pagu,2019,923925.2683,420250.7752004257,923925.2683,6.49e-22,1.0,107954.1194732018,-6942.339562200243
3506190,Pagu,2020,1009233.193,648625.7596538997,1003088.9710201076,9863318988.0,0.9868274874358073,190897.14808698354,360266.48720537336
3506190,Pagu,2021,1442960.716,1091188.5982274306,1442960.716,1.76e-21,1.0,104790.88886585529,368611.94537412166
3506190,Pagu,2022,811636.4749,1197485.3580871983,811636.4749,1.13e-21,1.0,-40703.2645606804,399489.3195792022
3506190,Pagu,2023,1141736.461,789689.9522200276,1141736.461,2.95e-20,1.0,27932.61271550029,-335226.1813529688
3506190,Pagu,2024,1417815.244,939576.288329366,1417815.244,3.4200000000000005e-21,1.0,-73150.70125086012,210272.12093447743
3506190,Pagu,2025,1051378.034,739684.213496186,991251.5497129863,136000000000.0,0.8445566948345314,387693.85121202597,437965.961111733
3506191,Kayen Kidul,2018,1130383.261,400991.2041399613,1022877.6444050272,98366544617.0,0.8825170542740509,-306512.47131037136,450741.27823062195
3506191,Kayen Kidul,2019,683855.4058,429377.7508669715,683140.4798513443,1603099849.0,0.9978351705602607,-4540.47829149988,557651.9426026319
3506191,Kayen Kidul,2020,1116970.7,575195.177173364,1095330.5033140415,23674030449.0,0.9689557999614181,199009.1262777126,185257.10895666538
3506191,Kayen Kidul,2021,1093975.716,782971.7701454868,1092376.4980785868,2941088217.0,0.9960355113539642,-79230.60372314934,524363.5653190028
3506191,Kayen Kidul,2022,1469976.615,848081.960642248,1457100.7974288089,12030160967.0,0.9839800180559382,-304093.02092151943,306721.4403513841
3506191,Kayen Kidul,2023,1382552.047,626617.3162094823,1291388.803153418,78032358870.0,0.9044832436472253,-124508.1840594732,572970.389174447
3506191,Kayen Kidul,2024,996498.9407,832245.3293390076,993497.2115599771,10592392316.0,0.9858675667897937,-151323.89875898225,723184.5393099806
3506191,Kayen Kidul,2025,873925.691,492410.146501217,867383.4525916682,9927807862.0,0.9867425040220412,415224.1772749789,199844.87485670717
3506200,Gampengrejo,2018,915537.8759,636649.9925222708,915526.0611952957,24106767.14,0.9999673766084092,378213.22618488024,349974.9385632842
3506200,Gampengrejo,2019,872855.599,640846.5481343361,872677.1116186348,438090843.5,0.999407469006887,411852.16519480885,329694.485977232
3506200,Gampengrejo,2020,823490.0843,746613.0102107456,823490.0843,1.91e-21,1.0,321366.20565832243,266617.3233134374
3506200,Gampengrejo,2021,1500310.166,634233.2472753695,1500310.166,1.2e-22,1.0,200642.75679735886,113109.20192867471
3506200,Gampengrejo,2022,1391811.943,1014838.959234172,1391811.943,2.6e-21,1.0,266932.6056614778,863306.8292087046
3506200,Gampengrejo,2023,1156997.419,986914.0850609057,1156997.419,2.34e-20,1.0,600819.2127160324,602934.4955276456
3506200,Gampengrejo,2024,1047462.011,1121819.7457046164,1047462.011,3.01e-21,1.0,490061.78608657944,379162.66189609875
3506200,Gampengrejo,2025,865622.7994,1052039.6798561227,865622.7994,1.3400000000000002e-21,1.0,941888.1609606015,96560.03045963147
3506201,Ngasem,2018,945254.9595,803312.0514400897,944902.420628255,1416774218.0,0.9980863035741413,38101.473478021166,319368.9853635498
3506201,Ngasem,2019,859677.221,648355.0534836947,852999.6963940111,18567031133.0,0.9754885531198507,116323.34506296467,111865.61456964514
3506201,Ngasem,2020,1087945.373,615407.1307141195,1066475.9451629582,27083514328.0,0.9646429583295411,124105.8068669092,162780.5193568212
3506201,Ngasem,2021,1042540.45,952502.0242648441,1041749.1237110416,5045321346.0,0.993218311230564,-39810.315720722436,470260.28758358257
3506201,Ngasem,2022,1322371.59,906946.304608498,1219203.9348533133,188000000000.0,0.7971771072856082,-209527.55246093406,156942.1256496223
3506201,Ngasem,2023,1203552.872,943142.525917837,1193899.3897136366,21905770001.0,0.9712077910201513,-30027.465463792745,407214.3903240714
3506201,Ngasem,2024,1153806.378,974279.2387991452,1146950.7165421797,22592074244.0,0.9703324974808937,-53988.31083496204,324194.26506917796
3506201,Ngasem,2025,1451125.76,1137382.4482607811,1429136.5577757226,42886424522.0,0.945144239936278,653329.8151264834,254669.13354617194
3506210,Banyakan,2018,779506.3992,569773.482462141,778397.0781140422,3025667434.0,0.9959219663319399,167007.91879796848,304025.9611669227
3506210,Banyakan,2019,812422.3221,430578.4770175316,799714.377264902,19589185797.0,0.9741739954929532,241183.37798092954,265210.7713113842
3506210,Banyakan,2020,824366.9401,571329.9794007472,821719.5675914794,6016253644.0,0.991923768865569,266759.9147510268,451756.26697849657
3506210,Banyakan,2021,846796.3292,712884.1724242681,846009.4831654795,3363229277.0,0.9954690575615056,101213.55037119516,410435.5776907113
3506210,Banyakan,2022,705135.1912,921377.7995436478,706792.6070424543,4395002077.0,0.994087271976079,86159.57856406712,293055.52008371917
3506210,Banyakan,2023,787342.7627,577949.0397282506,783328.8462901444,11120848709.0,0.9851729512106738,-78488.8495348554,-29621.766017760616
3506210,Banyakan,2024,934173.6953,806316.5283459218,933026.915352666,5149857617.0,0.993078770907396,-17436.834786495034,210457.07426742476
3506210,Banyakan,2025,983704.5289,768806.8346253004,980697.5471096867,8075068699.0,0.98918988787484,720057.0178424643,241074.90652083536
3506220,Grogol,2018,558884.8079,738042.2123987607,559482.6940275187,1905297598.0,0.997428131628254,-82086.47247108276,-126181.20461578385
3506220,Grogol,2019,580858.5146,453590.3584319921,580844.7568535163,61517949.2,0.9999167527303284,147166.12473549607,-343015.0577692805
3506220,Grogol,2020,582938.2307,466550.0941732917,581597.729961827,6630048541.0,0.9911071367061595,281041.85617011116,-1310.8891547295498
3506220,Grogol,2021,931230.899,1176478.455989422,938469.8503738126,17306543899.0,0.9771145151462878,-15309.874383678223,155374.1737034396
3506220,Grogol,2022,790117.6935,1172374.778244439,808521.7722851033,28781635282.0,0.9625092040004193,-150797.22138894044,-212618.31650417252
3506220,Grogol,2023,1029170.258,979751.1040715183,1027624.8921612422,18367957404.0,0.975744987802519,-79281.13888789773,-416420.2788026689
3506220,Grogol,2024,732800.7061,1114450.7838630888,732802.5848874002,2801184.862,0.9999962090816633,-200206.24927580624,-64256.96993762243
3506220,Grogol,2025,960794.4584,764405.4506841248,959811.6473539268,2861930257.0,0.9961418019605945,338469.88813836547,-419017.11243303225
3506230,Tarokan,2018,837862.9564,513269.7691313085,833589.6966947056,7591064456.0,0.989831236689851,-258095.58481005277,325742.95892378467
3506230,Tarokan,2019,934618.5524,178910.77128788107,896097.8591948015,30562507350.0,0.9602815870201776,-28169.691166480363,197166.98016183206
3506230,Tarokan,2020,624102.6291,219086.5324911275,623354.0718911364,1053618712.0,0.9985761345169368,136923.79305348423,651577.1608262147
3506230,Tarokan,2021,809450.2772,575377.2861358926,808076.566542428,3359135915.0,0.9954745471827801,1741.9376367311634,473743.9155171347
3506230,Tarokan,2022,811676.0082,731765.0178250155,810468.4175137422,8730791383.0,0.9883223213532977,-65070.55983913745,283687.17765764846
3506230,Tarokan,2023,737604.1646,629462.5712228001,737486.78907538,618277959.4,0.9991639642823603,142086.15926192576,131607.5675061713
3506230,Tarokan,2024,861162.0688,749281.2178723234,859449.7617952345,8844053739.0,0.9881726215198673,-92978.97668066909,116655.77826071833
3506230,Tarokan,2025,844210.2648,381461.7337929342,843857.4507871357,434169560.7,0.9994127695449081,448741.4035369799,106842.134826703
3507010,Donomulyo,2018,950671.3653,990555.9836998753,950671.3653,8.59e-22,1.0,286480.78448601987,46389.27276723822
3507010,Donomulyo,2019,630557.2051,914960.2293109724,631331.644976939,1553692463.0,0.9979017504043401,357340.76764392026,80580.31240109098
3507010,Donomulyo,2020,865416.5497,1189481.1720935707,865904.0243566716,857238264.9,0.9988412164851208,375396.0086182076,-163947.8451361888
3507010,Donomulyo,2021,986501.2206,1161897.1518759544,987233.9237139657,2387008160.0,0.996779987790104,387382.68662770616,-192826.23656183796
3507010,Donomulyo,2022,1250443.655,1391085.0205754687,1251559.3936501748,4550256137.0,0.9938796823739264,314099.3237702961,-10900.750673135859
3507010,Donomulyo,2023,1201934.317,1493162.2232750645,1217042.9039473531,31135396670.0,0.9595671745686977,365805.47177291574,96254.13199517503
3507010,Donomulyo,2024,1496769.427,1542041.9977744722,1500588.862992999,52428714204.0,0.9337474012977259,198991.5784038731,-57603.91513094283
3507010,Donomulyo,2025,1413357.508,1201097.0839909234,1409251.3775463733,11224699380.0,0.9850365624943254,434171.88050433935,131923.84081823262
3507030,Pagak,2018,725141.0069,587067.2821602817,725135.1510232361,24133852.61,0.9999673399551728,-104025.85695205159,65638.56444130353
3507030,Pagak,2019,813305.7089,634104.3247629065,812638.617457317,2126136148.0,0.9971308877123711,121792.86654654038,93656.46655373217
3507030,Pagak,2020,1015237.009,1068278.8881691934,1015237.009,8.3e-21,1.0,250121.26942814098,180143.20793689112
3507030,Pagak,2021,1258618.952,1127512.4851510949,1257500.7764370525,4894779256.0,0.9934193313702396,-50351.43895805122,81266.33708297706
3507030,Pagak,2022,1187847.642,1131003.785581475,1186869.458575722,9963286372.0,0.9866957566960749,-238813.5862402987,164148.02746188967
3507030,Pagak,2023,1333460.222,1047041.7123551837,1327879.5662433596,11307248512.0,0.9849281763596891,-137281.1107854782,107249.52000437072
3507030,Pagak,2024,914702.4526,1091415.7472445809,917106.5362913948,7847956630.0,0.9894907281073083,-126367.86616314747,295625.099766709
3507030,Pagak,2025,705665.6186,1269234.8393863065,705665.6186,8.61e-22,1.0,541283.9394276926,-96437.801342397
3507040,Bantur,2018,609884.7866,1833682.7847915732,622778.4085514883,6058881136.0,0.9918670110294785,-164883.83923694954,-584993.9429794643
3507040,Bantur,2019,705594.3408,1192243.2697401578,707167.2985210487,1845162572.0,0.9975091027746862,33301.13996682274,-1263447.3773147154
3507040,Bantur,2020,776696.3874,1143353.306599947,786304.9397838333,15312928696.0,0.9796972689139982,49252.44672182968,-655406.388714051
3507040,Bantur,2021,923819.1101,1357708.2608086234,930140.6402343843,8412881130.0,0.98874274850431,115498.74896918485,-366461.01500565594
3507040,Bantur,2022,613618.8366,1426678.3737517113,617234.7731506536,2541918116.0,0.9965717346729289,-218378.11512407387,-359000.2887200512
3507040,Bantur,2023,663285.2963,1359565.262178625,675280.1475293316,9974361907.0,0.9866811642157421,-136548.9008625168,-775386.1293821943
3507040,Bantur,2024,716575.187,1430139.9867155696,723778.1438588119,5802443652.0,0.9922085515404219,-222718.48288289423,-758256.4854037166
3507040,Bantur,2025,1033617.466,908369.7192610779,1030525.0371107472,14405047433.0,0.9808779707435087,439418.412051578,-766581.3809437243
3507050,Gedangan,2018,751128.3888,394272.7946650795,730882.3715653191,34224765666.0,0.9557328753893863,-348066.978657283,132958.76716160183
3507050,Gedangan,2019,674939.7653,444469.6752382856,664784.1931100282,26229416551.0,0.9657197448383397,-65626.70122679217,295400.76034572633
3507050,Gedangan,2020,400010.446,803714.0723957743,403528.75179149146,5002646069.0,0.9932752876300911,45603.8616347716,247655.30536681344
3507050,Gedangan,2021,886732.1213,392200.1077172565,882536.8834554114,4868436051.0,0.9934545160426147,35869.690707146685,-293439.0901144628
3507050,Gedangan,2022,699151.1296,633145.1662257151,698811.8662323611,2939809072.0,0.9960372287658968,-321673.4558786354,479399.78114876687
3507050,Gedangan,2023,621813.6193,616785.1741070612,621792.3074164367,2421921316.0,0.9967330447101457,-154283.2494967634,148569.2419077881
3507050,Gedangan,2024,683789.3483,661575.7066054393,683759.1027324304,775820146.5,0.9989511591035947,-245415.43943656827,28977.160817268654
3507050,Gedangan,2025,880834.7755,952399.5644726006,881709.1547829148,7038282744.0,0.9905647398530323,394124.21656988794,8337.07471205038
3507060,Sumbermanjing Wetan,2018,754914.7074,1628855.8228654277,756919.9000252393,1308575778.0,0.9982321933885331,-203174.2630712328,98501.49288263843
3507060,Sumbermanjing Wetan,2019,839001.1344,925019.7699421155,845665.5451477242,47788021639.0,0.9392554814004881,-68378.29779178469,-782306.7707723184
3507060,Sumbermanjing Wetan,2020,996697.1654,760469.0490072442,995424.1797657647,3082946004.0,0.995845086297735,175219.92047772955,-159288.78784591786
3507060,Sumbermanjing Wetan,2021,1038378.239,920587.8376252586,1036753.2845402926,7959606088.0,0.9893428106423785,78668.44919220387,388203.8585569466
3507060,Sumbermanjing Wetan,2022,814031.4668,969410.7487362231,815199.8096457517,4311044151.0,0.9941995679250998,-53339.11823175289,365574.56902035547
3507060,Sumbermanjing Wetan,2023,832016.5424,913880.8454683912,834572.0926659621,18335411294.0,0.975786924547248,120686.12777071359,94118.42919215374
3507060,Sumbermanjing Wetan,2024,853935.7956,806707.146316203,853702.7327395409,2821911232.0,0.9961955467752361,-91926.84501894208,127614.78698398953
3507060,Sumbermanjing Wetan,2025,976394.3183,807834.6607324115,972879.4420629155,12118129520.0,0.9838647647372588,531595.3836640922,203424.060017767
3507070,Dampit,2018,865722.9562,1013741.3226031886,870763.2435104686,20059180397.0,0.973570740092805,-532809.013845994,95694.0692887407
3507070,Dampit,2019,955754.2604,900952.8425311887,955460.1988498284,3069802763.0,0.9958627262757103,2791.571481508363,-96603.39690729289
3507070,Dampit,2020,1008964.696,1025483.1832904846,1009225.4137494994,9125086388.0,0.9878013740309843,258741.78678269067,182826.5634511892
3507070,Dampit,2021,775316.3697,941203.4440057131,775559.1584821837,834025842.8,0.9988725588167257,56220.23772573699,298360.2960548429
3507070,Dampit,2022,657041.6696,1051525.9534393174,657679.787235197,921937486.0,0.9987538674150163,-305859.02667191345,119476.47532578686
3507070,Dampit,2023,808546.0842,1148929.889039115,809267.0937953151,1207870610.0,0.9983680179448873,-146492.05882636172,-186740.47473732103
3507070,Dampit,2024,942289.942,1252754.3607635065,947633.6971930214,9965573186.0,0.9866927436876788,-190932.21514425558,-175010.79549326468
3507070,Dampit,2025,936530.6716,594889.3919645657,929095.949522635,12658350606.0,0.9831575775646276,593062.3995510652,-126762.69561957032
3507080,Tirtoyudo,2018,563385.7713,692093.375414594,566526.8251517585,14234059219.0,0.9811006598791254,-555099.009463297,-304654.7762943446
3507080,Tirtoyudo,2019,615462.1621,981109.5006643477,624413.7673033905,14280070598.0,0.9810407263075646,-270535.8274997422,-227518.84207073052
3507080,Tirtoyudo,2020,1087662.215,1316964.546671636,1120939.3492515092,96596494897.0,0.8843866817029175,-42042.653721421724,-392502.38696775516
3507080,Tirtoyudo,2021,1103368.341,1753976.0874120807,1115204.6894969617,10543860004.0,0.9859314079199728,73930.1183218451,-167758.57293301844
3507080,Tirtoyudo,2022,1078866.955,1760875.1070111347,1089254.8421615297,8800974867.0,0.9882295538924024,23486.110308676318,-480097.1165394052
3507080,Tirtoyudo,2023,1178437.343,1613956.6424465512,1203939.2465352702,35391393639.0,0.9542929005347205,-199371.9481249859,-549232.3238733402
3507080,Tirtoyudo,2024,1178578.79,1552894.3618080264,1180122.7924630423,2356853325.0,0.9968205365473257,-325250.00908856746,-422972.1965198496
3507080,Tirtoyudo,2025,855418.9146,878945.5101378614,855707.3134457262,7061849268.0,0.990533446518415,344199.76430987753,-367775.6505972019
3507090,Ampelgading,2018,756486.4529,1398489.0013900253,756935.0243326905,397855860.3,0.9994618587421757,387902.54398189404,-615947.9365963658
3507090,Ampelgading,2019,488625.0317,1400680.0137412625,488625.0317,1.07e-21,1.0,373859.1157823109,-456969.61259780836
3507090,Ampelgading,2020,1002094.954,1357287.197585883,1050204.4678984566,89146218459.0,0.892343712771973,282853.82671473944,-740011.7269147483
3507090,Ampelgading,2021,727804.6277,1804641.2642012655,727928.3273195015,65372603.53,0.9999115369995403,233276.19434961642,-230136.58420110203
3507090,Ampelgading,2022,580495.1836,1666886.05526732,581643.0737417715,601867218.1,0.9991861368335511,-88113.00600576593,-833715.9398161197
3507090,Ampelgading,2023,762027.4696,1742375.604664299,776284.999145437,8397572660.0,0.9887630025418777,221953.08758301358,-1009812.3119649655
3507090,Ampelgading,2024,936362.9148,1773999.2382733799,957885.1610905608,15005970103.0,0.9800961511368178,208126.31870285422,-876369.57786386
3507090,Ampelgading,2025,730875.2451,1089459.1742653772,730963.1073672737,139458618.8,0.999811301822333,606480.7908998857,-691253.7380190598
3507100,Poncokusumo,2018,970375.2564,1967469.3647905746,989436.9373587704,11090095626.0,0.9852133469658267,-354883.3379587606,-613100.1656453582
3507100,Poncokusumo,2019,858844.3016,1339643.6673481953,868349.9763874904,11476743484.0,0.9847057060084443,-74974.83996534944,-881232.0530536879
3507100,Poncokusumo,2020,594945.0773,894960.0690820053,595688.0376792195,1412624947.0,0.9980918974745657,-120513.26968842527,-381885.7905154553
3507100,Poncokusumo,2021,737510.2437,1934968.276380578,740575.223570863,1460184409.0,0.9980277832492243,79958.6559181675,-83805.05468099401
3507100,Poncokusumo,2022,659074.4507,1814196.4311101648,664362.7564747741,2617031102.0,0.9964707878933245,-271185.787403909,-779950.43795878
3507100,Poncokusumo,2023,606342.4477,1808852.050853196,610082.1131776738,1775105873.0,0.9976034499244344,-301430.04002657084,-933082.8558003149
3507100,Poncokusumo,2024,623048.296,1735051.968513635,623237.3584216571,96760964.49,0.9998690674499343,-295002.33395041473,-1065444.8339949716
3507100,Poncokusumo,2025,838877.6115,930465.3103922838,842695.757391892,24753463918.0,0.9675861997427962,387788.0023309378,-999901.3083566561
3507110,Wajak,2018,1140501.615,225912.254896659,1137772.37708994,1703101458.0,0.9977004387133878,-1074062.6218026553,-190980.2835789685
3507110,Wajak,2019,1038939.86,533166.8266895914,1035330.5952803456,4089787191.0,0.994495626533457,-704543.7174571024,637831.6131365362
3507110,Wajak,2020,811085.0076,898950.4280513454,814102.0703290582,20233371151.0,0.9733473495582199,-348159.1248252497,466867.4773271644
3507110,Wajak,2021,999278.3575,1344876.332962856,1014998.1915506361,27115759104.0,0.9646023534165157,-226955.1347883487,36317.91970972461
3507110,Wajak,2022,640968.2429,1531328.7215717735,651512.295931971,6819348176.0,0.9908555515395477,-263209.10811995575,-220547.23510505084
3507110,Wajak,2023,684355.6596,1459058.1120350212,694010.5434411757,7181017132.0,0.9903752370842881,-408393.17424502736,-754349.6587150418
3507110,Wajak,2024,870122.1839,1561483.9277673105,877326.9573026221,5992277529.0,0.9919556955404856,-497541.2861439459,-834960.5748894241
3507110,Wajak,2025,823962.5006,1042453.7985714405,828324.3199008043,11590937371.0,0.984555877662734,208989.25046223096,-778438.5833333562
3507120,Turen,2018,820130.0619,1621352.661301441,840336.4207233542,14721611246.0,0.9804659557008019,-9238.334294643108,-308361.22080131614
3507120,Turen,2019,882602.7866,1319883.112460119,902240.9789537132,26756207349.0,0.9650553200832814,429425.3882219397,-708662.2334382079
3507120,Turen,2020,839066.6005,1336405.7905805924,847473.6217549655,9784099986.0,0.986931902244516,567480.1078663049,-341368.90969874174
3507120,Turen,2021,899196.6391,1702578.3538196543,910590.8240125318,8186386948.0,0.9890424988000447,432603.59827831923,-227323.00999454758
3507120,Turen,2022,1146048.382,1731132.6900344456,1185670.8674660001,41333740111.0,0.9470250591829443,180320.35003991865,-529498.1428331449
3507120,Turen,2023,1482582.117,1776504.934292051,1510683.736855789,60154634662.0,0.924719352660206,311522.1521425982,-388204.3406556763
3507120,Turen,2024,1223680.576,1883429.087720735,1275914.9131198626,48924570442.0,0.9379005013538088,293045.59943897126,-84284.74785327585
3507120,Turen,2025,1261279.226,1500050.9386513934,1264041.701678808,6660346311.0,0.9910668614299735,873085.3204651363,-383630.1757472721
3507130,Bululawang,2018,688943.2402,1389797.9055949063,715129.3652648368,22085545328.0,0.9709783579060831,168964.5226814335,-819140.1188807243
3507130,Bululawang,2019,1062434.312,1318744.0426461147,1063663.0974349752,2741103198.0,0.9963040881589844,144856.45744398527,-720550.7610382553
3507130,Bululawang,2020,1766549.676,1626546.0105003826,1739063.84781649,139000000000.0,0.8416706931931156,249084.52232697682,-325890.7792731754
3507130,Bululawang,2021,949138.719,2453941.0344997067,984915.1962323465,13857838302.0,0.9815909931638147,113816.53940493184,230555.019745399
3507130,Bululawang,2022,736766.4908,2271849.910910345,750035.6203431691,4961444356.0,0.9933303028549333,83956.23904771649,-1273468.7869221712
3507130,Bululawang,2023,761636.9703,2237303.979726145,762667.2486972639,397554702.9,0.9994622658697067,280997.6189525381,-1537185.5745570397
3507130,Bululawang,2024,888596.2613,2223239.1528443424,899766.5360772017,4802598108.0,0.9935424618173886,28376.965320886717,-1525572.9273055173
3507130,Bululawang,2025,1383163.517,1381562.1353669656,1383050.21116204,43326597383.0,0.9446124020125171,465089.52349352743,-1442166.961320965
3507140,Gondanglegi,2018,444284.2835,2874139.975598053,452322.84733743576,1888706468.0,0.9974504700879181,359198.57867188205,-1769939.5049985242
3507140,Gondanglegi,2019,416117.7714,2024026.2840064531,424773.2767518702,3079658794.0,0.9958494981122762,217491.4790885974,-2449489.98842119
3507140,Gondanglegi,2020,649561.7814,1725438.6089365857,658232.8787039182,4623312616.0,0.9937820288334643,107023.64078482127,-1894145.303320927
3507140,Gondanglegi,2021,895979.1281,3091504.6394807994,919389.9126772918,6132824792.0,0.9917685716171993,-13648.505327432504,-1267738.017268685
3507140,Gondanglegi,2022,872928.587,2763385.3288576286,873213.2709151369,85701601.98,0.999884030742375,-446455.8195016067,-2178398.1632589246
3507140,Gondanglegi,2023,951180.6536,2617441.558691909,952201.9859717938,348993809.5,0.9995279185262989,-332834.6171346452,-2113885.499642334
3507140,Gondanglegi,2024,1113715.794,2470423.1405156683,1125486.941649464,4980173505.0,0.9933052937134303,-592031.8768202534,-1895931.9740035492
3507140,Gondanglegi,2025,808946.9761,1593078.7224607659,811500.4820875437,1859052993.0,0.9974903983090697,311397.51248681796,-1606089.8353060463
3507150,Pagelaran,2018,539370.8607,1232855.217938282,547079.6274739135,6396320734.0,0.9914179446195241,-500657.07274703414,-468292.3834716876
3507150,Pagelaran,2019,456221.4663,755918.5913490732,457573.21068603534,2578116899.0,0.9965230834005389,-114918.58363301176,-907986.8816194852
3507150,Pagelaran,2020,599928.4578,667932.8355887472,600466.5187574616,4538076656.0,0.9938959643767857,172692.20496458968,-540800.5302447688
3507150,Pagelaran,2021,895777.1016,1339840.6793457149,897865.8075180438,2689100712.0,0.9963739504281235,234784.30559564606,-89966.92924287543
3507150,Pagelaran,2022,584821.1074,1482418.5214892724,599438.235219299,9419728514.0,0.9874124476809015,-75052.40993903705,-316443.9936395
3507150,Pagelaran,2023,1098381.761,1544107.8805553229,1201840.3954208922,172000000000.0,0.8111792972064109,-39793.45273792438,-832519.7001114275
3507150,Pagelaran,2024,1021914.332,1877765.0432452795,1073054.7912755052,36161999737.0,0.953344114838013,-9038.365618779324,-506937.04007116635
3507150,Pagelaran,2025,958651.4828,863189.1193365504,953955.8784883501,29436895937.0,0.9616883656300067,622512.322245446,-802852.7826549854
3507160,Kepanjen,2018,999055.0014,2479176.023329673,1008644.6257411164,3710689728.0,0.9950032977962917,210465.72467665124,-1016402.3278274518
3507160,Kepanjen,2019,961551.4836,1778283.5297361813,992894.7719823912,22708436162.0,0.9701842490955044,288017.81382507103,-1473536.457600926
3507160,Kepanjen,2020,1307786.015,1442591.4048155858,1312951.8170021444,22673964572.0,0.9702281621570474,160528.1221223434,-921449.0726134285
3507160,Kepanjen,2021,1270865.447,2208046.5237141717,1314160.6299711198,27560357361.0,0.9640428320089688,230136.0970486808,-134013.7215706231
3507160,Kepanjen,2022,1320502.807,2616214.0446679634,1369853.7281862611,22530923853.0,0.9704104229763375,115127.73954761543,-715178.959929249
3507160,Kepanjen,2023,1480417.376,3007564.474452897,1668226.5157436735,79790997587.0,0.9025403541998623,174523.76844167366,-1143687.9450268764
3507160,Kepanjen,2024,1525207.87,3407891.3926329967,1763806.4678466688,82579260415.0,0.899477017640684,115121.32278660625,-1471915.5554044696
3507160,Kepanjen,2025,1896081.49,2356028.9516717577,1932750.981950588,49295420604.0,0.9374592237032331,580378.6385332263,-1862282.150722417
3507170,Sumberpucung,2018,1395353.213,751379.370660571,1357166.437851522,35869088083.0,0.953704531194398,-147928.01560178035,307980.6628400417
3507170,Sumberpucung,2019,901568.6813,758430.89979458,900265.2744748858,5229086686.0,0.9929730380395874,151860.05000771116,665743.8650937957
3507170,Sumberpucung,2020,1126868.113,690613.4750536728,1092917.062018309,48020498810.0,0.9389780064548356,172799.31967659792,266928.5016575713
3507170,Sumberpucung,2021,1024067.512,764756.1970469572,1022372.3965489401,3744151924.0,0.9949584657858033,261427.81613332086,533245.2558074142
3507170,Sumberpucung,2022,827164.1379,870832.2206517159,829505.4572328307,32237147486.0,0.9581962374676946,-60134.72926687286,455050.1845736586
3507170,Sumberpucung,2023,1054194.632,941246.493657077,1047671.2575062222,34878433006.0,0.9549255156028195,112601.77736816129,89792.2659955729
3507170,Sumberpucung,2024,1019152.331,1103577.10475857,1019201.7025126079,332956828.2,0.9995496018676732,-185087.57050412806,184171.55716824776
3507170,Sumberpucung,2025,984741.3501,976248.5645651533,984740.8361947275,34433926.31,0.9999534016421121,777775.9191931849,-46871.03224420315
3507180,Kromengan,2018,1201977.689,571430.3869265288,1198637.9877748808,3029867608.0,0.9959163284010083,-185372.7528684078,1071124.9799745823
3507180,Kromengan,2019,1338235.141,384475.20503422036,1338235.141,8.5e-22,1.0,-32760.77505924025,720940.4315652363
3507180,Kromengan,2020,952052.8738,499890.55577634624,952052.8738,4.290000000000001e-21,1.0,6006.90120409434,984498.9345357025
3507180,Kromengan,2021,2038211.33,759712.6947146179,1679400.196591079,222000000000.0,0.7689706962490225,207600.16207809973,591828.6383097826
3507180,Kromengan,2022,1413203.321,916592.0525534973,1344050.9574437833,92053437046.0,0.8892217749559026,-62431.07364913428,1443616.8177475764
3507180,Kromengan,2023,2063160.234,696844.2467048138,2061146.077231519,840059712.3,0.9988644114579738,-29198.61146100823,794305.3115135466
3507180,Kromengan,2024,837154.503,822148.2147013276,837054.9572287551,3799858411.0,0.994883840259912,-252384.90399964078,1495287.275500206
3507180,Kromengan,2025,2646181.001,588327.0583371205,2646181.001,8.5e-22,1.0,438719.67062414123,243048.76817159937
3507190,Ngajum,2018,395630.0763,1427137.7962019278,395630.0763,2.39e-22,1.0,-28950.720313964644,-131361.6407213419
3507190,Ngajum,2019,941664.1118,1061397.5008511858,961502.0603965765,113000000000.0,0.8673579801092823,109992.78785994844,-983891.9857834666
3507190,Ngajum,2020,578137.7716,1209021.105101688,578171.0622925176,30027836.44,0.9999593640237344,330353.3908488579,-233470.63374973263
3507190,Ngajum,2021,1835371.249,1679307.0928560663,1817515.1908417575,73515590589.0,0.9095117727297888,394496.01413066196,-504450.01767717104
3507190,Ngajum,2022,1718659.389,1864769.8549161218,1744455.2892693188,122000000000.0,0.8582906469624006,-86530.12250591896,320931.43516965024
3507190,Ngajum,2023,1896301.985,1928361.6467380763,1905034.1274467618,213000000000.0,0.7762410105821748,69181.09242132807,76912.25997941964
3507190,Ngajum,2024,1654115.6,1855420.2521463977,1655572.1647364297,4147220667.0,0.9944187592395187,-555368.138265007,155751.41263452987
3507190,Ngajum,2025,1069320.756,1135157.5976468665,1069326.196822094,47028245.63,0.9999363592274717,734034.5357898868,-161074.61929442687
3507200,Wonosari,2018,731340.5241,787742.0289900793,731672.1162474344,3365128913.0,0.9954665099739715,181254.44689594803,118551.7998475216
3507200,Wonosari,2019,967254.0928,873026.6292132719,965802.882472918,8900632701.0,0.9880978576014248,347843.8263069125,57259.52019164362
3507200,Wonosari,2020,1203167.662,1081274.2425418245,1200151.71846849,14436136488.0,0.980837492294348,297046.16686463216,214035.27748845005
3507200,Wonosari,2021,986036.1241,1457601.5435365424,989777.4954586637,4550672941.0,0.9938791251836044,306652.4005106715,283615.77250001
3507200,Wonosari,2022,933021.4747,1238796.4357035537,933123.271400336,189497610.1,0.9997436125990089,233009.9509456728,-273873.68637106253
3507200,Wonosari,2023,817347.6999,1076464.9375919886,817627.3405326483,614752446.3,0.9991687275198196,460179.25378249877,-175247.18589034805
3507200,Wonosari,2024,889191.7237,907170.131929377,889709.6687321786,16879332189.0,0.977666826278762,482087.99466271984,-86713.61865837185
3507200,Wonosari,2025,1350737.142,991671.1061583541,1306798.187359929,79339844032.0,0.9030379782173167,710705.558506739,197278.64039566182
3507210,Wagir,2018,984994.8878,615159.1113233751,979370.6695952564,8786902081.0,0.9882481536908286,-131692.74910399207,836427.2053176104
3507210,Wagir,2019,1103731.733,395481.30233416037,1100127.5807905926,2910444420.0,0.9960766561075819,-163258.7831288593,550906.2370347965
3507210,Wagir,2020,1032270.045,379585.0221891764,1030671.3689805387,1397169901.0,0.9981127339727777,-131151.2126575879,800166.2290698614
3507210,Wagir,2021,1627529.747,864734.5457862985,1559247.570853394,55944102064.0,0.9296177690756602,-167386.14497011044,835127.7864168762
3507210,Wagir,2022,1003512.201,830575.7621042158,1002020.7659317837,4950018999.0,0.993345559818987,-373259.27451262804,998283.3801859638
3507210,Wagir,2023,1344346.197,560107.3350429452,1313206.9782438574,23527870419.0,0.9691415479447878,-31109.489279191606,424432.8939310737
3507210,Wagir,2024,1266090.757,552096.1348799693,1251144.322624932,12166280761.0,0.9838016901000707,-193483.92839543437,970062.2735971308
3507210,Wagir,2025,1117204.138,455741.3053761727,1070793.9639907451,42936658769.0,0.9450835142431147,419939.79127829516,959219.8670323285
3507220,Pakisaji,2018,1080758.74,977807.3908475967,1078701.1160782268,11604573721.0,0.9845379891064452,66062.28298538976,-10688.3607793899
3507220,Pakisaji,2019,935337.6774,907088.7407133484,934485.5082652009,17699207638.0,0.9766074186775785,240941.4565724222,170720.268628584
3507220,Pakisaji,2020,737622.5671,919333.0803235399,739631.8492746076,6362345190.0,0.9914631410433553,312259.32200397074,150380.6281502297
3507220,Pakisaji,2021,1327636.74,1603886.8422695915,1335510.6803653524,16694581344.0,0.9779058707319064,83039.57179277955,-2900.159680330893
3507220,Pakisaji,2022,972689.6301,1747162.2954091744,975416.667718659,2010686214.0,0.9972862587256937,-238839.8856712382,-89154.25530171557
3507220,Pakisaji,2023,1602599.61,1855876.0935668629,1604476.5074064739,4248184057.0,0.9942836615752697,271900.958976592,-651049.2788938812
3507220,Pakisaji,2024,1716124.14,2118134.7601943063,1718926.921553227,3995006950.0,0.9946225036417771,164565.8837584084,-115860.25507542887
3507220,Pakisaji,2025,1373845.427,1138693.4744602633,1367280.1236706318,16342981294.0,0.9783611202260325,818766.4178433887,-169682.67525877967
3507230,Tajinan,2018,563978.7603,1008545.052604573,563978.7603,6.49e-22,1.0,-158700.8121597664,-224355.8853297449
3507230,Tajinan,2019,563978.7603,842404.0543554494,563978.7603,6.49e-22,1.0,-84737.50500841727,-511106.805356486
3507230,Tajinan,2020,753580.7995,1005972.1292792168,758962.51098689,12397493692.0,0.9834989305297942,90490.44082528594,-416346.71899798606
3507230,Tajinan,2021,983331.3767,1208086.7693511734,986251.6508400919,7490670119.0,0.9899643723024066,-11141.492646573533,-263189.2418693127
3507230,Tajinan,2022,865659.2876,1312709.0242275079,866392.4710664132,934753322.4,0.998736566834159,68159.01265729034,-206986.32379583677
3507230,Tajinan,2023,1165504.622,1194387.614242809,1168672.805427097,70105867392.0,0.9133450180846171,246762.99318636215,-339527.75546732696
3507230,Tajinan,2024,995082.841,1254859.172857146,1013076.7317108717,42347489525.0,0.9457962230661224,55665.20492518543,61306.00463744416
3507230,Tajinan,2025,674106.1599,941963.994865971,674106.1599,1.91e-21,1.0,580464.1859005718,-140456.67424939363
3507240,Tumpang,2018,815482.9677,1664047.0160275302,816358.4430476779,587671922.3,0.999205316890289,-50104.16916493699,-336998.62216743216
3507240,Tumpang,2019,915879.5078,1278402.5157913493,923247.6346828559,11805018097.0,0.9842751153907587,-66370.36330718349,-859162.988088343
3507240,Tumpang,2020,1150133.447,1260704.1311121467,1160117.3466477417,56478952208.0,0.9289926638598653,-163041.76084465365,-506444.2541218798
3507240,Tumpang,2021,880780.5711,1434236.9345618924,881781.7906233985,1031239731.0,0.99860633543268,87632.72973223415,-152113.4887573321
3507240,Tumpang,2022,922292.0472,1429440.4853030674,935280.979919445,14956626985.0,0.9801603011405743,-276194.59330286196,-426430.4280603019
3507240,Tumpang,2023,1038315.231,1456707.7218317452,1041953.0041000498,4990816721.0,0.9932910823263961,238432.7596106627,-486696.25923638383
3507240,Tumpang,2024,1020003.194,1449575.5944540682,1027092.3953637815,9548061734.0,0.9872431441092168,23820.795046259125,-298202.87204686727
3507240,Tumpang,2025,1320644.159,1295031.1443067708,1319598.331249191,24223231513.0,0.968258481840207,621030.278660698,-334447.03381363244
3507250,Pakis,2018,1151499.517,931496.4475201659,1137318.127715306,39206223248.0,0.9496143812338453,109979.7633122796,263430.95657369576
3507250,Pakis,2019,862317.6908,878275.8126026562,862640.4915874356,11747761800.0,0.9843501901065087,241599.4727780656,437723.49522746436
3507250,Pakis,2020,1060537.716,881303.8047783215,1059711.1593597105,2636253775.0,0.9964449572056593,239292.61502457288,246586.79320740956
3507250,Pakis,2021,1082611.275,1251089.765508374,1086031.2106137734,11789821783.0,0.9842950397500811,-86513.61502764808,454988.1771584336
3507250,Pakis,2022,1166183.124,1447154.2363073656,1192447.2985752742,58674626124.0,0.9264352588764517,-111879.20945489858,106427.44053107116
3507250,Pakis,2023,1419935.364,1391213.772157396,1414898.82329665,121000000000.0,0.8592887555986988,109929.30141038286,-9393.28347452241
3507250,Pakis,2024,1533371.965,1699466.7916824955,1555515.4025159618,87529919638.0,0.8940888871405487,41114.69353207055,290990.1292926227
3507250,Pakis,2025,1239654.793,1373174.7013098476,1248203.4545360564,38923812242.0,0.9499591581172582,684249.2027102055,164996.91672845278
3507260,Jabung,2018,1145688.341,1267611.978973775,1148748.9978978105,14651948328.0,0.9805565938752195,458958.68624270504,273776.2579543163
3507260,Jabung,2019,808072.5868,1009205.659648136,810111.0719263123,5826066559.0,0.9921770791448924,507841.55524673243,232429.5353063105
3507260,Jabung,2020,998945.9217,835919.2034015302,995124.1632267699,13659474528.0,0.9818497204616369,291174.7787531227,115902.69218301529
3507260,Jabung,2021,873381.9797,1281091.0184814536,873555.2091292816,241870692.6,0.9996727757974454,84491.00482947071,436473.0904496858
3507260,Jabung,2022,1089945.712,1250930.743528112,1091048.9781091914,3926527933.0,0.994714192891274,70458.54039853107,-93285.99046608002
3507260,Jabung,2023,1279919.419,1314159.5438864694,1281973.4025129294,36312436284.0,0.9531591144002156,355288.175148634,97175.49767792574
3507260,Jabung,2024,1037199.232,1320141.0607556123,1045638.8950141196,17494707261.0,0.9768714502450181,228761.43789483278,297527.9098728781
3507260,Jabung,2025,1633097.854,1007847.6476923509,1574760.1619962149,58554536600.0,0.9265747687590954,483346.0753942662,53011.162527066306
3507270,Lawang,2018,1231461.655,1182528.5786551232,1226591.2641758167,62895590465.0,0.9215582465523876,-124365.74307279396,-320387.9899061704
3507270,Lawang,2019,809599.3472,1278296.3945727334,822252.0564998093,15787152744.0,0.9790816687953561,93553.95385829106,77132.71705568815
3507270,Lawang,2020,805233.7288,1313519.7265466785,811697.8217082896,7329685227.0,0.9901779334441642,138707.71236398796,-298000.57306411513
3507270,Lawang,2021,965700.6268,1979375.2169952367,985735.6665207003,11473308918.0,0.9847102130448682,103245.23260585539,-349484.7117254416
3507270,Lawang,2022,915834.8466,1881755.3224937795,935731.0515402611,11967276242.0,0.984062423973357,-85519.22959796316,-814279.3717616512
3507270,Lawang,2023,1193502.517,1554932.0207437375,1198887.7449475126,8606517022.0,0.9884866280430801,79885.99548441016,-854198.2664072039
3507270,Lawang,2024,981328.9205,1687883.8937997567,1010779.4452960272,24749402579.0,0.9675913455698641,75556.97210865712,-300977.75696570566
3507270,Lawang,2025,1413044.072,1251718.6002155726,1410247.9451297768,10036321317.0,0.9865995380637242,538143.2455204141,-523582.375165791
3507280,Singosari,2018,1401215.525,2170599.641344708,1456978.79079963,44463947711.0,0.9432409681754255,-81288.78834980147,-732625.7862100559
3507280,Singosari,2019,1259312.838,2398995.2263800185,1324369.5643462036,34447867934.0,0.9554571631562538,196732.83704547252,-651114.5753646705
3507280,Singosari,2020,1146985.099,2479868.029365555,1191333.9621036076,19584565228.0,0.9741799298746306,167812.5451192062,-932906.9556842283
3507280,Singosari,2021,1393826.622,2395386.74150206,1444345.2633823908,30225921700.0,0.9607018170796457,78681.2674252892,-1161211.3081061835
3507280,Singosari,2022,1364186.398,2522844.750786698,1429651.0543642987,34075098720.0,0.955917924640539,-333195.7810155642,-823017.9207214955
3507280,Singosari,2023,1782187.223,2556365.1732700635,1982782.8585611656,199000000000.0,0.7878277217938896,299823.1736135056,-976822.0805367976
3507280,Singosari,2024,1476781.432,2792928.716950793,1577789.493774636,47299586817.0,0.9398389911545059,272014.07950140856,-493196.7543758054
3507280,Singosari,2025,1229139.685,1606363.2843484674,1240194.811772213,17179484489.0,0.9772787158614328,809106.9549581748,-911578.2769398103
3507290,Karangploso,2018,1022696.156,1309423.1270764808,1030782.5092640045,16513367070.0,0.9781404528924587,-449791.76710312226,407537.6296926122
3507290,Karangploso,2019,1449753.165,982943.0971226231,1415125.5599948948,45591372211.0,0.9418854276492118,-276719.71446008404,-263375.7691683718
3507290,Karangploso,2020,847136.549,955776.4362711579,848200.3404789713,5626885497.0,0.9924425072431886,-143358.736663079,414846.35824041173
3507290,Karangploso,2021,1370568.775,871865.0490977601,1365269.4018348234,6111514898.0,0.9917969389627804,-396810.41143941774,37600.50826064672
3507290,Karangploso,2022,1106521.227,997034.6068564671,1103100.7893933905,18349831617.0,0.9757683430369068,-725766.4993151862,543312.0387093711
3507290,Karangploso,2023,968280.2366,944282.9088614428,967987.168916469,7035077361.0,0.990568996345113,-334961.9382766422,202789.61377233884
3507290,Karangploso,2024,1505454.092,907477.6373915938,1440595.485774171,69226398502.0,0.9143389734497531,-434172.11026426265,122618.56586114632
3507290,Karangploso,2025,2122512.887,1052843.418891761,1686194.6670568842,392000000000.0,0.6533786491812836,309824.1631689133,672324.6460423616
3507300,Dau,2018,3760129.017,1318071.890745311,3760129.017,1.91e-19,1.0,-325814.3212564194,1310709.0046834457
3507300,Dau,2019,3447245.69,1695318.7347039743,2112594.922123977,1820000000000.0,0.28876163030059127,-181516.3592578923,2705320.49427421
3507300,Dau,2020,2378132.873,1794487.1690956093,2094487.1787395615,538000000000.0,0.5786727144315472,-815.0842279467761,2315084.721808696
3507300,Dau,2021,1868783.709,1927999.3243033132,1875237.8048103019,69605805357.0,0.9139099114059346,-70355.78628881437,1168349.217967499
3507300,Dau,2022,2711891.016,1840075.0377703428,2528101.283959115,152000000000.0,0.8293892817493626,-233024.5318317521,345320.8266490821
3507300,Dau,2023,2821587.22,1992221.10763781,2638677.1794731994,161000000000.0,0.8210946245596863,43227.416701774564,1130785.6383749703
3507300,Dau,2024,2480523.867,1900564.9677301361,2378823.8422085503,121000000000.0,0.8592887555986988,-77949.26722696889,1265741.627683161
3507300,Dau,2025,1768849.431,1842894.14114285,1770037.1938439396,9276541974.0,0.9876014150431174,571459.3783680991,1005792.4586411156
3507310,Pujon,2018,719102.887,1126857.8821778656,721682.6805781404,3623009305.0,0.9951207895160048,508210.3334310407,-216994.55419829983
3507310,Pujon,2019,1085671.264,1155381.5575196452,1091553.6993323776,52441395382.0,0.9337324383983227,477039.70865187363,-122630.6890084761
3507310,Pujon,2020,1074985.689,1292931.1854021691,1108115.027242126,102000000000.0,0.8787038526124593,298893.7456106491,205936.89520349924
3507310,Pujon,2021,1092083.158,1676927.220287585,1098101.2794671715,5916165462.0,0.992057060242659,64740.697282729845,91760.45246282173
3507310,Pujon,2022,801096.5002,1848397.7872366798,807354.0975350664,3420314225.0,0.995392507058811,90135.59949261171,-301005.2328234841
3507310,Pujon,2023,1126718.948,1795652.931252391,1134405.9725427052,6614879375.0,0.9911273025338435,367710.95125939534,-764611.8715184297
3507310,Pujon,2024,1037496.378,1880738.8640643612,1042994.9505265973,3734788609.0,0.9949710101691619,265620.1838886843,-451617.9091718646
3507310,Pujon,2025,1115084.789,1352147.2971641659,1123917.0735021792,22020503406.0,0.9710613532810213,796324.1315804087,-579432.1559641231
3507320,Ngantang,2018,767742.487,1050574.7915772593,770406.4763249051,5410542473.0,0.9927309662652892,-124375.99674542506,216102.92177805715
3507320,Ngantang,2019,1231418.804,886517.6668739273,1231418.804,5.540000000000001e-21,1.0,-173088.7355716571,-187618.67097424343
3507320,Ngantang,2020,891538.7385,1054095.7663245075,904271.0544549655,48356104228.0,0.9385777310237474,-105077.76733010168,342828.74508367886
3507320,Ngantang,2021,1010931.823,1268312.0423816494,1011251.3518532752,707296908.7,0.9990437079318205,-252869.009249589,-8863.957502388512
3507320,Ngantang,2022,598452.1662,1238159.1255971838,634161.8109094291,33641695100.0,0.9564541923155628,-536623.8817480796,-167973.6271227895
3507320,Ngantang,2023,1767848.313,1111307.4404959995,1702972.1508639655,62393138603.0,0.9221360984954475,-163922.6191835737,-619470.4798630656
3507320,Ngantang,2024,1678016.165,1229578.3982841244,1573928.123192029,172000000000.0,0.8111792972064109,-273893.42740609165,643293.5479791877
3507320,Ngantang,2025,2006477.728,1392372.8035722524,2006477.728,5.42e-20,1.0,486075.6488145662,632966.1600457178
3507330,Kasembon,2018,703567.1542,814624.5418168055,703567.1542,2.91e-22,1.0,-271328.29909289896,-240097.62117706126
3507330,Kasembon,2019,681149.4051,912665.8522925995,681149.4051,1.8300000000000003e-21,1.0,-77865.41238571427,-302751.3868500481
3507330,Kasembon,2020,1134144.724,1227432.2291779933,1134144.724,1.73e-23,1.0,57630.242056199524,-358879.83752569987
3507330,Kasembon,2021,1030264.847,1238095.378044796,1042398.8588286116,35281631680.0,0.9544281953356007,-85341.30581418649,-138954.00126492674
3507330,Kasembon,2022,949114.6693,1373017.306437378,968988.8791862448,27990154650.0,0.9635025541419657,-228282.1774156635,-250394.37074590486
3507330,Kasembon,2023,1176293.321,1199534.8490457397,1179635.5801858173,95571929646.0,0.8854725101208278,-31722.123894135355,-476384.7042979379
3507330,Kasembon,2024,1091227.889,1441361.2989239343,1118226.585888667,47542995024.0,0.939548112397974,46139.584045306576,-125834.78647374501
3507330,Kasembon,2025,1123506.574,1258615.3452181297,1132184.926696369,39058275974.0,0.949794969039188,592540.1894092225,-326210.95062773954
3508010,Tempursari,2018,1016391.901,1543580.4624990178,1030030.6138051024,15111867177.0,0.9799585048072055,1289081.061581214,403873.5330967888
3508010,Tempursari,2019,860567.6579,1160094.5208435578,861338.2795424201,1467748225.0,0.9980175873370417,998342.2864779728,-43502.554755146266
3508010,Tempursari,2020,529627.8706,867778.5081350774,529627.8706,1.91e-21,1.0,554060.3836773289,-13759.487345973961
3508010,Tempursari,2021,912285.7215,873258.943758944,912111.6975743736,2548675264.0,0.9965626526852424,253739.88824346114,-146773.82219017053
3508010,Tempursari,2022,1608838.603,999630.182396569,1589497.1975956515,18657835748.0,0.9753716288887772,575639.4458219754,134134.96872337116
3508010,Tempursari,2023,1599905.918,1060232.613325821,1562872.5747021986,41924052554.0,0.9463091124106531,740149.91829703,880057.0318516111
3508010,Tempursari,2024,1329249.589,927137.4677603147,1317233.8518248373,17526929693.0,0.9768298382100397,654633.385184852,959441.8228628652
3508010,Tempursari,2025,1112218.616,857374.1260849106,1093783.9601309642,44370757761.0,0.9433531882002308,613689.7119174302,810424.1368153833
3508020,Pronojiwo,2018,617821.229,1033177.3609076084,631794.6581210353,19809416911.0,0.9738912276840376,533511.8167934802,109125.01561687053
3508020,Pronojiwo,2019,525579.6948,1082859.145348091,525963.8666255932,392535847.9,0.9994690507893114,545346.2095237393,-127158.37111178203
3508020,Pronojiwo,2020,729169.6912,971417.9563086645,731238.6051002754,4901557471.0,0.993410278612445,303265.75092301675,-318400.1488527508
3508020,Pronojiwo,2021,894642.5487,890489.7949414715,894619.803399441,3133776994.0,0.9957768702282922,15379.731642695173,-60228.450612841174
3508020,Pronojiwo,2022,688760.705,969654.7781388824,694035.292535997,10889449754.0,0.9854769869686497,248752.07520642155,162158.94983784016
3508020,Pronojiwo,2023,961007.7632,1099027.1809477585,964194.311862062,13447827453.0,0.9821259237030359,640850.0181962198,20493.253268980538
3508020,Pronojiwo,2024,977184.3934,1025440.6212505781,979003.0283180894,22284514362.0,0.9707245557179597,482263.965197789,214558.2089108989
3508020,Pronojiwo,2025,1035687.361,844481.0598588783,1035648.7986852189,114782542.7,0.9998446852548905,817945.0585909784,303474.31172858854
3508030,Candipuro,2018,650559.5589,656965.8578356223,650588.2761733872,2562208829.0,0.9965444633090167,-287411.74317157373,432616.3920352684
3508030,Candipuro,2019,630988.9735,650032.2368343872,631066.2497403405,2318450793.0,0.9968721806359411,-188678.22591302745,49791.117654716945
3508030,Candipuro,2020,617663.3558,751492.1289871313,618828.7225124784,4998489832.0,0.9932808370334966,90502.21272562741,-21301.067275991896
3508030,Candipuro,2021,949830.5387,624378.973050061,944877.9823362298,8792858503.0,0.9882402810882649,202034.89790943786,-17057.58101581596
3508030,Candipuro,2022,684335.0862,455233.09232405276,682208.1973002943,5332046498.0,0.992835669628891,27715.370218832017,488938.1167568831
3508030,Candipuro,2023,691985.4615,272790.9693166455,691663.9279711698,436788596.6,0.9994092292942999,68217.09120404851,456529.3809806286
3508030,Candipuro,2024,790829.5303,111479.55073787147,772695.4631535981,15605556917.0,0.9793173106975072,128599.59808591945,611609.5767849801
3508030,Candipuro,2025,840222.0724,439226.724931594,834986.2523857641,7528018524.0,0.9899148394014159,747240.596409378,924971.0873044605
3508040,Pasirian,2018,777831.0645,813633.1185868197,778268.7995044338,7043253599.0,0.9905581390277858,-120670.98296807923,-36987.23162691841
3508040,Pasirian,2019,854730.1545,1055837.896729046,859986.3180554975,15271058579.0,0.9797516585789993,31469.96234104151,20090.449839881156
3508040,Pasirian,2020,661424.0017,1453474.243147804,667971.1991713267,4742801151.0,0.9936223515878877,90055.85220422613,-113316.40210410685
3508040,Pasirian,2021,875562.8642,896992.5253192809,875584.9184798715,586208498.6,0.9992072942456282,78330.7229169958,-639745.0508276987
3508040,Pasirian,2022,772194.622,1072572.8831364189,772817.955753286,1183264030.0,0.9984012113128804,-65189.22241766427,16460.65907957824
3508040,Pasirian,2023,810594.2219,1075371.096908934,812528.9309663015,4188398337.0,0.9943636555568697,193994.24394007976,-167072.05535395525
3508040,Pasirian,2024,933923.0638,1075213.823192365,935707.1201785702,7276806866.0,0.9902481015175585,138694.92870880282,-133121.8724731647
3508040,Pasirian,2025,1043325.638,679994.4761945675,1008847.680888284,59657739804.0,0.9252947380716723,767451.3734165785,-4565.598482839996
3508050,Tempeh,2018,868259.5331,951041.8959599305,870006.4975047712,12266951076.0,0.9836698454066273,-333777.3407453109,127899.69696612819
3508050,Tempeh,2019,744402.574,769863.4771108627,744608.8023973403,4646586611.0,0.9937509228508279,-354342.55470294517,-107591.69607947848
3508050,Tempeh,2020,915036.2366,777829.855048235,911423.6007137805,15387406040.0,0.9796005370855139,-417125.76778956107,-152195.29636033194
3508050,Tempeh,2021,1234837.789,1205175.4170957848,1234160.3539333257,13299112638.0,0.9823200921878458,13683.37225870337,13366.695331385243
3508050,Tempeh,2022,1280476.693,1356813.0580277382,1281388.3965135855,6878086094.0,0.9907775129625792,14979.52456886787,125221.88016143255
3508050,Tempeh,2023,1538267.223,1290814.5027696136,1530703.8810730565,17940315019.0,0.9762963068831271,40360.70599725103,83553.06121737184
3508050,Tempeh,2024,1062601.388,1538493.829483488,1062904.6384674578,362824706.3,0.9995092187513936,476117.46934539155,363544.4299962551
3508050,Tempeh,2025,1295814.214,754509.1559120242,1276944.6520378706,20552113552.0,0.9729388444064215,686630.52627677,-142447.36841064878
3508060,Lumajang,2018,890505.4777,1827689.9112911706,912289.0178900167,13540804826.0,0.9820045674221596,-354159.4262612426,-330027.34498112835
3508060,Lumajang,2019,921203.1366,2097331.5103946817,938067.7363299967,8277918041.0,0.9889213414806702,34014.27281462145,-1040757.422877418
3508060,Lumajang,2020,1220927.575,2402994.484240501,1243014.6965451855,10834678982.0,0.9855489779122524,33027.30628108793,-1304159.3651539874
3508060,Lumajang,2021,1755590.353,2512175.7687219884,1845009.2881773051,76264534591.0,0.9064447298277591,-237846.8359884082,-1320412.9003093003
3508060,Lumajang,2022,4034794.342,2721033.3021803694,3235517.697398848,884000000000.0,0.45530180178750007,-259979.25470607667,-933244.7745481089
3508060,Lumajang,2023,4257022.036,3307808.348098963,3471035.3412650507,2740000000000.0,0.21239858540049628,-29395.469609338485,1234163.492746368
3508060,Lumajang,2024,3336626.605,3325476.7885482074,3328078.024501682,1870000000000.0,0.2832275020906735,-131204.41063418603,1324141.4260063902
3508060,Lumajang,2025,1454807.049,2886465.0035156277,1530833.101245144,31911558008.0,0.9586009689531687,611277.6827028035,400718.93365148315
3508061,Sumbersuko,2018,819654.2809,445977.94801122043,819654.2809,1.2e-22,1.0,-274602.345525331,350080.29198422865
3508061,Sumbersuko,2019,625779.1041,467442.21956681035,625779.1041,2.33e-21,1.0,-124230.32100340811,257421.54040151217
3508061,Sumbersuko,2020,744597.7725,601289.7064401755,744551.1432926083,185206438.2,0.9997494170348437,113677.50776534274,49262.945407928084
3508061,Sumbersuko,2021,1036293.667,576844.687771462,1036293.667,1.62e-22,1.0,79331.59540210749,109021.64716420369
3508061,Sumbersuko,2022,867486.8941,694102.8861867269,865002.5321913938,8271819473.0,0.9889294130729946,-71428.539173073,443896.94460704515
3508061,Sumbersuko,2023,848402.0095,574990.569622098,846841.8793731683,3265553044.0,0.9956000679968409,45887.50473893681,214299.12971366
3508061,Sumbersuko,2024,1211774.305,684054.9729756339,1210096.2440321445,1815161478.0,0.9975495038310653,265208.63350454305,245638.28803634434
3508061,Sumbersuko,2025,1229455.615,684397.8821638422,1220302.8359310562,9718350470.0,0.9870185803440825,703801.953057456,602330.0231435082
3508070,Tekung,2018,730404.3171,973841.7167062154,730961.2928287492,1304881600.0,0.9982371752016705,47055.0170802125,124689.65696304134
3508070,Tekung,2019,683901.4577,713467.8749790158,684174.4301328441,5302439141.0,0.9928751677071235,-20833.887790057623,-272929.2664328852
3508070,Tekung,2020,798491.1234,623400.3458754113,797977.3442369199,1674622083.0,0.997738805178349,-17736.222329752218,-181134.832121609
3508070,Tekung,2021,1137733.56,671592.4839593697,1135559.0130341144,2666916938.0,0.996403755999896,164580.84657146782,58216.73970669927
3508070,Tekung,2022,1048515.999,891894.1140410901,1045215.7213963952,12248261716.0,0.9836943195926152,45785.073812215094,470461.6585533826
3508070,Tekung,2023,940189.1347,962033.5134938589,940527.5860057167,8954995372.0,0.9880260329649034,199606.27431226155,239103.5539643959
3508070,Tekung,2024,1168059.088,1104637.1102779082,1166910.4632140724,10495503622.0,0.985995025849426,321360.85645091115,27223.821810345748
3508070,Tekung,2025,1023895.725,818275.6084911609,1018984.9616349218,13922228103.0,0.9815070383948884,869918.8711462074,149970.3469569831
3508080,Kunir,2018,578314.0562,840130.0540798563,578611.2146865316,646565468.9,0.9991257473405744,-523636.2924293355,64611.271070397364
3508080,Kunir,2019,859691.6157,479896.4286499387,847062.3234911902,19572397482.0,0.9741955577436577,-340777.82996243465,-412797.9052253582
3508080,Kunir,2020,471681.3415,371958.7484167268,471244.24837966706,2505044775.0,0.9966212974375458,-427995.7531929524,144480.41439682269
3508080,Kunir,2021,706394.1827,489339.1637175807,703466.3224514468,7780471889.0,0.9895801559176314,-399137.2905733114,-38409.579859375546
3508080,Kunir,2022,786020.9026,753220.2550717983,784790.3230842577,22179998529.0,0.9708578581450724,-208863.609671796,89468.57688406901
3508080,Kunir,2023,1068955.985,832362.4571730525,1054334.7857819342,37481029002.0,0.9517244704825819,-52303.135229676205,27972.27369888581
3508080,Kunir,2024,712744.9406,1026193.629361911,713793.6830817531,1910228230.0,0.9974214931699756,-90298.57141021325,224371.10208234086
3508080,Kunir,2025,1008993.57,328599.80960354046,1005172.4853588264,3213657228.0,0.9956696884512141,263680.70951720804,-263246.1555871052
3508090,Yosowilangun,2018,638162.3501,652163.7244695018,638232.8001980431,2877590688.0,0.9961207718683975,-845459.3304024307,82746.06712008858
3508090,Yosowilangun,2019,660996.0921,607270.1221638423,660701.5016513993,3137253582.0,0.9957722049284066,-427270.86063651374,-273739.1209855105
3508090,Yosowilangun,2020,729741.8854,738025.7591789578,729766.6637949466,1707135675.0,0.997695004189268,-178704.13803900994,-174389.94986087643
3508090,Yosowilangun,2021,1120923.764,1095641.4631733745,1120855.8731303378,1532109873.0,0.9979308372142547,95119.99385324639,-114531.16655503749
3508090,Yosowilangun,2022,1040591.477,1063877.4651438252,1041103.48807205,12792865163.0,0.9829816466621966,-112083.78252348339,50969.590758930426
3508090,Yosowilangun,2023,1266065.106,900331.1210973123,1263124.970009384,4611421842.0,0.9937979217518298,177701.6152201842,5643.573303019628
3508090,Yosowilangun,2024,856903.8636,839786.1178828718,856534.6724178921,12542997535.0,0.9833084974229447,114430.28031712136,419111.5136099837
3508090,Yosowilangun,2025,838667.7752,526787.3018940989,834236.6143879791,8201085396.0,0.9890230408471468,724098.2330557592,148043.80253187427
3508100,Rowokangkung,2018,636386.4755,172569.6187068853,635205.3403002211,1452739678.0,0.9980378188400211,-757265.1531259333,493162.64275014267
3508100,Rowokangkung,2019,587855.7847,358621.97927243746,585727.6256000551,5332164137.0,0.9928355126973268,-426943.6832931372,221815.57307384466
3508100,Rowokangkung,2020,516345.2068,703456.4046913113,518260.54970514774,5884947924.0,0.9920986411977679,-121417.85138302456,21050.43934294465
3508100,Rowokangkung,2021,1026686.031,346474.70207250176,1023656.103991594,2545977101.0,0.9965662791485072,46750.0600087193,-282362.34744372097
3508100,Rowokangkung,2022,1403912.173,602943.3458709641,1153373.555482118,259000000000.0,0.7404593932364736,-61592.80532460909,575750.2618680748
3508100,Rowokangkung,2023,1753139.3,627021.0581776984,1231522.5556528457,491000000000.0,0.600786089714396,130285.25532399348,862441.7090265629
3508100,Rowokangkung,2024,1190533.314,902174.5929590228,1182885.634783976,15502349221.0,0.9794512853562561,356163.1103572304,1232555.3116899778
3508100,Rowokangkung,2025,1097849.176,704618.037441178,1076990.5565927995,31873905892.0,0.9586477953384573,887356.9262882767,559931.867615645
3508110,Jatiroto,2018,838836.0032,941991.9853235993,842524.2051961701,21098890677.0,0.9722388844889298,-200148.26354707358,128819.63060041498
3508110,Jatiroto,2019,621781.0938,734914.9779662581,621781.6680526162,2888283.625,0.9999960912090404,-57060.01535549969,-207946.86804403493
3508110,Jatiroto,2020,976168.0531,746124.3360314495,959651.9776533055,44012912023.0,0.9437843569236753,154260.64636216417,-272359.3807207884
3508110,Jatiroto,2021,952599.7894,672016.5969272958,951591.0596558134,2053074349.0,0.9972292077023872,-39391.205457070864,172290.15662602696
3508110,Jatiroto,2022,1126649.621,868889.5300686441,1126649.3914205343,506809.9121,0.9999993141184715,-70448.28425664302,281596.749541185
3508110,Jatiroto,2023,1056664.401,892869.7094540005,1046485.5571217147,37704204351.0,0.9514509762456695,85330.45551271712,306605.39356340945
3508110,Jatiroto,2024,1092947.247,1016685.5481305989,1087092.7895699146,47314763371.0,0.9398208495368248,-122525.33589122594,194986.25409278087
3508110,Jatiroto,2025,1074827.754,812014.1668524686,1064710.6999357871,22781490575.0,0.97009119884551,647059.7449997466,62169.3930538157
3508120,Randuagung,2018,531848.5333,198206.7233397547,530265.2122843318,2713199560.0,0.9963415738307831,-724053.8988594894,-37113.635397091304
3508120,Randuagung,2019,645797.274,371983.4471585359,643037.4507791311,5793657090.0,0.9922202582363526,-397195.78665649844,123248.48463216412
3508120,Randuagung,2020,737342.6142,687781.4861383332,737125.0144122277,2509317505.0,0.9966155540571794,8286.450864183715,176549.02069241815
3508120,Randuagung,2021,1328655.913,1419967.815938313,1329542.357174748,5578122129.0,0.9925075108055674,-151349.9287921155,148251.12960910727
3508120,Randuagung,2022,782765.2099,1567145.4167751255,789003.8224422324,4562015248.0,0.9938639628441515,-161285.43796602922,46785.80814151489
3508120,Randuagung,2023,840198.2116,1337104.3188186197,843752.4953749864,4099422782.0,0.9944827297091019,58242.613476461185,-640995.7205691474
3508120,Randuagung,2024,1064186.031,1437625.9031111628,1075203.2289896815,17297492171.0,0.9771262110000066,30597.137712479995,-474429.8524953271
3508120,Randuagung,2025,875181.3736,524664.3652440876,874065.9399071812,1816545372.0,0.9975476401343764,658632.6424743775,-293514.47028891696
3508130,Sukodono,2018,752481.2459,1012768.3193479853,760505.501355825,18100011563.0,0.9760903522866029,-264008.7607496713,411666.5890985745
3508130,Sukodono,2019,574394.5115,519816.6143662187,574341.9611799695,548408626.4,0.9992583715568469,-302855.5361497391,-318339.1889633138
3508130,Sukodono,2020,588225.4094,270991.2427627912,587715.0617383877,916880534.7,0.9987606941491952,-342645.57752259704,-170114.2087927875
3508130,Sukodono,2021,976840.3507,338631.61696974206,969744.2016769128,6397985272.0,0.9914157304513723,74893.15185576607,144626.62373810704
3508130,Sukodono,2022,859046.2994,592546.0298573239,852551.2065177222,14214471603.0,0.981126176567915,113443.94574856656,678652.9644248051
3508130,Sukodono,2023,887246.406,721422.2208739273,883958.3737890803,11511010133.0,0.9846607415861239,356451.1262468564,454863.9066885943
3508130,Sukodono,2024,1913258.324,803136.7889701698,1749938.2498789954,98153998909.0,0.882741139445173,418889.33865020116,351575.5969426329
3508130,Sukodono,2025,970777.4706,672635.0283524606,963870.1073928229,13495716845.0,0.9820634135827656,694496.9119666351,1330607.52432463
3508140,Padang,2018,880622.723,624372.1607251823,875762.3726980696,11001364556.0,0.9853299183571356,-608531.4403339444,91242.30064847581
3508140,Padang,2019,728516.8857,593082.4321986509,726160.4391046304,10075779687.0,0.9865475621202943,-372929.9611534896,49142.26979097561
3508140,Padang,2020,687619.5593,713595.7395007125,687843.6065016537,4950552452.0,0.9933448474567897,-301191.6038456348,-63451.959694361896
3508140,Padang,2021,927405.9584,779409.9910571508,925854.7735661056,6027219328.0,0.9919091676089902,-178692.18052224483,-184229.8371941425
3508140,Padang,2022,912958.2211,907951.2405354003,912808.1881557365,17577235082.0,0.9767648809392047,-207152.15138928575,46557.985604626476
3508140,Padang,2023,976969.3946,853263.5370545556,974124.8843749702,13392060941.0,0.9821987258735471,165795.12449958906,-20249.609763114247
3508140,Padang,2024,1070233.672,964870.7023903471,1068125.1574625706,11619706264.0,0.9845181385620511,205075.33174040017,119460.49749739759
3508140,Padang,2025,1198022.792,837538.0271261275,1191590.837670699,10337184191.0,0.986203369241634,624596.1296767837,158025.0645638397
3508150,Pasrujambe,2018,386319.4923,1119120.487731041,386394.13121868245,57963002.56,0.9999215629750265,6329.029245258571,75772.5062694437
3508150,Pasrujambe,2019,543728.8494,993286.0906629561,544086.998941405,453683389.5,0.9993863925617993,74515.27177287209,-526526.2953310516
3508150,Pasrujambe,2020,523113.2401,805398.8484375593,523407.20582189946,593181781.2,0.9991978721248543,-39655.07613230419,-366843.2318353271
3508150,Pasrujambe,2021,982806.8584,1327655.0320979068,983344.6731809134,888812172.6,0.9987985873016557,143846.6599485649,-159052.27961609006
3508150,Pasrujambe,2022,860633.6047,1281923.6256293107,865361.9413577843,6458868151.0,0.9913347508524307,103082.16487563509,-76152.63061616593
3508150,Pasrujambe,2023,1163145.712,1324130.7773851505,1172002.2328604585,33126823109.0,0.9570920465661225,326024.77280832024,-117627.23915685015
3508150,Pasrujambe,2024,1302895.195,1266321.4790726374,1302387.6042453882,8008322728.0,0.9892782828348207,137692.54140448172,160941.91251038364
3508150,Pasrujambe,2025,1530511.886,714199.7554500495,1513859.9636128026,11849123918.0,0.9842172914466101,633609.3379660523,360691.41120640934
3508160,Senduro,2018,650092.795,1717892.8256148393,658076.8356555381,4286665751.0,0.9942321794336444,-170943.20069369758,-50343.45283125194
3508160,Senduro,2019,595647.3621,1266587.6375905522,597040.780736333,1184207993.0,0.9983999379009303,-200424.87899820236,-910686.8996718818
3508160,Senduro,2020,617111.1556,891188.0684327612,617975.0548576507,1799239878.0,0.9975709460271139,-258951.56299162746,-716809.7567027749
3508160,Senduro,2021,1183850.699,1644614.6605184027,1189967.8060536198,7655952659.0,0.9897452057606784,353761.2631759859,-264871.16018325614
3508160,Senduro,2022,1171065.143,1643930.7129741395,1176904.0257843744,7114025340.0,0.9904641703914011,342599.0568789253,-129616.20328471484
3508160,Senduro,2023,1360606.726,1721540.0315860887,1367780.4270618255,11538846189.0,0.9846242183590929,541612.2843933031,-98907.87119080126
3508160,Senduro,2024,1961306.079,1814563.5641913891,1936993.1409901928,113000000000.0,0.8673579801092823,736467.3321686228,33082.7512527518
3508160,Senduro,2025,1866642.219,1417703.0290678577,1791711.637827705,114000000000.0,0.8663410489000757,642813.1495449825,638737.8178557265
3508170,Gucialit,2018,761868.2877,1095331.5382086618,768225.2025228895,11058208782.0,0.9852552354726727,-383562.31249381485,-159729.1905443576
3508170,Gucialit,2019,759221.3389,1092467.5138002583,759303.7471114375,140747300.5,0.9998095584694987,-245156.5862073358,-416305.9861916236
3508170,Gucialit,2020,539063.4649,1159837.5820747046,559316.032161784,19190170589.0,0.9746867332987386,-79834.15220581858,-452210.8675447643
3508170,Gucialit,2021,919493.322,1107379.54284772,921894.9947414212,7367725579.0,0.9901274611342454,29686.529604299096,-639118.9652692685
3508170,Gucialit,2022,783438.0988,1139100.2741693535,786282.1330498392,4586815418.0,0.9938308117121201,-96413.88323474984,-193119.4367649221
3508170,Gucialit,2023,1055045.54,1075649.361130475,1056356.2166983369,38656266966.0,0.9502860174312177,150973.55444358214,-289508.4450783811
3508170,Gucialit,2024,1326426.744,1194762.929210229,1315320.711557105,52419278163.0,0.9337585354745674,302038.1027868414,40705.9445472986
3508170,Gucialit,2025,1058715.933,1127657.4331037044,1059903.876055118,9976790930.0,0.9866779639341142,745142.9209475102,318862.6045655933
3508180,Kedungjajang,2018,572240.8544,845709.7621116359,574417.3706270359,4565114181.0,0.9938598202864319,-515187.21703312424,-15966.785400548397
3508180,Kedungjajang,2019,897821.7577,705801.6424985568,895459.5001925624,7087347811.0,0.990499589936179,-263929.78805337596,-414554.97674584796
3508180,Kedungjajang,2020,793281.0097,867432.9963020161,793801.8747029321,4025233802.0,0.9945820370976758,-131702.89137502896,-3964.833864601678
3508180,Kedungjajang,2021,958314.3638,1458172.3212037208,984329.9989270815,31241216306.0,0.9594353301779089,-135206.84960841606,-126892.24106571823
3508180,Kedungjajang,2022,1106853.988,1397375.5290082495,1122450.6473932383,32280844680.0,0.9581419446766118,-288831.53916247335,-483834.65666733624
3508180,Kedungjajang,2023,2109126.166,1236977.5412949948,2105810.6366693955,2171420170.0,0.9970699582847944,-152519.8910421762,-359391.27334590536
3508180,Kedungjajang,2024,1372754.182,1517098.2089526183,1383062.1813295728,43760289081.0,0.9440889799976173,4667.432886718154,789005.2709009685
3508180,Kedungjajang,2025,1126505.2,969751.1067700358,1126186.9640843822,1157551266.0,0.9984358992406015,601623.7382859202,49435.03040726576
3508190,Klakah,2018,1114448.501,2226500.0680346545,1218072.3578399161,58471243569.0,0.9266715562593806,-226793.18196301215,-772462.0601316142
3508190,Klakah,2019,1211435.785,1864631.4981991155,1245131.8389928564,30950332754.0,0.9597978393039461,-114253.55060502366,-1229431.902846636
3508190,Klakah,2020,845430.6397,1816200.7557121809,863229.9548389121,10627987803.0,0.9858207484749701,-114654.71869795118,-849497.3369439784
3508190,Klakah,2021,1218257.164,1862494.4484390758,1220706.8184266898,2171905022.0,0.9970693059591165,-41257.08925276194,-1039819.7098509654
3508190,Klakah,2022,1236018.668,2044366.8122838533,1241693.541099774,4022950622.0,0.9945850936160678,-60061.12490438478,-690847.0656170263
3508190,Klakah,2023,1075610.445,2021668.968930922,1091158.1259679124,9507613777.0,0.9872964988013946,542093.3250377458,-763150.5477206584
3508190,Klakah,2024,1105692.699,1993374.349948918,1143541.4001515089,25342226249.0,0.9668408004856253,437503.16103367234,-789677.2277017965
3508190,Klakah,2025,1089033.988,1461160.1060967674,1090602.994590703,2409333751.0,0.9967499690258653,981308.2461770484,-756436.2288418338
3508200,Ranuyoso,2018,1286053.118,1888030.0361850243,1289559.841725019,3334159520.0,0.9955080444203088,-155244.5630007614,-100735.74091769174
3508200,Ranuyoso,2019,741394.2734,1510820.1639365933,758179.2478289554,12689958698.0,0.9831162318423686,-1761.3593193016131,-562115.2736479419
3508200,Ranuyoso,2020,1003591.95,1480980.679116355,1035295.885782478,40477409674.0,0.9480655674381809,181436.6471529211,-824075.1349126488
3508200,Ranuyoso,2021,1232817.279,1532112.3545407276,1234819.332156529,3831935912.0,0.9948408736757326,124165.40001674679,-468490.21289296495
3508200,Ranuyoso,2022,1720703.397,1715364.4270236203,1720205.1355272776,58570067577.0,0.9265567238140765,11853.70425062839,-229723.82332867174
3508200,Ranuyoso,2023,2264165.321,1599228.5599048284,2158919.531557132,107000000000.0,0.8735100582609242,61340.522291013665,132337.81952457805
3508200,Ranuyoso,2024,1432376.856,1848130.4252892698,1476375.2190583916,67345225076.0,0.9164723117007169,55770.91855151575,800696.328576596
3508200,Ranuyoso,2025,1393072.39,1179721.6245990526,1364396.000861922,88357856824.0,0.8931940824998902,512690.57604525983,-128991.83961981512
3509010,Kencong,2018,555929.6342,318092.01043627993,554897.0621054876,2481171421.0,0.9966533890880742,-139435.787373015,501938.1860897412
3509010,Kencong,2019,673241.6029,238052.3697125491,670907.4532460141,3068410951.0,0.9958645943091714,-44647.24153751487,251978.27552993887
3509010,Kencong,2020,999564.0354,415145.58299118566,981036.2895345505,18630193789.0,0.9754072189887188,25514.95148883348,405801.3326344569
3509010,Kencong,2021,1090635.564,625804.5287302438,1074570.881943649,20369444992.0,0.9731729132800717,-52190.25458956747,648184.6395226695
3509010,Kencong,2022,816998.6867,602510.7548521898,810604.3924990628,17484819814.0,0.9768842196007153,-238606.7956418502,577271.4654951592
3509010,Kencong,2023,764261.2654,460864.7044209094,757058.8844050809,13836521411.0,0.9816187903987192,-39234.20578683603,284995.31744021934
3509010,Kencong,2024,1016466.196,362728.96848554997,961425.9613947256,52311906553.0,0.9338852486779234,-121290.03253604188,327988.2422381147
3509010,Kencong,2025,998247.7765,481283.3863666819,944919.857312331,65449208029.0,0.9186325802113801,510602.60677781794,683006.308288299
3509020,Gumukmas,2018,643916.3477,757883.4424832773,644040.5630676401,620864468.5,0.9991604697399029,-128574.03371657642,-20366.172679952768
3509020,Gumukmas,2019,854715.6727,686237.7559671899,851087.118032745,12524885047.0,0.983332198739339,-124480.31273878244,-69871.60586338001
3509020,Gumukmas,2020,811093.2021,877616.8326667111,811750.7439608298,5680530299.0,0.9923710063650163,-93996.69789661282,147070.8361149236
3509020,Gumukmas,2021,1010104.498,1540902.3984657256,1016683.5800251103,7141345466.0,0.9904279003009755,-22482.659988055435,-18434.993876704248
3509020,Gumukmas,2022,858741.9145,1334447.784095148,860886.1571332441,2576468112.0,0.9965252992719342,-219996.53583926137,-414435.40619239875
3509020,Gumukmas,2023,783594.8344,1250461.5974493222,788466.6414874964,6000399938.0,0.9919448794833098,66257.27235173502,-480435.2919162144
3509020,Gumukmas,2024,1332956.752,1060905.2841391508,1275010.996843667,154000000000.0,0.8275315744297764,16118.197509536622,-440321.0983073653
3509020,Gumukmas,2025,944288.7173,476410.29337327555,916897.3727647625,35384048825.0,0.9543019527028628,729675.7752604014,298440.11815877655
3509030,Puger,2018,791559.0856,1470443.691430969,803243.258831033,9964809877.0,0.9866937493889502,-281774.6598355104,-105688.04053682537
3509030,Puger,2019,865649.7904,1393367.7406215866,884731.2759819127,21346763597.0,0.9719219001963165,-39682.24175074922,-594766.9316455493
3509030,Puger,2020,910312.2172,1489074.8564686489,923044.8124087359,12799847570.0,0.9829725161267049,-40963.529280021045,-491776.20216658455
3509030,Puger,2021,950165.263,766974.8026670481,946770.771078019,10742915982.0,0.9856696151790266,-195224.28676381806,-479641.45540255716
3509030,Puger,2022,717695.0501,1105374.2728144673,718643.6017504969,1395660272.0,0.9981147693017425,-200721.54257372278,236524.0848891501
3509030,Puger,2023,869814.6632,1211458.6241807872,871779.7780179605,3291901091.0,0.9955647246923833,251158.86576190504,-174977.6991824645
3509030,Puger,2024,1050307.242,1334607.4782176118,1055079.3837775306,9714383020.0,0.9870238111514285,361033.1836473228,-108891.60992698662
3509030,Puger,2025,965349.0634,617167.8290121534,963833.1519291205,2488231519.0,0.9966438983673415,826971.373321298,11831.858939477243
3509040,Wuluhan,2018,878180.8773,1049929.1364484623,879528.060833592,4498645620.0,0.9939486809754579,-316578.28784854943,732355.0587015643
3509040,Wuluhan,2019,747655.2964,706718.4784174387,747298.9281481262,4997001731.0,0.9932828239595102,-210366.3639302963,53006.91074837302
3509040,Wuluhan,2020,966247.1132,678000.2730783554,962777.3871408586,6932940169.0,0.9907046455176746,-356758.8383410302,102178.7933054535
3509040,Wuluhan,2021,1125419.702,1292503.6670735118,1126094.5450054738,2307559832.0,0.996886827877423,-118165.18375387097,332144.6588706132
3509040,Wuluhan,2022,1151621.225,935478.9706796681,1151059.535758021,1482565361.0,0.997997614660452,-341256.9772450433,35724.22916251188
3509040,Wuluhan,2023,1740031.279,530659.4971219569,1582680.6408051034,85108196821.0,0.8967165195255019,-176026.0777283805,314374.082673945
3509040,Wuluhan,2024,1459866.106,346166.0438159796,1456127.8163565267,1916426973.0,0.9974131474896257,27665.534501948263,1368799.1416796036
3509040,Wuluhan,2025,1541204.622,40367.07719808238,1076757.539556069,255000000000.0,0.7434393577461464,564717.956589193,1530720.6902241067
3509050,Ambulu,2018,563815.9,2136290.1466721315,573287.7297419598,3448272529.0,0.9953550194701748,-130027.5832417649,-621345.6094534888
3509050,Ambulu,2019,694218.9358,1271495.1226778976,695913.0124505203,1674762078.0,0.9977386165745334,-27760.702825036977,-1576377.3053329824
3509050,Ambulu,2020,940419.6586,881180.9204581748,940248.4779103529,1649047283.0,0.9977732612114357,-106195.71836668259,-788929.6884359127
3509050,Ambulu,2021,1027561.193,2284900.6448809714,1055136.7335453455,12759381983.0,0.9830254332563312,-100612.6334850759,-5722.307411787333
3509050,Ambulu,2022,803278.3285,2024654.4370568679,858912.7956052831,27156198300.0,0.9645514343391787,-226411.7148734015,-1061294.7002831432
3509050,Ambulu,2023,1138908.468,1777025.9262795176,1149424.4319601567,9534380263.0,0.9872611906218793,127056.70989657856,-1237693.1701383628
3509050,Ambulu,2024,1139865.017,1689180.8957340305,1149688.732679028,10361389343.0,0.9861715103213827,118390.14214264342,-624540.9373923417
3509050,Ambulu,2025,852336.0923,323781.53518925473,849821.2646736162,2720301405.0,0.9963320329638242,543853.754934696,-427564.8870949084
3509060,Tempurejo,2018,937521.2149,943998.0169718511,937611.6154434975,8054566478.0,0.9892170382897888,-427382.7125387433,245499.9695572441
3509060,Tempurejo,2019,876457.2534,658678.9390268684,874046.8772924523,6368411417.0,0.9914550710612033,-258549.4086299963,8332.292305507464
3509060,Tempurejo,2020,766101.683,595528.557816685,765087.2629395892,3404278536.0,0.9954140096127395,-29544.605053276147,204275.1262861248
3509060,Tempurejo,2021,972534.2772,1012232.0437178656,972682.4290926236,2131534159.0,0.9971236243243534,-229739.51445488835,271011.3220866091
3509060,Tempurejo,2022,1140453.642,1025660.8122965076,1131130.54450256,50299044094.0,0.9362670836930259,-376665.6409791261,80547.13226073748
3509060,Tempurejo,2023,1003252.801,1028360.9342358394,1003408.4436802261,3549295431.0,0.995219587539204,107741.46714167277,178086.4743895405
3509060,Tempurejo,2024,1141263.188,915075.5536796193,1137715.414401835,9067348851.0,0.9878776232381699,-83471.06902645843,160541.6890325552
3509060,Tempurejo,2025,951569.0465,586690.5344164586,950488.4061573225,1690239986.0,0.9977177648944925,454551.9502998043,359142.48146543524
3509070,Silo,2018,673817.5897,1926349.8251897579,679620.4283810793,2648473589.0,0.9964285373864532,7606.53799365864,-208559.74717907712
3509070,Silo,2019,688492.4317,1121880.5735717637,691686.2170969262,4224432460.0,0.9943154399445056,-105797.81219745087,-1026547.5505754434
3509070,Silo,2020,916678.3267,828857.2214079453,915685.5166593437,6506272299.0,0.9912717083140112,31611.367603161256,-470645.7205780969
3509070,Silo,2021,853023.1088,1454533.2290796842,858417.0057535364,5148717374.0,0.9930802927501512,230296.24221021842,181403.76870022144
3509070,Silo,2022,792207.9277,1506530.7634199562,795184.0625354903,2380666883.0,0.9967885145368575,100200.54996264516,-231440.89168410888
3509070,Silo,2023,782544.5707,1441954.239015935,783994.6262532198,1254043939.0,0.9983057377848934,382599.7481252703,-426094.26402009965
3509070,Silo,2024,1044005.356,1473876.2383533013,1049807.379425893,7785212034.0,0.9895738739581601,435010.1025426124,-363538.1750267511
3509070,Silo,2025,1084247.297,774481.6919846975,1082549.7644692075,3135441941.0,0.9957746359986359,684349.2242668909,-95454.60934616474
3509080,Mayang,2018,536455.4256,1641116.7005834312,536455.4256,2.2400000000000003e-21,1.0,-179360.60549795208,-389079.6737132282
3509080,Mayang,2019,770083.6639,940530.8914128898,772083.804479274,6756540201.0,0.9909390111530468,54753.475295488606,-1183151.7273118284
3509080,Mayang,2020,502358.6945,613133.9514963527,503069.9380659485,3677056936.0,0.9950483624393598,-58582.746057191514,-387921.4499287687
3509080,Mayang,2021,917690.8161,1026969.0335511565,918702.5177403431,5317232400.0,0.9928554321754453,-149677.02789150082,-210643.6345619891
3509080,Mayang,2022,731815.2587,1224935.4928288527,735281.8030191048,4028423070.0,0.9945777676206761,-344060.6380576568,-150004.48170611158
3509080,Mayang,2023,662766.8433,1212709.5970297996,662912.3732987299,150618158.0,0.9997962051895056,64662.99828468906,-527692.3388706768
3509080,Mayang,2024,1034989.79,1345065.9849163282,1038196.545909201,5946201379.0,0.9920170564661938,-48918.08069336013,-569155.4839294766
3509080,Mayang,2025,765280.6551,692968.006400091,765280.6551,1.52e-21,1.0,541971.2273560433,-345300.78119397163
3509090,Mumbulsari,2018,443146.5345,476082.40125436225,443163.6815319703,296396704.3,0.9995990377333416,-147627.5351149559,-49236.382316651696
3509090,Mumbulsari,2019,996597.9588,339048.8090743389,966404.6188746479,27385746339.0,0.9642625003987011,-56871.37381909636,-91309.39206229773
3509090,Mumbulsari,2020,646243.772,550151.3134840977,645984.7627664137,1537890719.0,0.9979230462143288,-10609.70513165007,562655.9498270559
3509090,Mumbulsari,2021,1251580.665,636695.5873154913,1235140.110475778,15632193204.0,0.979282739890179,-245830.97200734654,172285.46789590333
3509090,Mumbulsari,2022,880492.054,1121614.8673258487,881650.2800627842,2746461572.0,0.9962968900566832,-276515.62850952067,594271.6480733128
3509090,Mumbulsari,2023,879875.7931,1155276.1025925819,881595.11955504,3574712126.0,0.9951855195622028,20961.815396510487,-147150.51821802184
3509090,Mumbulsari,2024,732324.9606,1500924.704584922,739734.6077497661,5539004867.0,0.9925596618699741,-134211.8633173909,-269442.9107188991
3509090,Mumbulsari,2025,1078444.911,1578982.6116507403,1099274.1722146177,24707218523.0,0.9676447971539751,526948.6824330327,-801017.8440013727
3509100,Jenggawah,2018,839794.5735,812690.3158932128,839758.9714654486,748402932.0,0.9989881872730443,-264643.717691957,132476.3689247091
3509100,Jenggawah,2019,706508.7865,482201.2081536899,702666.4606663388,9917024579.0,0.9867567132091591,-247719.60099975162,15563.673584430711
3509100,Jenggawah,2020,868538.5318,347223.1478001089,864231.5642020266,4740251021.0,0.9936257588913863,-321872.9517315045,133380.3813822145
3509100,Jenggawah,2021,995548.5862,1461478.4303917338,999154.6476020631,4438275239.0,0.9940294028825832,1225.9209513244277,445733.17769916466
3509100,Jenggawah,2022,836811.1786,1370906.861102471,839250.1403955977,2610363801.0,0.9964797474684414,213361.52924594903,-251613.36774759996
3509100,Jenggawah,2023,880230.5228,1093808.2637709184,880671.7692964985,1178014946.0,0.9984082924190529,288672.3527285788,-358384.14749662974
3509100,Jenggawah,2024,1128918.52,1042515.7750709249,1128868.8117932093,327550171.1,0.9995569123327834,167541.29226489837,-89639.05078310717
3509100,Jenggawah,2025,1058258.746,354223.5459877791,1058222.8579275855,29007162.43,0.9999607452240347,366332.1294255126,226516.13870007556
3509110,Ajung,2018,438394.0783,983099.6428186103,439079.9047361772,717343080.7,0.9990301383022244,-541829.5734156263,-460654.41625245474
3509110,Ajung,2019,851107.164,856625.7626222442,851118.3055676601,1151125121.0,0.9984445688388436,-222528.8293306798,-786453.2536942624
3509110,Ajung,2020,698548.084,975054.3041129409,700797.4314386316,4666877186.0,0.9937238058347859,-192224.13573876908,-252310.0064370582
3509110,Ajung,2021,953818.8362,1577742.4780731816,954080.9089220325,239111346.7,0.9996765076785707,-242180.05791596518,-376947.1811763828
3509110,Ajung,2022,852021.9338,1648246.3129254223,861680.2784361222,6987066205.0,0.9906327556953535,8324.280604539308,-666680.6723766802
3509110,Ajung,2023,950041.1829,1542684.9264194886,976522.8726978215,26615356334.0,0.9652328815006073,209365.16502838896,-794302.5970640711
3509110,Ajung,2024,922500.8235,1579954.1911625406,928047.9019543183,4841795990.0,0.9934900997383145,-9974.549404277728,-590306.720212018
3509110,Ajung,2025,1023817.119,614939.5938521093,1021428.4998198955,3343686618.0,0.9954952668314287,281138.8378660426,-663358.6358432499
3509120,Rambipuji,2018,701358.2745,1076213.2661371347,702847.0247829328,2268893747.0,0.9969388333296005,-301978.7151588086,74844.36939671941
3509120,Rambipuji,2019,1065395.837,669537.0220510452,1062874.074610595,3648099316.0,0.9950871660808824,-160193.96840713543,-448219.9441135493
3509120,Rambipuji,2020,930596.5729,684086.1389616779,930261.5780855484,774320419.5,0.9989531844807436,-184980.31727105431,225970.94115468545
3509120,Rambipuji,2021,919401.8172,1260662.8883449086,925010.8841023258,9508865934.0,0.9872948470010301,-186302.26331955066,234668.68100558908
3509120,Rambipuji,2022,1287710.864,1209729.360905395,1279727.9000080319,64893700953.0,0.9192674397100475,-111502.22707321563,-280721.17783381033
3509120,Rambipuji,2023,1288024.119,1154055.2607769598,1269940.0984314992,88796474777.0,0.8927207654133943,164324.20806182997,93115.41662509204
3509120,Rambipuji,2024,928798.4807,1093435.028808186,930625.6756168288,6386058262.0,0.9914315959764128,-110960.59547400915,264815.96995687543
3509120,Rambipuji,2025,1103089.196,616631.5913841506,1094678.0336460285,10011825568.0,0.9866318074754409,133083.52451769786,-75973.60434801131
3509130,Balung,2018,983297.5186,988962.920401722,983555.7163711825,27171091242.0,0.9645326832222344,-393756.39123257133,-20193.927764833003
3509130,Balung,2019,861935.5301,826000.1125732207,861529.9972643864,6494707181.0,0.9912870879668918,-224615.3852071867,-138889.70185747382
3509130,Balung,2020,754506.9582,864426.2816704223,755120.3289846579,3193056634.0,0.9956973277280148,-70398.95946364453,-81450.36642355716
3509130,Balung,2021,920480.9897,952731.0839163155,920493.3252092308,217730661.1,0.9997054249603697,-264769.3186224659,-99908.56626355578
3509130,Balung,2022,730521.4852,1069332.0281852123,730602.5853232099,136237264.6,0.9998156597574587,-31616.2212609737,-79687.53886801947
3509130,Balung,2023,987439.3078,1001045.193482635,987459.6416741133,851667738.9,0.9988487378505637,185806.74503129092,-268297.21929366014
3509130,Balung,2024,1051229.29,1019456.2966089828,1051222.650677119,118927904.4,0.9998390769788174,81245.41546496954,43781.350909216446
3509130,Balung,2025,1208206.807,1136892.270834451,1204623.597444627,30103013587.0,0.9608553605970467,468932.87912208785,120040.20390736079
3509140,Umbulsari,2018,582888.4388,818644.0299599925,583652.6708566834,1850549501.0,0.9975018487983733,-816196.6735451947,224713.02195097372
3509140,Umbulsari,2019,627262.6315,538410.7027322876,627097.0006389641,1062703430.0,0.998563875016074,-285368.6450233451,-440540.02429485426
3509140,Umbulsari,2020,847136.1112,529237.1962863018,844838.3712641055,4142758434.0,0.99442473093665,5078.337395802169,-104492.38680075179
3509140,Umbulsari,2021,961882.647,743223.084037465,961400.3001709654,1257990556.0,0.9983004148138237,-109834.22186263441,321698.71619803715
3509140,Umbulsari,2022,998572.661,703077.4708856832,994137.9318911786,8669842992.0,0.988402896139724,-448374.90257535095,297015.5549811404
3509140,Umbulsari,2023,1018268.94,684077.4367867502,1000263.9105158353,32402453701.0,0.9579908805567937,-211825.6000667498,296246.90204293805
3509140,Umbulsari,2024,778205.0115,703694.798741511,777389.4736715578,6297024049.0,0.9915500469469986,-99687.30165517674,363995.6554098973
3509140,Umbulsari,2025,944554.1382,306720.70678129885,944062.9617805316,438522766.5,0.9994068851645781,563976.0257442825,168004.68815804436
3509150,Semboro,2018,623066.199,828186.1440541414,625037.745909264,5522313548.0,0.9925819163751324,-538083.6648727476,26006.10960855079
3509150,Semboro,2019,567546.5035,586122.2160577364,567546.5035,1.6e-21,1.0,-153331.20213439688,-424079.6612942568
3509150,Semboro,2020,937953.1021,510178.8915066068,936150.193014383,2408356839.0,0.9967512825340492,20867.529928182135,-242636.27918858023
3509150,Semboro,2021,887541.6729,760490.1424279091,887462.9716082164,352694277.5,0.9995229153173325,-534577.1441926442,326189.9706472177
3509150,Semboro,2022,743223.0203,683242.2609589914,742375.5766262973,8154661908.0,0.9890844993359972,-854523.1568043387,10191.677118570544
3509150,Semboro,2023,1136486.425,668990.1072124536,1135238.210774519,1523348953.0,0.997942644771069,-523369.7013120298,-195245.85570197448
3509150,Semboro,2024,880962.2993,835749.4821287142,880110.0469714657,10931971180.0,0.9854211038710226,-416370.65421393747,234465.78247485915
3509150,Semboro,2025,904557.4322,620491.6247759473,904239.9162335217,636736378.1,0.9991390262902614,847816.055233138,-47145.088521807455
3509160,Jombang,2018,632832.5236,468355.6873293111,632832.5236,1.32e-21,1.0,51856.338316471345,432516.49132584996
3509160,Jombang,2019,851901.0076,570324.5709523243,847371.2367414441,9303591958.0,0.9875657108664117,621173.4015234662,206953.98949381273
3509160,Jombang,2020,1055780.056,782855.5141159614,1052176.0942553035,7614440196.0,0.9898002426359666,847990.7471465949,426855.04867689096
3509160,Jombang,2021,1433900.529,796305.0162299478,1433372.6481709033,471495659.5,0.9993623168034541,667787.3759091493,565616.0892821002
3509160,Jombang,2022,826762.6301,926943.2001281739,830255.2042577658,20554192845.0,0.9729361806783169,357036.8611924704,935060.8004293967
3509160,Jombang,2023,804842.7536,831978.9752789078,805592.0456624441,16158075099.0,0.9786007056963748,616628.1842000785,195467.2118773521
3509160,Jombang,2024,944484.1725,909657.5025257987,944424.7884865875,971910121.6,0.9986864108574901,658411.4605394732,178877.12028906378
3509160,Jombang,2025,977622.0216,856162.7827885926,977622.0216,2.26e-21,1.0,1584109.4875063617,268977.3657237821
3509170,Sumberbaru,2018,527449.8025,870091.7840028156,528574.0933189022,1873237348.0,0.9974712987637404,-697499.1339519697,-357377.98741666554
3509170,Sumberbaru,2019,732241.4371,837107.0430937323,733016.7713752195,4238441468.0,0.9942966963936993,-256847.3600403908,-391591.9133085583
3509170,Sumberbaru,2020,563284.86,935964.739760304,564438.8843165431,1767474945.0,0.9976137277683884,248995.1155929485,-98569.46007162635
3509170,Sumberbaru,2021,864220.2754,1737142.0503928568,866232.8405785813,1314935408.0,0.9982236171753747,63100.901359235024,-148100.02043928532
3509170,Sumberbaru,2022,726054.3777,1687581.5246549665,733547.8883394944,4469397589.0,0.9939877872053657,-195538.49133280967,-617009.5527238931
3509170,Sumberbaru,2023,789126.2195,1570580.4101239352,796223.3332131207,5215162449.0,0.9929916185975118,117215.58068774067,-861320.5535435885
3509170,Sumberbaru,2024,978191.2216,1596460.5552374702,1002030.7775884469,22820489423.0,0.9700415328692227,12544.467328443978,-670395.7438118827
3509170,Sumberbaru,2025,851694.1753,833456.306048981,851514.8340987539,5650996981.0,0.992410368795511,862076.6731639425,-480717.0907078837
3509180,Tanggul,2018,518658.3037,1965477.2841549665,539118.2231042832,8162109226.0,0.9890746395686921,-133938.40400867444,6819.7420195737795
3509180,Tanggul,2019,629506.1219,1083401.161725869,630433.7703366212,1165316316.0,0.9984254235085785,90328.31754103952,-1240801.433781831
3509180,Tanggul,2020,537589.7375,610400.40263348,538148.0192990926,4396718299.0,0.9940849767482907,349481.1492673742,-472167.8299750638
3509180,Tanggul,2021,1130216.154,1069391.3965495185,1129921.5997902863,2768984029.0,0.996266635943155,181740.90483756733,158256.69523088966
3509180,Tanggul,2022,765644.3124,1100751.7632119171,769283.9813523683,6248099125.0,0.991615148636077,-134908.9037277752,397341.10899862426
3509180,Tanggul,2023,1004978.031,1032010.885296272,1005792.4419299175,17675187894.0,0.9766384233041274,149010.8086485409,-35429.2516071134
3509180,Tanggul,2024,965000.417,1049089.101316966,965219.7621718987,1488168842.0,0.9979900616875229,192001.0269354321,246744.5436783831
3509180,Tanggul,2025,630390.6794,571949.4319557305,630191.8600345193,1942435293.0,0.9973781326988644,1217838.6959206262,281342.48739753023
3509190,Bangsalsari,2018,926880.1227,2222276.4731036755,958458.7875600571,14217940246.0,0.9811216578874257,-496173.73301373824,164116.3650787459
3509190,Bangsalsari,2019,1068955.366,1126832.6043172015,1073448.567880123,47892981331.0,0.9391301856359484,-255934.39561329922,-1078481.6769858107
3509190,Bangsalsari,2020,754333.539,626415.0812464455,749895.0621083231,20453364529.0,0.973065366004914,-25478.589003059627,-109618.60253240005
3509190,Bangsalsari,2021,940604.306,666153.5965900597,936638.6169447065,8342626279.0,0.9888357067830463,-237302.92066117038,307914.4907374515
3509190,Bangsalsari,2022,685113.584,697891.3502839536,685280.7872768934,7544624980.0,0.989892816868322,-376658.4452794839,496675.8915372427
3509190,Bangsalsari,2023,711008.8066,604538.603807378,710166.8162679062,4535806547.0,0.993898999205578,-85277.94607073811,227117.4669340332
3509190,Bangsalsari,2024,746726.913,629663.9320390665,746041.7601145307,3349998343.0,0.9954868018291522,40964.780871151626,338402.63222139387
3509190,Bangsalsari,2025,723161.3891,575486.2939450459,721010.5835226332,8409942281.0,0.9887466367160535,751182.6525790324,424759.98196827195
3509200,Panti,2018,831268.1401,1633850.9964493487,873694.9222228073,31758843015.0,0.9587909226537364,-136603.2142759263,-522498.0727876226
3509200,Panti,2019,694640.0696,1404642.96718114,697823.1570818868,2562519687.0,0.9965440455175818,180823.97545122332,-702276.6106892251
3509200,Panti,2020,769785.7104,1092915.0176983005,770889.7795520788,1950894187.0,0.9973667450881277,101467.80343810169,-598234.4520252878
3509200,Panti,2021,895196.3865,1971854.4214678034,914738.9573424727,10519294599.0,0.9859637252796739,154538.05747549643,-166632.02055172133
3509200,Panti,2022,682607.1308,1787921.3529599267,701812.5450078031,10061846589.0,0.9865659146582508,76201.64089364019,-752509.7314735013
3509200,Panti,2023,717788.7397,1644152.3850612384,726334.1114076745,5297873781.0,0.9928812584644469,300385.27808905195,-908856.9366229625
3509200,Panti,2024,690913.4276,1528196.6661539762,697751.3367902633,4685324026.0,0.9936991541333212,386771.3353590757,-748180.6603291316
3509200,Panti,2025,782263.7125,841651.1247975578,782263.7125,3.4e-21,1.0,696632.3995622115,-592050.8599652015
3509210,Sukorambi,2018,520742.5972,739990.4705314792,520742.5972,5.59e-22,1.0,-449897.12508929573,-268418.37031943037
3509210,Sukorambi,2019,624471.5558,741410.9624061807,625306.8181918269,4093573144.0,0.994490559158216,-400893.18657883507,-391527.7991074016
3509210,Sukorambi,2020,671790.1135,859411.8829354092,671843.0877506693,160705811.6,0.9997825589966207,-381276.44658836984,-330384.47598778293
3509210,Sukorambi,2021,687747.3112,935474.7908017132,687747.3112,1.91e-21,1.0,-282861.91295489896,-327312.8696093003
3509210,Sukorambi,2022,829133.3023,938097.3121868772,829133.3023,2.83e-21,1.0,-420711.4789283386,-326783.23679195903
3509210,Sukorambi,2023,683986.8459,1005929.0130666742,683986.8459,1.42e-22,1.0,-66775.03853298926,-210451.13677919388
3509210,Sukorambi,2024,822028.3422,1042001.3941408759,822028.3422,1.06e-20,1.0,24139.401800851076,-342767.0367065148
3509210,Sukorambi,2025,835678.0207,975529.6623138105,836024.0457225771,1411377409.0,0.998093579373439,241000.59193329216,-214801.49804165994
3509220,Arjasa,2018,629617.1721,123593.79622499828,629617.1721,4.3000000000000006e-21,1.0,-392691.71839100483,193821.69259221829
3509220,Arjasa,2019,781009.2127,463699.78062989115,769292.2636137148,21817210636.0,0.9713208522404091,-240619.0294672662,397831.2699738917
3509220,Arjasa,2020,759822.4394,885929.7747038285,759822.4394,8.5e-22,1.0,-241490.41787013228,274008.4456813637
3509220,Arjasa,2021,756427.186,497031.6866584311,751252.2374880433,11583044551.0,0.9845662319881303,-518194.61171210906,-131035.87130655698
3509220,Arjasa,2022,608363.1465,672525.0729242092,608470.1558868458,950597683.3,0.9987151787624099,-446204.84424575797,95767.0427650736
3509220,Arjasa,2023,858892.4209,471379.97230818926,846861.6296744163,18231937073.0,0.9759202784734707,-485101.22906868334,-136758.3804154551
3509220,Arjasa,2024,1158963.471,770727.4665437156,1149542.9695950088,14150559879.0,0.9812094432806387,-200737.21745310613,200912.31963010423
3509220,Arjasa,2025,1051374.036,882846.4535367279,1051374.036,3.4e-22,1.0,569809.625345594,376460.0256048617
3509230,Pakusari,2018,740202.9424,443724.5188217707,740035.0352957334,322440328.8,0.9995638215660828,-171167.29001579114,162288.24656694251
3509230,Pakusari,2019,862030.049,491996.70792208606,861340.2239399304,1062761559.0,0.9985637965740441,55309.84673755299,175808.62602913124
3509230,Pakusari,2020,658653.888,689462.6969131993,658653.888,3.3899999999999996e-24,1.0,66304.5473038088,317173.0197339818
3509230,Pakusari,2021,999875.9814,870494.4772779057,999519.0763030958,1574010340.0,0.997874369594826,-90709.85456177048,2627.9512402258115
3509230,Pakusari,2022,904949.2643,975023.9279634114,906241.2638052072,10688350892.0,0.9857413637953977,-172070.75511577516,112036.01095472742
3509230,Pakusari,2023,1084345.5,810958.8776909978,1068902.9005919583,34066089717.0,0.9559290657209389,118703.2714627402,-61355.196833109716
3509230,Pakusari,2024,1169400.949,939082.8130184653,1166840.5154559633,6396873818.0,0.9914172089061886,53672.22712864389,281300.7818473551
3509230,Pakusari,2025,605623.7857,728801.9297419376,605636.2387518219,57532519.94,0.9999221454698201,621792.9814259912,303876.67698297685
3509240,Kalisat,2018,460144.5509,1053179.4312210423,467709.8237143857,7352712548.0,0.9901473799555046,-681554.1465771286,208753.10865302378
3509240,Kalisat,2019,582937.1549,480212.9922842771,582444.8895885024,2739934378.0,0.996305658292009,-507742.72271693684,-664662.853415913
3509240,Kalisat,2020,626001.7363,229926.28466815752,624235.4725198757,2548860197.0,0.9965624041271963,-439310.7499918872,-141293.7295436625
3509240,Kalisat,2021,802190.0379,243486.2237728401,800306.3275612257,1924981515.0,0.9974016303076217,-438988.5513929875,271531.9925519958
3509240,Kalisat,2022,632428.6998,330040.87853061105,628094.2945195016,8274900152.0,0.9889253357083734,-654461.6167902906,547733.2437011282
3509240,Kalisat,2023,562225.6893,260451.96162060968,561835.9486574997,735839118.3,0.9990051561802701,-234537.8510119404,311813.8644686566
3509240,Kalisat,2024,646064.8795,326812.2088646237,644977.5048138099,1944705133.0,0.9973750769482799,-426140.8295933873,345636.07191752223
3509240,Kalisat,2025,580299.0625,116664.46860386,579704.4596103895,730694542.1,0.9990121047015069,25665.227503718153,334240.2113330579
3509250,Ledokombo,2018,866554.0107,823100.7744914796,865613.3196178082,12590914359.0,0.9832458007894614,-453501.4888953678,-53843.01026401731
3509250,Ledokombo,2019,609504.4643,969312.4206922645,611174.1291140588,2652808415.0,0.9964227127912286,-377337.73681909847,74630.87163616554
3509250,Ledokombo,2020,866661.2923,1037976.2788909598,871973.4392038957,18208824427.0,0.9759500702165596,-461289.1925850714,-352464.89841027325
3509250,Ledokombo,2021,1133687.18,1250803.9024531813,1136473.0206272588,13865006050.0,0.9815816467710557,-302741.9208961827,-258608.32055592665
3509250,Ledokombo,2022,1323156.047,1390449.145448938,1326843.8391110909,32991376143.0,0.9572599877458483,-564722.7374561048,-37262.58089307998
3509250,Ledokombo,2023,1000144.859,1520321.6957590678,1057669.8131603873,70750464670.0,0.9126178804725747,-226276.63806817238,-1775.4224985959008
3509250,Ledokombo,2024,1689081.258,1452427.9742163569,1679730.4831452298,23408345553.0,0.9692934994767339,-146214.08603189266,-365447.9940310387
3509250,Ledokombo,2025,680192.6593,934233.6511763188,682643.9148580512,5543997432.0,0.9925530054860577,410008.9460673275,355476.4404582074
3509260,Sumberjambe,2018,723277.1679,1517601.863493551,735424.5519591746,8837000861.0,0.9881819420455327,-680969.8555464989,-127127.32076799327
3509260,Sumberjambe,2019,604873.1975,1105648.6091397712,605571.4240907201,794486810.7,0.9989259505126961,-179907.4554977979,-810826.4184518685
3509260,Sumberjambe,2020,1100138.896,853193.2676843217,1076298.0482899798,60805122292.0,0.9239671933337814,-99859.71504678775,-560987.3648274015
3509260,Sumberjambe,2021,993775.9051,1009054.0093150553,993883.2874037768,4027669428.0,0.9945787765188422,-384709.99360452837,268098.5636594915
3509260,Sumberjambe,2022,802225.6382,1186189.1017486965,805929.0075429514,5541707823.0,0.9925560581175583,-388981.6218876007,112974.44681704987
3509260,Sumberjambe,2023,1044192.775,1175835.189684857,1054157.706831243,46600595255.0,0.94067530529417,-309138.57250557526,-252511.01704797207
3509260,Sumberjambe,2024,984850.6808,1280080.2007088747,987208.0162293313,4580054078.0,0.9938398495790696,-183416.33207558998,-75130.05231130018
3509260,Sumberjambe,2025,949909.7576,916734.6757682073,949663.5771542495,4254060492.0,0.9942757995322961,707672.8539874395,-147616.254076652
3509270,Sukowono,2018,564892.4035,1538514.0135006548,568051.0893784986,1852059094.0,0.9974998160168174,-35358.79138955384,-940161.8739428758
3509270,Sukowono,2019,683243.0062,1205447.5953581356,685684.2487432007,2672591782.0,0.9963961312496843,-25855.486253663876,-1053469.8731610035
3509270,Sukowono,2020,877341.9839,1112441.19592705,886804.4718373135,23862882460.0,0.9687159021343839,64111.08886639493,-679493.2772182827
3509270,Sukowono,2021,741996.0039,2268986.0567778437,744678.2510490665,1001275219.0,0.9986467760461646,129981.19190428771,-293304.46811366745
3509270,Sukowono,2022,641242.3576,2133047.7895398615,666693.3716404486,9876282127.0,0.9868104034406384,-9310.485740672782,-1368760.0385443065
3509270,Sukowono,2023,681790.557,2055057.4703775852,688758.6203342249,2901975460.0,0.9960880277938308,40042.7095283996,-1550557.0380425958
3509270,Sukowono,2024,984543.9879,2264949.596472473,1040826.484697882,26162281044.0,0.9658044864866463,192103.46363888352,-1502955.563274555
3509270,Sukowono,2025,1501078.166,1385244.1885825905,1501078.166,5.300000000000001e-21,1.0,763401.8678565399,-1323628.6079617916
3509280,Jelbuk,2018,374747.9419,565158.3661520287,374747.9419,4.77e-22,1.0,-181916.17608473048,-78419.24455144662
3509280,Jelbuk,2019,581832.6382,629707.2477542624,584359.501885214,31706876339.0,0.9588555782849639,-154485.17714092188,-221468.42204735335
3509280,Jelbuk,2020,614542.7014,817178.7360925076,614542.7014,4.7899999999999993e-23,1.0,-143834.77024249866,-124806.22568466014
3509280,Jelbuk,2021,968039.733,1155440.0960566506,969888.7621206366,5670312825.0,0.9923846240078701,320934.07398702967,-191561.89891905477
3509280,Jelbuk,2022,665479.4408,1189399.3676895872,670578.5122079902,5592435932.0,0.9924884290382987,-53499.80998454282,-8737.493321792688
3509280,Jelbuk,2023,1070349.671,1138344.713907022,1073580.1778591068,28383160807.0,0.963009054434325,142956.482142338,-399442.3007652962
3509280,Jelbuk,2024,1131667.73,1297185.645543887,1141236.3276063458,34913401329.0,0.9548823638461816,143421.96129474873,-9205.26539364201
3509280,Jelbuk,2025,1095227.525,1051973.7343666803,1094948.2822304815,3697413048.0,0.9950210867578754,493851.982052093,-7194.334379819222
3509710,Kaliwates,2018,1190954.608,2311778.2999283215,1269975.1093214469,43160001035.0,0.9448136212832404,-81540.58582724055,-965461.846378987
3509710,Kaliwates,2019,1052092.642,2492468.501311865,1122338.5040651483,29173351238.0,0.9620183370320613,26318.245285879617,-1183215.9811303322
3509710,Kaliwates,2020,1435981.025,2781537.141599883,1544842.0224704207,50088382995.0,0.9365170630231294,120656.55230785513,-1524883.4071156476
3509710,Kaliwates,2021,2063575.81,2724423.8065193677,2088507.1483685316,22308621768.0,0.970693813650987,401995.4128901067,-1405501.3011095426
3509710,Kaliwates,2022,1818161.598,2822616.160901141,1877928.1455457362,35999553349.0,0.9535439651247828,78257.73321391866,-593910.7416108386
3509710,Kaliwates,2023,2253323.822,2937596.3882357674,2431941.037764456,201000000000.0,0.786151344690194,316683.3241528451,-851026.0384995046
3509710,Kaliwates,2024,1869559.909,3186011.256517792,2223199.167774181,209000000000.0,0.7795165756752741,331381.59903208434,-516255.63528795773
3509710,Kaliwates,2025,1738142.501,2761594.2855366473,1799218.6447335707,36112232317.0,0.9534053324942506,889609.2333314209,-1023550.5692643663
3509720,Sumbersari,2018,1034863.79,3216561.059019807,1128518.572591934,25522192371.0,0.9666131845066457,-314385.1878642368,-2374439.9455387276
3509720,Sumbersari,2019,732289.8513,3476623.6546430117,762124.3692472212,6253982223.0,0.9916073198709418,-112203.5221720848,-2595494.1978931655
3509720,Sumbersari,2020,1577932.408,3775935.10543521,2132473.222145298,192000000000.0,0.7937517662361364,-21297.139277384915,-3131716.2385794073
3509720,Sumbersari,2021,1441181.476,3610043.4209776744,1509692.0027218189,18560629050.0,0.9754967977965576,198853.98072309073,-2592039.2589481445
3509720,Sumbersari,2022,1189734.645,3612763.6189178964,1230198.8491871813,9663926913.0,0.9870903388614638,-52444.60139662226,-2348457.1260848176
3509720,Sumbersari,2023,2105920.822,3344790.222954715,2243374.892174196,71012342019.0,0.9123228004943174,64532.161794166794,-2604955.880749995
3509720,Sumbersari,2024,1615345.291,3618537.774487984,1866646.794285536,81623527367.0,0.9005246927001409,194122.5689083225,-1484622.3265768932
3509720,Sumbersari,2025,1595556.586,3958361.393045561,1719824.3929776587,31587969213.0,0.9590035523491345,534084.454312045,-1963783.264588678
3509730,Patrang,2018,1059107.161,1230109.5669845946,1060175.6386269408,3577772196.0,0.9951814180692241,-609954.8183567025,193160.5345379315
3509730,Patrang,2019,1326293.072,995360.2290747195,1291024.6422001673,67875715198.0,0.9158697040402952,-726126.2460452847,-206308.31495414
3509730,Patrang,2020,918786.664,1172314.102223929,920000.2042494746,2736782985.0,0.9963098917368902,-574261.9349308698,160407.47896032175
3509730,Patrang,2021,1882148.409,1357748.7669442534,1751917.8155981859,188000000000.0,0.7971771072856082,-240781.33795685283,-250832.61936101213
3509730,Patrang,2022,978591.2283,1495897.9669573584,1003802.7679857593,29152619898.0,0.9620443033339195,-498701.87404518237,584157.9765698714
3509730,Patrang,2023,1496810.603,1328251.6706164647,1489557.6136729266,25585506498.0,0.9665331321008397,-188900.7329744526,-354264.0272271262
3509730,Patrang,2024,1614013.612,1570474.5583601592,1607960.070691668,91891091115.0,0.8893955353315396,-219916.42959987716,210566.10518524167
3509730,Patrang,2025,2298306.078,1344181.2287685492,1588845.9691620492,1650000000000.0,0.3093104714109998,-5924.049571591924,207918.9133626623
3510010,Pesanggaran,2018,1109465.565,1225372.0651515801,1114572.3708900027,26226367202.0,0.9657235935501268,-267184.6557876596,216513.05782641354
3510010,Pesanggaran,2019,923987.169,1268122.0482778852,932025.9328390217,13609843343.0,0.9819144761065385,-16844.292502555858,-93793.68426279095
3510010,Pesanggaran,2020,1002407.131,1100220.4200535065,1004035.6418832311,9634111461.0,0.9871296555383013,120655.16266704033,-294912.5643042573
3510010,Pesanggaran,2021,1614356.689,1418879.174925943,1556028.1985313138,242000000000.0,0.7532920884370644,25890.05719256043,-42220.95050595654
3510010,Pesanggaran,2022,997055.1617,1271321.3198646551,1002980.0164276232,12563699209.0,0.9832814093949046,-87086.52197860574,319970.0553918071
3510010,Pesanggaran,2023,1484247.857,1323588.5333903763,1475221.6572711554,33871794513.0,0.9561694061852929,-180975.12778585096,-113419.19810345187
3510010,Pesanggaran,2024,1770735.979,1290481.9897596757,1739472.411185908,39621308251.0,0.9491080854584556,137912.1330671251,200014.68295185897
3510010,Pesanggaran,2025,2119774.008,1560380.6044403547,1971618.0390037852,205000000000.0,0.7828199022336285,691387.8825295976,671633.4344135418
3510011,Siliragung,2018,943276.5637,735554.2270577414,926647.290303157,49517156798.0,0.937195576292827,-693686.94262506,376661.4468934573
3510011,Siliragung,2019,807555.9471,773821.8968954949,807299.7656016337,4354289584.0,0.994141722845156,-75091.67303464282,75016.75162168953
3510011,Siliragung,2020,1335971.252,857237.7820092407,1334761.4253125042,1441636037.0,0.998052787062399,228091.92885619192,24005.41190217482
3510011,Siliragung,2021,1184473.276,1472245.3480020864,1186678.6826595129,4394490404.0,0.9940879562754344,442906.57631421357,580945.5504237632
3510011,Siliragung,2022,1203119.402,1211118.2203194366,1203325.6418429336,15059783679.0,0.9800261987517318,109343.58301975613,57501.74313477706
3510011,Siliragung,2023,1275681.173,1260571.7615846242,1274739.759890482,37809339832.0,0.9513221905423819,244588.17247409234,167791.1158031493
3510011,Siliragung,2024,1760664.953,1281131.9518595461,1731666.7111600712,36624416438.0,0.9527756832940446,754315.0670509663,212491.17278963
3510011,Siliragung,2025,1748379.542,1153333.9460889753,1736565.5590604949,11526106611.0,0.984640933411665,473365.56089846144,847441.3244641038
3510020,Bangorejo,2018,1043968.629,1358489.3801462876,1047574.3424375368,6598980268.0,0.991148439622949,-237229.47951245707,-497125.4362133068
3510020,Bangorejo,2019,953676.9272,1229617.9926206626,953956.323611474,576729002.2,0.9992201029832439,-151046.936111836,-442366.0457854124
3510020,Bangorejo,2020,907075.0787,1251746.6002801668,910101.4648380517,5040532818.0,0.9932247041402149,64939.0733494499,-367696.975737436
3510020,Bangorejo,2021,1120235.394,1924197.7536516106,1124888.322172497,3312369369.0,0.9955372702495028,105702.40228295853,-332662.15690300334
3510020,Bangorejo,2022,1035175.387,1789673.4542193178,1037462.0829147318,1729799911.0,0.9976644741267418,28724.82805006564,-695809.2575933137
3510020,Bangorejo,2023,1153935.269,1963606.086938745,1181566.7167793845,20104921075.0,0.9735120701376864,-63830.22232606447,-706882.4535247403
3510020,Bangorejo,2024,1138168.159,1972797.34470673,1147237.2400148704,6250891102.0,0.9916114332767771,557046.3639557767,-789040.7981872484
3510020,Bangorejo,2025,1797213.71,2215710.905515073,1926370.1320976191,254000000000.0,0.744188100401035,822876.2506816131,-632541.7194721245
3510030,Purwoharjo,2018,1046504.269,1393864.5000761498,1052585.9834831734,10140151091.0,0.9864627816115403,-322024.0722703378,260320.8893199464
3510030,Purwoharjo,2019,1154584.173,1017293.8126538694,1140477.4831800722,65162738187.0,0.9189598618191999,-148372.40524027962,-382873.9229649118
3510030,Purwoharjo,2020,1347665.725,1097490.005367544,1347578.742836347,197908032.5,0.9997322364716071,87717.10790136945,42058.264284663834
3510030,Purwoharjo,2021,1414298.24,1416658.3587397235,1414446.4673058107,38132190780.0,0.9509269321084761,135836.7285606719,377170.2609451985
3510030,Purwoharjo,2022,1085035.068,1434411.2054793108,1094238.4476531337,15394839155.0,0.9795908839388161,-44499.191400350974,273269.7936877301
3510030,Purwoharjo,2023,1346477.038,1434420.8131960172,1350824.4488935142,29591749937.0,0.961494586082281,41633.01707980639,-133584.01906372607
3510030,Purwoharjo,2024,2456085.637,1434263.4690486887,2351499.5950965676,64881357035.0,0.9192815568837253,294404.3777924589,47013.15501884394
3510030,Purwoharjo,2025,1534139.807,1612487.840946891,1549253.3303429133,136000000000.0,0.8445566948345314,622238.9935811353,1256275.7941464132
3510040,Tegaldlimo,2018,860839.549,1095010.316740606,870879.1422640396,25488319392.0,0.9666560178891143,88656.50650147146,-185358.10722662788
3510040,Tegaldlimo,2019,747684.7359,1127800.5224410428,750028.5846790536,3530427062.0,0.9952448797930914,272462.3469023404,-167681.36171304807
3510040,Tegaldlimo,2020,823503.008,1286394.4700241042,836236.9468963922,16096282960.0,0.9786807967718041,456460.60410835297,-262361.8226880204
3510040,Tegaldlimo,2021,1057691.697,2208276.1312883063,1086877.6892073234,14809550014.0,0.9803515628072313,539539.4921083759,-291505.83453946083
3510040,Tegaldlimo,2022,880062.9901,2051675.3976345726,902044.7420015723,10880060613.0,0.9854893273499248,411382.73914727086,-819602.9455730007
3510040,Tegaldlimo,2023,1903993.099,1847246.4736154056,1895898.5338501267,94671582368.0,0.8864288964257208,173647.44036006002,-969586.0720251903
3510040,Tegaldlimo,2024,1609683.911,1859031.9980701632,1620078.6363214473,24752964662.0,0.967586832310788,410869.7804846208,122184.5924650901
3510040,Tegaldlimo,2025,1672650.474,1401234.945950804,1633802.1233416628,95049866706.0,0.8860268155321364,1140558.326602393,78420.49351599137
3510050,Muncar,2018,797993.3318,739667.2655012275,797402.3748966386,5824292350.0,0.9921794428238946,392949.37456519844,1190444.6982272202
3510050,Muncar,2019,718322.5012,206189.71918758313,716368.9334717172,2178878737.0,0.9970599235340017,338672.63647588703,531889.6430032251
3510050,Muncar,2020,1076021.483,117665.813259405,1071015.7920675806,2987713979.0,0.995972914486894,313068.90614898637,795350.2770985869
3510050,Muncar,2021,1333368.537,445822.1343493381,1318815.5709247652,9485667283.0,0.9873254507223509,151940.6224837616,1322592.6496810587
3510050,Muncar,2022,959008.1871,531814.0004346359,941079.1893363771,24927490295.0,0.9673657549938272,-80705.92547800555,1387374.8290495954
3510050,Muncar,2023,1237004.086,519762.404589183,1219964.3501605834,13847357149.0,0.9816046603950347,221299.1244319918,889490.6883133468
3510050,Muncar,2024,1610106.967,551536.6797687414,1520300.443998995,52749378281.0,0.9333691874023023,405425.8609135431,1143763.2770186875
3510050,Muncar,2025,1259378.637,146568.36680653272,1247141.0933807336,6327073149.0,0.9915100665096154,864773.5882569216,1576945.7320604478
3510060,Cluring,2018,1296470.267,1569012.6687982862,1301279.1259677594,10220369671.0,0.9863571499341937,-183685.0959875984,-54140.59200779503
3510060,Cluring,2019,1180231.201,1363541.7016148681,1184323.4075907462,12992794231.0,0.9827202767617766,-175662.0227013412,-235020.8313096685
3510060,Cluring,2020,1232398.316,1404503.8947407838,1247219.6184019544,53620197444.0,0.932343625810145,-119866.92222838206,-200286.50831591454
3510060,Cluring,2021,1414526.909,1813378.7269084072,1426243.6458041675,17221520608.0,0.9772243858678401,-172016.46456707836,-140132.09039089223
3510060,Cluring,2022,2064694.961,1757573.7538777804,2036805.301562592,56833719120.0,0.9285784941649274,-444601.97396057285,-276132.6422306616
3510060,Cluring,2023,1263246.867,1893869.8453950463,1274571.3696994968,10405105250.0,0.9861139764809803,-162785.9934399776,333177.7013173748
3510060,Cluring,2024,1331734.088,1691258.716841743,1336656.7245942215,7899215346.0,0.9894228131117526,7486.488635862013,-438518.50494889636
3510060,Cluring,2025,1477157.444,1029795.1175595297,1426830.604216427,72126969285.0,0.9110689846366163,666765.72774436,-256770.136692625
3510070,Gambiran,2018,856495.7312,973524.4071604647,859187.9576465564,13398439920.0,0.9821903976854095,94767.46565315987,173787.3573611569
3510070,Gambiran,2019,998829.97,847826.9001468512,998464.0706029958,1382155459.0,0.9981329772816755,239742.17013814513,-30899.2921891422
3510070,Gambiran,2020,860383.6877,879939.1770589885,860598.5543615213,6321584280.0,0.9915173692292046,379475.8982757914,222323.2719243489
3510070,Gambiran,2021,1334182.275,996339.25287474,1330531.095241637,6216768845.0,0.9916568425961902,149867.94285645545,186921.2530348925
3510070,Gambiran,2022,1002674.783,1223573.8802276978,1009421.0718489585,17925385608.0,0.97631556522263,110771.80543323829,507376.28950619383
3510070,Gambiran,2023,956414.7309,1334290.7298912865,1000101.5041539754,74384915390.0,0.908539610898195,341913.6780789669,11479.827811090974
3510070,Gambiran,2024,1115048.696,1459117.8250936065,1124525.6050212386,16116777928.0,0.9786542310332531,611220.4644241543,-184302.4509896111
3510070,Gambiran,2025,1554805.993,1261172.911716507,1550994.2072858193,7483857914.0,0.9899734074470038,1174513.312065992,-87566.25391396065
3510071,Tegalsari,2018,1301281.026,501841.91900541406,1288487.9832444855,9253836590.0,0.9876313866303355,160802.31091145935,458261.64119962073
3510071,Tegalsari,2019,928655.1142,634696.7493087472,922509.9419806235,12149284735.0,0.9838239527392595,383186.6506438867,907829.7315579902
3510071,Tegalsari,2020,1002834.994,724625.4472015437,995453.5154317506,15508758745.0,0.9794429640391161,731421.3859977629,521910.92660992255
3510071,Tegalsari,2021,885134.0189,1016908.7069845373,887006.4722706677,8202037263.0,0.9890217807824601,722826.1622609865,594671.4776557833
3510071,Tegalsari,2022,848273.7368,969129.014745136,851357.7275504324,14900505224.0,0.9802332741309764,424486.7948840688,216483.15808169346
3510071,Tegalsari,2023,979407.7904,1030112.3343969659,981636.8960720175,26165935179.0,0.9657998736799493,676478.9119309505,102414.25501128787
3510071,Tegalsari,2024,1212878.132,1153159.7245373088,1212787.3775381804,866059279.3,0.9988293065178749,898656.6867625387,187797.35236390564
3510071,Tegalsari,2025,1283586.361,1101403.329091492,1280927.7578091915,8426695817.0,0.9887244715448317,1208197.7084017084,408267.37791638356
3510080,Glenmore,2018,821913.087,1028811.2548296093,822036.3290014243,339147185.9,0.9995412318743064,-286350.7291441988,210147.85007768357
3510080,Glenmore,2019,883879.8329,854124.0991547611,882950.6137211561,18342282552.0,0.975778070402691,16173.864579887439,-144477.42063996708
3510080,Glenmore,2020,758518.4299,839330.4267737166,759652.4288418498,8098444034.0,0.9891589345080174,301814.4012735777,88983.7122920698
3510080,Glenmore,2021,1280681.224,1195630.7398741662,1277231.0025985697,24059287214.0,0.9684665360715554,327617.5324057407,153509.49972485856
3510080,Glenmore,2022,951259.5954,1189901.9854176748,955849.3035716478,11158319686.0,0.9851237356333415,91984.45565074161,384977.742929392
3510080,Glenmore,2023,1022321.013,1147147.993209176,1029040.5253834053,32373357939.0,0.9580270193106358,281288.4983528334,77743.39372004964
3510080,Glenmore,2024,1175047.711,1276926.6309664513,1184752.4229537665,59910174404.0,0.9250023389192837,688027.6873861188,142536.83791545057
3510080,Glenmore,2025,1234350.383,1144368.409591959,1233354.07786719,6370883308.0,0.9914517827095272,954183.6135844204,333134.50960125425
3510090,Kalibaru,2018,738183.5411,1386585.5268172424,756138.8237323266,16205827684.0,0.9785388207847086,25981.944193468433,-93004.02201111092
3510090,Kalibaru,2019,583797.1561,1301885.036748725,595716.5756804908,9604486261.0,0.9871687244381944,258322.5320230953,-561681.9250552522
3510090,Kalibaru,2020,811919.5636,1272334.553682029,814525.9176811848,3239491045.0,0.9956350300649371,396912.9332354177,-660849.3643682413
3510090,Kalibaru,2021,951812.0462,1190196.4787379073,954263.9959917568,5913589636.0,0.9920604910444939,12306.387041210368,-332938.4915172525
3510090,Kalibaru,2022,928294.2167,1099070.7521438324,933479.831181724,17819317004.0,0.9764524113315514,-101465.45089887084,-164116.25260478607
3510090,Kalibaru,2023,931926.2598,1105608.1419665006,937371.4905756981,18417175387.0,0.9756815756420814,270434.7085669785,-73104.71644467046
3510090,Kalibaru,2024,1173516.537,1015550.69800869,1169740.1682767184,13936285176.0,0.9814887119623577,469470.21860849706,23267.218902739813
3510090,Kalibaru,2025,1112029.197,1114920.726276939,1112033.4577668936,839707339.8,0.9988648872526729,1018430.8252249834,448331.4482021162
3510100,Genteng,2018,976905.2298,2083564.9915431875,983868.6550461397,3603109730.0,0.9951474587992317,-8862.561588604265,110637.17891854834
3510100,Genteng,2019,1117961.177,1216037.3556724167,1119454.288491571,8796675950.0,0.9882352356347706,141865.03530373893,-1004499.9622852082
3510100,Genteng,2020,724016.6535,824745.7541916132,725203.1050584922,6782162101.0,0.9909049629209993,431902.5501660233,-192241.61035394948
3510100,Genteng,2021,1924674.363,1614770.9341497805,1841716.4815831636,208000000000.0,0.780339790934806,296598.8292260867,79013.59676718537
3510100,Genteng,2022,1620576.513,1631883.9205622785,1622436.1207812894,112000000000.0,0.8683773015190234,142764.59572720103,612543.358940697
3510100,Genteng,2023,1750377.52,1620157.6225697119,1739592.815303623,51381087513.0,0.9349851856703235,245707.9087779231,352271.1851032383
3510100,Genteng,2024,1534495.388,1812079.2787393262,1573694.0179690975,93566166754.0,0.8876059439720582,870446.4729732744,442163.18992934073
3510100,Genteng,2025,1118903.224,1279569.974501881,1124029.0190349477,18751837145.0,0.975250617856509,917667.6259510095,252354.33995551942
3510110,Srono,2018,883647.3172,1447163.0648272897,901525.2866017702,18644086396.0,0.9753893313909041,128561.17798238766,224825.9095135535
3510110,Srono,2019,935691.9602,867905.6720632989,935510.8179363543,1524640266.0,0.9979409043824538,180561.33618841512,-367470.42183685524
3510110,Srono,2020,990537.5692,718039.0702134167,988657.4977305155,3953159540.0,0.9946785327764076,335230.04942885815,113552.48053693282
3510110,Srono,2021,1250420.936,1754971.9116241734,1257833.0443757009,8483818939.0,0.9886489042957338,501013.15360825113,479124.20959118806
3510110,Srono,2022,1120802.393,1487198.5600517862,1127729.3827257915,10965040364.0,0.985377647610818,126684.80909340677,-38341.58314397815
3510110,Srono,2023,1286061.16,1404339.226138263,1288013.6542563296,9550847654.0,0.9872394694287376,296336.3107875742,-104453.5821316836
3510110,Srono,2024,1227048.118,1386860.271359059,1231558.1030609352,16524370845.0,0.9781262052791011,577621.5502805067,136460.99447635538
3510110,Srono,2025,1266630.62,453737.07998081716,1260907.569625572,4034499277.0,0.9945696334963247,1082729.5943225871,214940.6047337934
3510120,Rogojampi,2018,1006569.896,565211.2962808581,1001573.4144970628,6515452631.0,0.9912595003633313,-212157.29355024928,790516.1650452407
3510120,Rogojampi,2019,858662.7264,502748.5715681625,857172.0268285486,2393288315.0,0.9967715433743284,87839.82240356339,476027.9543834368
3510120,Rogojampi,2020,1074184.56,580196.7515623596,1070510.9709330536,4263275856.0,0.9942634706089762,234896.70235428086,392082.7246390211
3510120,Rogojampi,2021,1525910.997,625851.780918129,1392620.0636443195,98915378694.0,0.8819389489049053,-88937.6592946848,600784.7690060842
3510120,Rogojampi,2022,1131645.712,643973.8372317202,1131563.4414542885,96010181.23,0.9998700832438159,-162660.098205601,997442.6941691207
3510120,Rogojampi,2023,1262559.051,529319.259115924,1245614.1249092289,13460933837.0,0.9821088151225769,26998.009720984082,645257.7888754418
3510120,Rogojampi,2024,1187828.76,587821.4790720033,1155805.9492053315,32081180220.0,0.9583900735091986,353931.82011597545,845650.7090123002
3510120,Rogojampi,2025,1768045.744,747619.698537242,1759273.031659415,4934345113.0,0.9933664908609879,922862.5553801508,845825.9037846387
3510121,Blimbingsari,2018,1012721.475,938758.8540314402,1011907.4281595339,6332437019.0,0.991502930200096,46967.11379179952,358674.0139812568
3510121,Blimbingsari,2019,834983.2837,585836.3692678295,831576.2214136883,7889179355.0,0.9894361095170128,130769.63094857185,147625.1649740173
3510121,Blimbingsari,2020,926448.1652,557535.9887238254,923846.9959269612,4040601263.0,0.9945614649959208,323665.5804046363,262478.1198432611
3510121,Blimbingsari,2021,1304455.212,1176866.016049831,1299711.3221861597,21973709322.0,0.971121072662823,170103.8619193404,496400.83574299735
3510121,Blimbingsari,2022,628285.553,1107229.9494801778,635497.3456820745,8699107325.0,0.9883642065652559,83529.34574067825,325666.1025005458
3510121,Blimbingsari,2023,1036360.553,921801.2542520458,1033070.3649313912,16825712162.0,0.9777361918398407,328932.63880767167,-320060.85019202123
3510121,Blimbingsari,2024,1427083.213,1008839.3366268944,1421522.1736075007,7667731786.0,0.9897295902076166,545277.6326571371,193327.61644767935
3510121,Blimbingsari,2025,1432964.583,864545.2725329804,1411735.2974908487,22076211952.0,0.970990266692142,1141143.2384883803,657767.4441162404
3510130,Kabat,2018,899547.4416,1179811.5229308428,903437.641008247,8009441133.0,0.9892768015461371,47991.37391745209,62450.402982905944
3510130,Kabat,2019,1318177.686,811033.9697630922,1196818.9600333383,179000000000.0,0.8049932752769149,181786.88188143907,-248359.993644014
3510130,Kabat,2020,886088.3353,746908.242047078,883874.7293450079,9196304560.0,0.9877073382722087,336412.2847786798,501694.60408151546
3510130,Kabat,2021,905180.95,2373247.861310261,947183.7962346771,16759730587.0,0.9778215624300582,448889.10292903567,344975.704919579
3510130,Kabat,2022,1420642.121,1803376.962908099,1460772.2842142773,66650741527.0,0.9172624065134773,231416.69850304138,-1075272.8527313992
3510130,Kabat,2023,1462100.473,1688058.0706617737,1466927.3055000124,12420538020.0,0.9834687655654485,378220.39941223746,-327161.1700707206
3510130,Kabat,2024,1725263.762,1469947.2655530756,1705114.954407685,48752742091.0,0.9381051021846801,566717.4967454092,-33763.33023224305
3510130,Kabat,2025,1293871.633,978879.8128719049,1289872.9894777841,7316260783.0,0.9901957463557509,976246.7153249286,536185.857441688
3510140,Singojuruh,2018,938552.0863,151741.76864928822,928256.9028468274,7544170836.0,0.989893419115114,-42934.88838375959,857021.2025649924
3510140,Singojuruh,2019,1026098.629,308162.86886333325,1016892.6405696623,7391236472.0,0.9900962692249295,267538.36527415324,862548.4206049938
3510140,Singojuruh,2020,1066334.701,585601.6840744581,1060402.4206061345,7109476698.0,0.9904702094083608,503958.1716806261,872818.170057297
3510140,Singojuruh,2021,1044330.354,557187.6021084376,1022922.8431095048,26154981759.0,0.9658137008897218,218965.98156229622,762188.7284447305
3510140,Singojuruh,2022,859455.1896,515353.81388603034,839287.9828135998,35425528668.0,0.9542508328295604,94651.2191826051,703505.9879201598
3510140,Singojuruh,2023,1045036.199,454008.19486028043,1034646.3087771203,10181992382.0,0.9864076822544979,281103.46988224937,532868.2872907893
3510140,Singojuruh,2024,1421401.551,468361.995149529,1301634.91654686,81785427050.0,0.9003470465201057,455781.62918574363,759517.0038885826
3510140,Singojuruh,2025,1092626.27,507275.8513973455,1092580.4310426665,44563588.7,0.9999396943127984,942575.1467808352,1222581.826135758
3510150,Sempu,2018,1149972.999,800920.0361459642,1139996.016569856,16742855545.0,0.9778433986814355,-342205.6599470033,671915.0419772391
3510150,Sempu,2019,1032597.693,747511.489629987,1027002.598653484,11391128897.0,0.9848180667333574,68193.17557957856,416884.3456287723
3510150,Sempu,2020,1135373.812,764401.0488714885,1125192.6651724281,16057118497.0,0.9787315660680255,302012.0354565573,412412.75273604726
3510150,Sempu,2021,1190446.715,1085484.7565766182,1189085.0333985775,7478973641.0,0.9899798856437627,321211.4053066642,615984.889570273
3510150,Sempu,2022,1111276.429,915018.9418634328,1108706.0809614882,7551243896.0,0.9898840395132161,1375.036624895787,470646.0371524475
3510150,Sempu,2023,1201559.128,912745.3025188993,1185837.2992622233,32758306136.0,0.9575491100905575,228622.1596922065,459107.89244933124
3510150,Sempu,2024,1559673.741,897638.795593147,1513500.976238118,42660868617.0,0.9454169995112389,364549.2246017019,580790.4693877678
3510150,Sempu,2025,1410066.376,647473.1380458099,1382201.4778622834,21580326799.0,0.9716234045089098,864812.5276674835,1044934.2636813264
3510160,Songgon,2018,651044.4273,351496.7420860907,651044.4273,5.6100000000000005e-22,1.0,44875.76634467309,739911.2373905852
3510160,Songgon,2019,887947.3963,459297.9580078927,884480.0561898964,4640329519.0,0.9937592853404124,349889.9752718896,594338.192968566
3510160,Songgon,2020,1204068.398,725190.2141548338,1090940.4452179405,176000000000.0,0.807632836745169,745803.02063918,760167.8199057007
3510160,Songgon,2021,1020880.496,733095.5782893006,1019518.0853681366,2706625887.0,0.9963504052958534,268452.3338592208,1005111.525422992
3510160,Songgon,2022,942438.3836,833611.7623726118,940619.2623291302,9673302819.0,0.9870779758033018,183966.62829532838,750827.012200933
3510160,Songgon,2023,1236972.834,1071806.3988158586,1231537.5723443897,19362352511.0,0.9744654119339744,317286.70784227917,537593.9992464529
3510160,Songgon,2024,1327603.826,1254282.8840855968,1326517.5489982371,8557014569.0,0.9885520918689463,541376.6103286264,562773.2546334257
3510160,Songgon,2025,1151818.267,714865.8583071968,1139850.4734652473,16023900102.0,0.9787746315438107,1118923.3955871123,586080.804663389
3510170,Glagah,2018,967301.869,862966.8361915852,966859.9284054603,2420497130.0,0.9967349595372428,133873.08988470514,588518.6348653876
3510170,Glagah,2019,1239759.801,704901.6224214153,1236369.9903888048,3629320841.0,0.9951123311343804,165510.63972585293,215971.06837318512
3510170,Glagah,2020,1821515.979,731973.384353339,1757698.474771201,35402683770.0,0.9542789862675124,449755.9290205604,579381.3406493971
3510170,Glagah,2021,1092096.26,1584047.3905611974,1093135.5640313395,1204665481.0,0.9983723414205594,413223.827556776,1315449.9461529457
3510170,Glagah,2022,1000863.527,1258931.6180604284,1001658.1607500328,1757516346.0,0.9976271409937782,287218.2697137088,-33470.809747815365
3510170,Glagah,2023,1062943.159,1150951.3306508875,1065921.5346834327,19931302911.0,0.9737348015631834,322769.0847971074,-100116.8906890999
3510170,Glagah,2024,1708295.228,928249.2500278079,1703473.7850992351,3538969890.0,0.9952334283327345,190922.66654759215,39910.43804346246
3510170,Glagah,2025,2244509.068,872032.0116995828,2244509.068,2.12e-20,1.0,687724.1593703538,879913.9045412746
3510171,Licin,2018,604713.7508,1254044.4037798354,604713.7508,3.83e-21,1.0,436233.87252654874,432868.2780859297
3510171,Licin,2019,933475.9883,1024724.5395537103,933706.06530018,1438371284.0,0.998057188186076,520147.63570815395,-301509.2218242439
3510171,Licin,2020,1140946.009,1131427.9179728918,1140946.009,1.48e-20,1.0,880211.6328648264,101225.87509385229
3510171,Licin,2021,1147553.084,995379.3764069827,1147545.1376522775,29715153.04,0.9999597871539286,471039.5179801875,425984.0168419756
3510171,Licin,2022,888401.544,916774.3743088586,888401.8101828828,5338372.653,0.9999927754624249,271291.1741297741,531032.1293203734
3510171,Licin,2023,1392451.011,1004601.8484373201,1383297.2388972843,13754266216.0,0.9817260659676142,314398.3713799386,316788.171476017
3510171,Licin,2024,1294842.432,994520.1985239297,1289454.220442257,10395541462.0,0.9861265626632496,448311.6185669878,660896.2142180827
3510171,Licin,2025,1457778.077,1042443.1707302638,1457778.077,6.41e-21,1.0,1052060.9732820434,685200.014507038
3510180,Banyuwangi,2018,1078159.25,1083214.0734570157,1078321.749423346,18900093783.0,0.9750598233138686,-446737.1522519013,392870.9199838762
3510180,Banyuwangi,2019,1463977.921,1064868.3841256995,1425186.6639617085,61259705789.0,0.9234422840208596,-285659.7029078689,24581.830099878833
3510180,Banyuwangi,2020,1090610.043,1447907.9919977372,1095908.4438206092,8565052952.0,0.9885414610322192,-77674.65718864975,391418.6300127916
3510180,Banyuwangi,2021,1694038.058,1877558.2081288819,1732323.5461161667,150000000000.0,0.8312553484869288,-143645.78830330912,-177902.31011694903
3510180,Banyuwangi,2022,1668462.697,1789390.9496147078,1691372.9603411432,133000000000.0,0.8474625561742897,-221016.42295778127,-72373.47732705972
3510180,Banyuwangi,2023,2018594.398,1604870.149768555,1928681.53081657,158000000000.0,0.8238410143605055,-233098.43213197775,31392.61783248256
3510180,Banyuwangi,2024,1988281.083,1430424.7055451067,1912291.6864617504,89733204344.0,0.8917116087533268,-70732.90328804587,567476.8744282175
3510180,Banyuwangi,2025,1846912.473,823949.0311137136,1791250.4590102113,32743449963.0,0.9575675450305327,346645.6605423165,862561.4566553084
3510190,Giri,2018,1376196.034,726677.308931764,1375537.4758612118,577524425.0,0.9992190281918041,-586789.0073502911,666752.9578152637
3510190,Giri,2019,1421291.364,699798.7190551362,1421291.364,7.47e-21,1.0,-182191.4429156623,538132.4586080577
3510190,Giri,2020,810297.3156,625880.996116858,809202.3912362173,3398586398.0,0.99542164252997,-125096.80440571811,708865.3627600118
3510190,Giri,2021,1285806.357,735683.5197552925,1215513.0189721978,83359398448.0,0.8986236352756627,-121478.55706303762,252086.84026193107
3510190,Giri,2022,1098583.905,889097.6311843663,1088131.930611018,29881181219.0,0.9611326099554867,-180950.66233923112,570800.27043831
3510190,Giri,2023,1696399.189,829431.3238426989,1669906.7993030786,17935910918.0,0.976301987917212,23120.903808418894,288756.60190515337
3510190,Giri,2024,1521639.946,787168.9299504681,1496425.6293621927,20228845835.0,0.9733531517423375,-117953.24869319158,936411.983013044
3510190,Giri,2025,1669458.645,802339.7676336353,1587715.040227718,59224842038.0,0.9257966012397802,279305.37677841005,868655.1517302869
3510200,Kalipuro,2018,897430.8309,436338.8701796894,883677.9266230304,17493832013.0,0.9768725805893704,-376977.4444956977,946351.5448380152
3510200,Kalipuro,2019,1024446.626,429724.3803620427,1004531.29415622,19714824398.0,0.974012660516166,-426612.6282660256,649876.662774366
3510200,Kalipuro,2020,964296.2111,572825.963046086,956789.0366607824,11125368296.0,0.9851670147800429,-334427.8300722947,674395.2793973063
3510200,Kalipuro,2021,1632673.574,531583.0278747692,1245982.3006167482,308000000000.0,0.7058028654608,-182362.5496672102,543403.0493601306
3510200,Kalipuro,2022,1235404.992,690863.2810969866,1206746.2275796714,31610665550.0,0.9589753043484394,-371684.99386967905,1317255.4131399186
3510200,Kalipuro,2023,1133644.099,637678.0740790414,1124770.8413424732,10365702987.0,0.9861658329015724,-180952.77468303248,872534.6831891492
3510200,Kalipuro,2024,1286704.411,497873.0236363372,1281987.0559752048,3423313598.0,0.9953884852468435,-188145.6585829862,767453.1608371923
3510200,Kalipuro,2025,1619198.111,438328.54745173233,1448387.3446068275,96226775869.0,0.8847782005876457,420988.0654811295,1031774.3727460484
3510210,Wongsorejo,2018,877296.1767,335450.64760945534,867051.7794601844,10965485438.0,0.9853770627646016,-555242.5908698974,739759.2385288719
3510210,Wongsorejo,2019,732507.3731,374519.4234107802,726677.2195263933,9420415025.0,0.9874115418469337,-449314.3024483771,545919.9308683171
3510210,Wongsorejo,2020,846719.2747,498164.06948295486,844483.5594662996,3673388836.0,0.9950532775805252,-232658.43602495376,333626.25178356067
3510210,Wongsorejo,2021,1123898.724,187327.39370042016,1117759.3389549858,3754633995.0,0.9949444229384398,-143099.4791597167,397912.703221258
3510210,Wongsorejo,2022,966372.6013,571874.088119115,962334.8525934716,5884224520.0,0.9920996047945522,-343115.935086457,1031054.4016666823
3510210,Wongsorejo,2023,1411013.514,588916.4354992204,1272799.4310122037,115000000000.0,0.8653264994940989,-257684.25796999858,606512.5010145103
3510210,Wongsorejo,2024,1744775.809,778719.9442650112,1543239.790732304,150000000000.0,0.8312553484869288,-303167.11112331785,933808.2796324608
3510210,Wongsorejo,2025,1077636.355,622156.2993284895,1065530.430647288,15536563134.0,0.9794068679660953,300372.2907259385,1140937.1593429595
3511010,Maesan,2018,496227.909,1059751.2005533592,500609.62250605767,4459123897.0,0.9940015244282673,-360470.7978847753,-376480.757208216
3511010,Maesan,2019,679851.6222,915633.1823110261,681298.2701366185,3512798224.0,0.9952685116695491,-143763.39158788222,-616509.7021390602
3511010,Maesan,2020,689561.3952,941836.3192701016,694357.9373594865,11028548242.0,0.9852942025682707,-83536.02146942049,-321936.57225330046
3511010,Maesan,2021,908025.9902,1538877.8241906427,914911.8099557975,6279456610.0,0.9915734219823209,-308098.0065723107,-236146.572693986
3511010,Maesan,2022,1349845.054,1568550.599087708,1410022.389755273,216000000000.0,0.7738023453595438,-477108.45441838517,-594382.3500839899
3511010,Maesan,2023,919826.3925,1602669.7563590123,924162.8186297887,3636679337.0,0.995102469854729,-202424.10538188336,-263879.5342743227
3511010,Maesan,2024,1006226.577,1747227.6975440187,1017010.5293274983,8403365799.0,0.9887553377687871,-58055.84494456838,-639478.2333973573
3511010,Maesan,2025,1090770.553,971005.0003693054,1089239.451007537,7368641587.0,0.9901262458293427,672263.4579896764,-697358.1589641487
3511020,Grujugan,2018,550656.7288,1478668.7526895266,553771.066484762,1916016995.0,0.9974136994593724,-547159.8430556783,-551371.5867824939
3511020,Grujugan,2019,706194.9619,1235800.5657344493,707424.5603697356,1324181682.0,0.9982111484712252,-234125.17478008365,-1038249.0211811458
3511020,Grujugan,2020,832893.8314,1167626.8704723455,848085.4664748947,27052333291.0,0.9646822269581908,-109442.86456093448,-688267.9618832369
3511020,Grujugan,2021,808776.3635,1387783.0244884263,810023.5063375448,1228277332.0,0.9983404917044464,-278330.8556261349,-368719.87673425395
3511020,Grujugan,2022,736300.8574,1441098.5825659523,738031.8977295145,1400999615.0,0.9981075706699968,-569633.327718465,-564107.2794652113
3511020,Grujugan,2023,871605.6933,1428957.8179253938,876490.5576390028,5031220018.0,0.9932371374010173,-341233.8286112947,-770111.9413811335
3511020,Grujugan,2024,1057177.509,1605005.95401919,1072596.871199099,16479662121.0,0.9781840964151116,-224963.32934809438,-642167.774680253
3511020,Grujugan,2025,823764.8408,777389.12136365,823738.7853280295,319874561.5,0.9995672908842916,296837.3159877505,-542339.0708542857
3511030,Tamanan,2018,752970.3322,808238.082755202,753450.1281862073,4983091623.0,0.9933013972468958,-194687.26538720677,-37887.966610035626
3511030,Tamanan,2019,597141.6836,678493.8202604945,597628.4255700497,3425022540.0,0.9953861937679928,43867.86665143427,-158207.7106515969
3511030,Tamanan,2020,490171.2787,674398.0764602738,490484.1883355602,968125723.9,0.9986915189832026,186153.21447599167,-171676.86640605412
3511030,Tamanan,2021,756960.9696,642122.1465852136,756677.0699796476,1410192503.0,0.998095176838698,-40403.64512569175,-202627.07527584757
3511030,Tamanan,2022,645646.5039,741739.9907840806,649168.9607384664,21651995746.0,0.9715318477653219,-156086.12235311847,48726.607247097185
3511030,Tamanan,2023,646345.8299,653907.3791500833,646412.200146956,5038703152.0,0.9932271468519386,106792.58571490468,-117033.71964780986
3511030,Tamanan,2024,675748.3895,854219.8970560369,677297.748977924,4983074022.0,0.9933014207488379,258824.03023952042,-28883.214934952324
3511030,Tamanan,2025,914263.0017,707186.3521706637,913126.2626340088,3140853030.0,0.9957673748063977,572288.8792459788,-105411.12949307775
3511031,Jambesari Darus Sholah,2018,463109.4367,1240303.9768246058,468331.79789359163,3849396131.0,0.9948174879408037,-658521.1472175955,-729168.6612777243
3511031,Jambesari Darus Sholah,2019,633711.3983,979335.5692058795,636113.7617298143,3982824620.0,0.9946388138065363,-390918.40067263553,-1093550.6148275894
3511031,Jambesari Darus Sholah,2020,762636.1012,971440.370492518,767709.2494259862,14169271619.0,0.9811850634251732,-180437.02042156167,-687332.6459395133
3511031,Jambesari Darus Sholah,2021,965581.202,1748691.5677638697,972443.4805754826,5030314638.0,0.9932383461653286,-495019.2594946928,-401587.6308598827
3511031,Jambesari Darus Sholah,2022,769303.2451,1739966.9844565832,781896.1496703037,7479208520.0,0.989979574112885,-682206.3493389264,-909632.3466340408
3511031,Jambesari Darus Sholah,2023,839203.5447,1648544.1637126575,853199.6230042517,10013327213.0,0.9866298292265407,-459533.2463897277,-1218181.9675869332
3511031,Jambesari Darus Sholah,2024,1477554.868,1796412.1655245314,1484001.2853228434,11741392754.0,0.9843585419362841,-489065.4518085612,-1093007.0003431276
3511031,Jambesari Darus Sholah,2025,1055576.863,993414.3287091593,1054465.5615485767,10357734922.0,0.9861763201533529,214071.24412743884,-551315.9724938993
3511040,Pujer,2018,636746.1828,1224144.4372257304,659404.7572233466,22830300512.0,0.970029039010668,-546883.230154229,-453504.20739722555
3511040,Pujer,2019,614542.726,804811.0363184413,615858.2220921938,3961535451.0,0.9946673178364661,-384253.91287715384,-801760.138673484
3511040,Pujer,2020,770750.5039,617310.6049341992,769992.0815217539,2826520480.0,0.9961893563444262,-282852.6374115475,-465805.22254875884
3511040,Pujer,2021,1071388.331,1505889.7488679893,1079825.619817851,11268219360.0,0.9849794182494117,-445855.3185069831,-24686.437927399413
3511040,Pujer,2022,822850.5937,1571903.6665170575,839576.5334389331,12996091234.0,0.982715967711346,-515819.21767138795,-478837.1400026167
3511040,Pujer,2023,943257.2093,1411305.8024423292,958245.9889440011,18825134250.0,0.9751562809603866,-410334.86878662946,-860185.5898643505
3511040,Pujer,2024,943439.4741,1546686.084861223,958956.2901358642,15022847290.0,0.9800742113697388,-411003.506571549,-667680.8335592684
3511040,Pujer,2025,1232440.495,858773.2130178176,1222791.841325191,15082400136.0,0.9799968025499173,248751.84682230977,-740611.6245225184
3511050,Tlogosari,2018,643636.7264,1575408.6768762614,658062.7281096666,8948292689.0,0.9880348880686268,-485519.6220040008,-727659.5170751575
3511050,Tlogosari,2019,662841.5978,1346045.7825358738,668238.1458129815,4530404048.0,0.9939062216908081,16968.333737987967,-988775.6917326842
3511050,Tlogosari,2020,715061.4723,1343391.3338366407,716534.1144735108,1336767723.0,0.9981941765544017,221747.46775910136,-690875.614332971
3511050,Tlogosari,2021,1014267.658,2311933.865191664,1033271.1740350609,8456785538.0,0.9886846649024698,219240.43696996098,-495750.185941234
3511050,Tlogosari,2022,856809.185,2135953.6943349773,864522.6110651912,3452087899.0,0.9953499038916561,25917.891115528066,-1011354.0399356226
3511050,Tlogosari,2023,861754.6585,2058088.9281305731,881484.7808488106,9541721854.0,0.9872515066312314,327279.2135445225,-1133194.4326035227
3511050,Tlogosari,2024,1242717.733,1991212.2112727782,1254185.2147081185,8853439199.0,0.988160218711002,322244.050830591,-1044585.9863118044
3511050,Tlogosari,2025,876950.5609,1133424.3058748196,880862.4517894031,8813457707.0,0.9882130560886284,744686.5731524671,-570786.3393009852
3511060,Sukosari,2018,354976.9836,519387.36502200447,354976.9836,4.0599999999999995e-23,1.0,-553060.9542202496,-50411.117985779005
3511060,Sukosari,2019,849794.2541,501417.6967273378,848910.198457033,1447643124.0,0.9980446891751363,-259803.97024745526,-398631.2616283866
3511060,Sukosari,2020,597502.3395,811719.4652248761,597502.3395,1.57e-21,1.0,-84624.84496800069,107316.96299626143
3511060,Sukosari,2021,1032561.579,766931.1903048044,1028943.9310763065,7856538393.0,0.9894793570908385,-327025.2724583642,-282312.115658724
3511060,Sukosari,2022,649547.7096,923452.7713488159,649871.9678233824,674423550.3,0.9990881134211622,-541516.4435614817,87738.75855126337
3511060,Sukosari,2023,965841.5352,740743.9801613551,963362.6297950697,6336154512.0,0.9914979843573725,-258086.96182196843,-394370.93028560444
3511060,Sukosari,2024,1304980.027,965981.5172543424,1260879.3077914084,85094502279.0,0.8967314223770612,-163858.38468692885,27030.556375419605
3511060,Sukosari,2025,823786.4771,899640.9614492581,823786.4771,1.76e-20,1.0,471968.50348712655,285730.77352104115
3511061,Sumber Wringin,2018,337642.9225,1095153.3606999123,338550.60356203833,682641526.5,0.999077012169649,-635875.7760851174,-311872.0478475004
3511061,Sumber Wringin,2019,757207.181,827710.3960753558,757785.0922344883,4702774168.0,0.9936758355093672,-362728.4674009013,-862755.7078602266
3511061,Sumber Wringin,2020,638145.1364,903945.3663240487,638302.6114291702,337319207.2,0.9995437034728873,-306918.6594998491,-244690.0986017374
3511061,Sumber Wringin,2021,703287.4234,1175354.8182794258,704353.8179442796,1288319066.0,0.998259511349931,-499812.53681178443,-265718.22354762256
3511061,Sumber Wringin,2022,631431.7332,1099501.6700778967,634769.7556121468,4087089043.0,0.9944992379485195,-768937.4474110999,-469324.1292290669
3511061,Sumber Wringin,2023,861897.5972,1166579.3157126892,870048.9299758488,15641801488.0,0.9792702700523367,-488572.54760125023,-556252.4266703367
3511061,Sumber Wringin,2024,994236.4471,1283532.1395046688,1002347.4991785005,16413943915.0,0.9782692041405666,-325642.94064969115,-386214.2560406304
3511061,Sumber Wringin,2025,972732.6468,628863.7581180733,969858.7985327599,4795601873.0,0.9935518082449469,209106.84809938597,-260476.656197523
3511070,Tapen,2018,946227.6916,790147.7230422493,930432.7492048056,64066954217.0,0.9202139110458498,-482467.3303430433,67413.65926231234
3511070,Tapen,2019,848665.4731,685995.9422710655,847012.8629787538,5840180102.0,0.992158276865355,-25138.476784329963,-27160.73910813057
3511070,Tapen,2020,939591.7693,551462.637765308,936416.9266821726,4692890143.0,0.9936890433971317,-160980.8867855221,67906.84997072665
3511070,Tapen,2021,1117740.213,1182348.327371883,1118615.3270583597,7813176690.0,0.9895368149353626,-288840.3707518499,281361.1855560171
3511070,Tapen,2022,819991.682,1225506.4386680552,825549.8233281508,7907588297.0,0.9894117202953607,-464517.81634699483,-98890.95142380986
3511070,Tapen,2023,1146866.824,974111.286686667,1141461.0930729266,18380467759.0,0.9757288687532775,-296179.1458804842,-509315.9412787731
3511070,Tapen,2024,1345570.452,1138940.570738285,1342979.6952673488,7225044611.0,0.9903167981830185,-318124.01803513337,-31763.374855012633
3511070,Tapen,2025,1291750.701,663719.3937220587,1223390.2752704099,69502335034.0,0.9140268835542649,238787.48943655024,103914.1071445779
3511080,Wonosari,2018,938359.6373,1392925.531104072,954899.0512762743,21485580948.0,0.971744468378241,-465034.09330853727,-723575.7478165072
3511080,Wonosari,2019,843103.753,1364523.9293392075,849485.1492914512,7050227544.0,0.9905488784367792,-129737.90218973067,-621787.2436803343
3511080,Wonosari,2020,676452.1123,1389807.053518354,681269.4743479036,3868777440.0,0.994791530438539,-46304.87699523861,-613265.5421487445
3511080,Wonosari,2021,838031.2302,1796676.4881293725,846087.7727194991,4822623944.0,0.993515709825056,-210700.58235570195,-763334.8598024017
3511080,Wonosari,2022,929131.4154,1742204.073183432,942838.5681940083,9757289700.0,0.9869672446152951,-520107.83760969114,-1014170.8650871235
3511080,Wonosari,2023,1155952.313,1720999.041925456,1208765.1864134776,58667673544.0,0.9264433346519249,-397155.3710623789,-952706.4565230547
3511080,Wonosari,2024,903831.6082,1765607.2486634387,911455.5171106411,5078904212.0,0.9931734788404301,-366373.8218642521,-702955.1445032775
3511080,Wonosari,2025,877118.6205,1159005.3225921965,879189.2184265642,4210662360.0,0.9943338645336771,373796.5794883363,-924204.5405658894
3511090,Tenggarang,2018,730017.9082,1415124.6430336498,737068.7125681596,5916985365.0,0.992055968199993,-273074.2360011202,-533750.9126053203
3511090,Tenggarang,2019,813352.8008,1254256.4472171084,840088.9314353227,36732447832.0,0.9526429820110375,-165254.90134080447,-862661.7429871107
3511090,Tenggarang,2020,773304.5431,1303119.9616458965,802863.2831763055,33621754473.0,0.9564788801317128,-39762.03323238167,-664924.4780420257
3511090,Tenggarang,2021,1124847.255,1572989.0988517106,1145014.9710604406,26814305421.0,0.9649820987738364,-148528.83610638496,-650321.0656822346
3511090,Tenggarang,2022,1140968.97,1739913.5578703764,1166660.4437201782,25501747619.0,0.9666390370452878,-347975.21520567365,-520386.3352094828
3511090,Tenggarang,2023,1224287.325,1644109.4769294008,1316426.8634485458,160000000000.0,0.8220080510129872,-136830.4823891665,-675700.8734542937
3511090,Tenggarang,2024,1082332.669,1720508.8844324213,1108653.554766579,24478178754.0,0.9679351174608444,-134179.21982937332,-510319.1327277287
3511090,Tenggarang,2025,1009085.931,826666.6875179303,1008262.8862448653,2578956681.0,0.9965219547874028,401796.89698511414,-669142.6904873773
3511100,Bondowoso,2018,965958.4276,1336852.1707135348,979049.8253622967,20819494685.0,0.9725964290152361,-391922.8864941922,117354.07260264372
3511100,Bondowoso,2019,917486.3346,1381513.0135027445,928599.0522165939,13961494818.0,0.9814558474601048,-208731.0476219697,-402988.4848771929
3511100,Bondowoso,2020,1474547.267,1554676.6272304207,1482816.5931712508,65480208354.0,0.918597177420296,-63748.64096191761,-521693.700469641
3511100,Bondowoso,2021,1538875.053,1358164.7587065133,1527702.9755462788,37496754197.0,0.9517051946111904,-250195.5450617473,-67738.75254001818
3511100,Bondowoso,2022,1911569.717,1775664.8027416149,1891569.9877948728,98185781157.0,0.8827076244499565,-314302.04670195386,231914.9793291816
3511100,Bondowoso,2023,2182259.4,1847787.7400860847,2120837.36456058,128000000000.0,0.8523503510537516,-117259.76151597098,282582.03774373303
3511100,Bondowoso,2024,2141972.892,2002157.506817246,2132594.281256506,40913422367.0,0.9475354924680194,-201328.43541822702,502434.0476545077
3511100,Bondowoso,2025,1566893.9,1430442.6350031132,1554303.999039399,57838071563.0,0.9274079713294746,479784.2471416973,353769.5360605866
3511110,Curah Dami,2018,690603.1919,1061663.0604964453,690603.1919,4.7299999999999996e-23,1.0,-209632.32182851972,-306808.06621612306
3511110,Curah Dami,2019,548937.5408,940318.3649790066,548998.7380440002,88987208.32,0.9998795852776725,-179963.6434495482,-452653.6079024251
3511110,Curah Dami,2020,771182.4245,877640.6367407381,773421.6746986546,12225967215.0,0.9837235163941738,-232244.67065923978,-528342.9253984134
3511110,Curah Dami,2021,1079736.399,1214010.2699015976,1088632.4825918805,40374355529.0,0.9481909404169513,-219129.1003338678,-245345.4442661038
3511110,Curah Dami,2022,757758.4101,1280663.4564613912,758206.8992997768,488460167.3,0.9993393879920104,-484074.5175045129,-171369.6311571591
3511110,Curah Dami,2023,782150.234,1142325.2224145322,797488.2997523476,25309536006.0,0.9668821576704658,-132465.30641805416,-586856.4924132451
3511110,Curah Dami,2024,844687.0319,1186037.431168929,846396.3645733157,2863741064.0,0.99613937021723,-260250.78141226774,-450819.40681158414
3511110,Curah Dami,2025,1036557.905,755742.7205346706,1035871.8405471656,1393586754.0,0.9981175648969987,374543.458429973,-425072.78213651467
3511111,Binakal,2018,807859.7419,683552.207569847,807343.0597665017,2374992489.0,0.9967961446884626,-262669.91243729496,131340.21886201057
3511111,Binakal,2019,777519.8836,653630.7993136755,776038.2514313579,6887472683.0,0.9907650431787938,-179257.49275035856,94103.1154040189
3511111,Binakal,2020,621575.4511,631916.5064524839,621575.4511,2.03e-22,1.0,-67699.35478639643,74140.23102812108
3511111,Binakal,2021,1286243.936,789386.8676277533,1246739.355269578,49150026943.0,0.9376321793187287,-173123.61707590168,8916.246361327358
3511111,Binakal,2022,628327.8604,978387.8576332619,628463.7579452174,220986176.1,0.9997010217828974,-254068.87592296238,500830.24657592364
3511111,Binakal,2023,1071179.429,822168.6111949221,1069150.3910598115,4674687682.0,0.9937133680161782,-41120.52909659921,-243911.48533356353
3511111,Binakal,2024,804979.6959,933071.325476632,806492.1257944257,6798925095.0,0.9908826883094638,881.2687265078857,224204.1819953872
3511111,Binakal,2025,979317.8573,784069.4564428715,979140.9258667416,516105621.1,0.99930202533091,454983.01053848944,-30767.451792949578
3511120,Pakem,2018,564876.9222,504474.6699927194,564477.7651488022,3785275565.0,0.9949033746508508,-314474.1904321052,155154.21015389368
3511120,Pakem,2019,522900.3341,562624.2349492586,522900.3341,4.7299999999999995e-24,1.0,-110496.60503922794,86332.03268050397
3511120,Pakem,2020,552759.9825,650125.9443870567,553434.2495944671,3967986101.0,0.9946586809003175,-131758.28815607738,-11162.245846157079
3511120,Pakem,2021,808681.5167,759629.0368179649,808206.8054321187,5560570194.0,0.992530910336383,-218912.1184672027,-39483.62308844726
3511120,Pakem,2022,1011887.152,902092.5460404728,1003677.552417921,45985372838.0,0.9414126256394746,-407370.1028790753,98209.42508200952
3511120,Pakem,2023,880248.3034,881970.5782774691,880276.647235465,9521168268.0,0.9872786184995201,-244193.27335392346,170439.41796026845
3511120,Pakem,2024,882714.6072,820076.6986617312,881801.3815873533,8418729677.0,0.9887350107397159,-511097.2620749319,65176.149142664275
3511120,Pakem,2025,1301322.671,717713.4753054044,1264357.8877171634,38477832528.0,0.950504135343312,176201.75626054528,51265.058885222534
3511130,Wringin,2018,670322.3169,942357.257157707,674229.2458162666,8291262623.0,0.9889036800849357,-531954.2080851481,-450296.096079699
3511130,Wringin,2019,649895.0069,765451.1932028783,650425.9480627284,2626519189.0,0.9964580380000518,-422959.83887045545,-483629.8176569154
3511130,Wringin,2020,563626.0619,833849.4771019813,564313.2229741899,1450670269.0,0.9980406084651657,-331618.50661324477,-328210.2595840896
3511130,Wringin,2021,741738.1004,1281704.6450870521,742756.6614113254,1075393843.0,0.9985467502631584,-183571.4334752963,-393342.72160140274
3511130,Wringin,2022,648392.3484,1401293.096321312,652989.5517999419,3495773339.0,0.9952913349979301,-95272.06872312468,-573517.0532432942
3511130,Wringin,2023,744690.0484,1171561.7606241307,748063.9145413997,4533190720.0,0.993902496235574,-32769.34676756538,-754305.9729977669
3511130,Wringin,2024,690725.7469,1237381.3390607825,692069.9810293871,1402677153.0,0.9981053089940108,-192988.37266960507,-524613.3930489605
3511130,Wringin,2025,1014008.043,1085583.296970412,1014219.0285045726,1682283361.0,0.9977284838698081,417243.9044828074,-620206.8310418647
3511140,Tegalampel,2018,543650.687,671845.9433149375,543667.394856409,74170760.84,0.9998996324212476,-365334.98881124466,-98811.86151793554
3511140,Tegalampel,2019,730375.2049,563435.0349480996,730177.601769238,674333425.5,0.999088235167598,-324267.1297861108,-330212.39639114065
3511140,Tegalampel,2020,565494.0544,720490.5985035987,565910.7339335684,1533827768.0,0.9979285219487627,-156972.08502808493,-82261.33809969982
3511140,Tegalampel,2021,748479.8587,891761.3972850441,749405.0915818388,3698296263.0,0.9950199033490779,-196032.90246970014,-276795.70161748165
3511140,Tegalampel,2022,1194558.125,970208.1753240544,1180030.3265875576,39398149015.0,0.9493802145804294,-336880.25999059086,-262242.94454558776
3511140,Tegalampel,2023,843348.1024,875809.4525385429,843348.3998405994,5213927.608,0.9999929438754634,-104244.61421624711,107302.62954118662
3511140,Tegalampel,2024,680578.4368,840585.7337209749,682146.2535185625,5630659060.0,0.9924374772844438,-241831.1481348009,-90422.95522947516
3511140,Tegalampel,2025,1016030.512,747317.6299024783,1013259.1995192275,5929616675.0,0.9920391446484949,470593.41261526407,-263591.96358202444
3511141,Taman Krocok,2018,740039.7248,338416.4785885398,740039.7248,1.8300000000000003e-21,1.0,-335976.4910280848,223815.646459571
3511141,Taman Krocok,2019,540054.6014,420908.3208562287,540054.6014,1.5300000000000002e-21,1.0,-54083.782919344376,272698.2186467308
3511141,Taman Krocok,2020,825569.636,529425.3438396985,819208.4564848815,12490848121.0,0.9833767412638345,14918.753441744433,46193.12777400768
3511141,Taman Krocok,2021,869028.2701,808648.2727298974,869028.2607728966,87898.42905,0.99999988104427,10043.357078996785,233740.0906709925
3511141,Taman Krocok,2022,681744.1042,884191.4648472074,682060.1089925803,889584749.6,0.9987975442604521,-26871.785665928783,66418.70922600164
3511141,Taman Krocok,2023,1205735.939,597000.072166193,1205187.997537847,512653255.5,0.9993066910291649,21829.068098305484,-184110.5793311356
3511141,Taman Krocok,2024,841773.8592,688659.2476226204,835342.7107033747,24947942354.0,0.96733985431588,-101566.1746320576,509535.47724130284
3511141,Taman Krocok,2025,1166283.399,693091.9726409452,1166283.399,1.04e-20,1.0,438050.7509118082,173939.6622971458
3511150,Klabang,2018,744271.2007,438364.9657359876,743089.0042231411,2207548706.0,0.9970213528582316,-653957.0684026725,76805.0703335636
3511150,Klabang,2019,791595.0697,507445.3481249792,774842.253142642,35649940207.0,0.953974362366536,-426958.13190361334,31946.375307213864
3511150,Klabang,2020,1306703.081,653493.4380863212,1306703.081,2.98e-23,1.0,-252549.42599318316,57436.82181930018
3511150,Klabang,2021,988169.928,867797.7005619248,988169.4495390158,2261774.521,0.9999969390778594,-421690.82345779485,520274.29590386944
3511150,Klabang,2022,786437.2235,919298.9216318819,787425.9604824968,4266309611.0,0.9942594119178282,-577884.7258417902,51343.11631055444
3511150,Klabang,2023,993135.3519,659960.3814500739,989144.7136387428,6898116976.0,0.9907509029551854,-415315.1171917309,-271775.3322557559
3511150,Klabang,2024,967668.6773,851173.6768649141,964665.1479477983,15058995519.0,0.9800272232105859,-248354.83444638512,101351.77683479094
3511150,Klabang,2025,868515.638,931916.5829907308,868515.638,7.7e-22,1.0,406389.57205422677,22304.633097410784
3511151,Ijen,2018,897848.935,1021316.5623220397,899835.4032956536,9304650401.0,0.987564313844653,-138961.80975854292,362942.9182855921
3511151,Ijen,2019,924295.6941,863065.6503633646,923799.1350337131,4652325201.0,0.9937432534534593,-79448.42949196228,30686.81790489098
3511151,Ijen,2020,950742.4532,971308.585233091,950742.4532,1.8000000000000001e-22,1.0,8293.204885246896,116258.38339790911
3511151,Ijen,2021,751473.4468,1076911.3717570913,751727.7798994465,445042625.5,0.9993980721730461,70481.58385110325,132645.53052051913
3511151,Ijen,2022,1093548.834,1070503.1748505426,1091151.0450971965,66078934649.0,0.9179139587629097,-154631.43409967874,-105908.44668251509
3511151,Ijen,2023,1412938.58,1164587.479961668,1401171.7476489756,28300952548.0,0.9631122419197257,64653.129174879316,173905.73688377952
3511151,Ijen,2024,1978569.746,1098514.06640509,1939831.238474001,26200554357.0,0.9657561742578135,-15642.338102489084,450167.2530949445
3511151,Ijen,2025,1665709.883,1254334.8501611378,1663539.4793905714,3018056139.0,0.9959321832035886,433009.3777698098,1118691.4811728476
3511152,Botolinggo,2018,461435.1605,796289.2231958817,466318.6798283512,8421415358.0,0.9887314575614577,-754975.849083564,-385654.08251919656
3511152,Botolinggo,2019,799816.1095,729726.62346817,798583.9464905454,10182288107.0,0.986407292846322,-483407.3443116128,-594842.0505374484
3511152,Botolinggo,2020,789768.2488,914422.5525093932,790395.8719538859,2879460899.0,0.996118260457296,-339972.095707983,-179254.62390814046
3511152,Botolinggo,2021,827684.637,1349998.6309466995,839019.6984589937,12622582955.0,0.9832043684921683,-620198.5085247878,-223614.020596192
3511152,Botolinggo,2022,877604.0953,1252512.5099810406,896672.3951812563,30491895073.0,0.9603697165756236,-907915.0578645454,-642979.2552888581
3511152,Botolinggo,2023,952862.4096,1049876.8690342966,958300.466958223,33789950563.0,0.9562706821925113,-817453.2198354371,-606025.337298568
3511152,Botolinggo,2024,1010438.34,1115075.8176401258,1017308.2652888682,39983851009.0,0.9486663190452883,-844536.4283931807,-382824.9890749153
3511152,Botolinggo,2025,698060.2581,1090431.4121399901,698070.9805759261,15550244.62,0.9999789558014577,659485.6177268671,-332403.6566803962
3511160,Prajekan,2018,987747.6029,510707.1214167069,980432.0141496237,8862026747.0,0.9881488706090993,-20622.437767968746,124510.11975069127
3511160,Prajekan,2019,1148508.412,615637.5176086215,1094202.315941147,64570653575.0,0.9196370370666676,144873.13035685365,355353.1553717726
3511160,Prajekan,2020,616138.9471,719280.421507953,616138.9471,1.6399999999999998e-23,1.0,-71807.46352557688,497014.2521919671
3511160,Prajekan,2021,924943.4701,787441.1362730162,923912.4420765722,4298891376.0,0.9942158246854463,118758.119950171,-152066.52708134637
3511160,Prajekan,2022,876399.3884,1123762.1541735858,891032.457407919,35777580373.0,0.9538171837323058,46804.250051015464,69210.9759934491
3511160,Prajekan,2023,1123076.238,721897.4851008318,1094876.0717930363,43022447966.0,0.9449798259722701,-139650.1685741362,-210360.06883056113
3511160,Prajekan,2024,982507.0216,937056.3399441233,981545.2843671934,12300752413.0,0.9836255848003631,-172737.978366794,235142.4696861005
3511160,Prajekan,2025,881780.0315,848952.1805070265,881084.5966333421,12315170454.0,0.9836067065449037,568371.4409116805,-17655.500930841896
3511170,Cermee,2018,675731.8972,1164299.4059395874,683141.3244102892,8762422711.0,0.9882805093895902,-667465.6373389527,-458314.68070806144
3511170,Cermee,2019,712907.1883,942301.8996817573,714130.9343327904,3051815441.0,0.9958868686677279,-553349.2806742168,-740704.6243809771
3511170,Cermee,2020,860807.6683,900334.9700246898,862907.6221205622,31926259493.0,0.9585826865637946,-583840.0247248911,-541726.0945764121
3511170,Cermee,2021,1017032.745,1632435.5885260426,1017491.6471262191,424631191.0,0.999425663134645,69021.4004720804,-311961.1703231917
3511170,Cermee,2022,753575.7531,1701792.3355829583,760411.3382240337,4131784076.0,0.99443941795628,-822.0376801994425,-557845.6824441488
3511170,Cermee,2023,974328.5822,1291501.6005154285,978264.0074765693,7148997440.0,0.9904177420469749,-19681.077003368395,-895182.7682975003
3511170,Cermee,2024,1077062.686,1397713.6075385916,1084487.8102069928,13488807239.0,0.9820724322142308,-12201.566049492903,-431686.1975705527
3511170,Cermee,2025,1010634.943,1016604.8571121001,1010771.0529346877,13275941421.0,0.9823503524427131,296073.8448186261,-324799.4806754589
3512010,Sumbermalang,2018,426256.3154,439781.0497371063,426313.0783687197,2398226876.0,0.996764902991838,-828818.9660615064,-198565.18385458936
3512010,Sumbermalang,2019,505695.2113,463380.8927400938,505254.4532883907,5989460060.0,0.9919594474265753,-667975.9206710181,-210661.18126482767
3512010,Sumbermalang,2020,473154.3162,608484.7326703883,473222.6471328709,287454174.2,0.9996111303873726,-465930.61515499576,-145818.3071755558
3512010,Sumbermalang,2021,688463.6275,841250.9305768303,689440.8448335676,3662839468.0,0.9950674136797808,-242824.4104605999,-188815.43249145197
3512010,Sumbermalang,2022,550244.7135,992792.9673439102,551695.3805796175,1871373274.0,0.9974738087385497,-459261.06139601493,-113882.77435671596
3512010,Sumbermalang,2023,633653.9283,870309.5959460656,633902.4974368816,598293163.7,0.9991909658686476,-256454.4569943954,-409970.2297008076
3512010,Sumbermalang,2024,572974.3941,936408.9811030232,573513.060213424,844626917.9,0.9988582445812667,-312629.3551771655,-268003.9579666009
3512010,Sumbermalang,2025,664238.5183,695491.5797861512,665509.7070584185,24125628516.0,0.9683823345823455,84966.81323183654,-362282.65517156676
3512020,Jatibanteng,2018,487604.0769,745300.4859235345,490272.36052872497,5953484976.0,0.9920073561867597,-400580.5174386271,-492589.8900877626
3512020,Jatibanteng,2019,579244.4577,867477.8119713868,579487.3420236926,479897754.5,0.9993509606070236,-333075.3794058069,-498950.9797595943
3512020,Jatibanteng,2020,379637.5449,1120273.8065219405,386690.11351317714,5470474529.0,0.9926510396076371,-1490.3753346865706,-505978.9198889161
3512020,Jatibanteng,2021,671761.5984,1080164.082519323,672166.5045354632,564708235.8,0.9992363459684116,160072.607696437,-798044.6563643432
3512020,Jatibanteng,2022,644651.6904,1275869.0516346095,649390.9651739101,4304605473.0,0.9942081808748537,-36788.89872129887,-445717.6769649498
3512020,Jatibanteng,2023,538312.2813,1055809.8476257583,538764.0670019985,497199671.4,0.9993275763038661,118953.51424114761,-617126.6869263381
3512020,Jatibanteng,2024,562231.2557,1194429.7923929645,562507.1097840626,248394984.6,0.9996639521206565,438302.7892420457,-574170.293744506
3512020,Jatibanteng,2025,585080.3734,659692.2851613603,585336.8423064719,1962679130.0,0.9973508802863598,567740.8143270197,-560933.4898166821
3512030,Banyuglugur,2018,407853.3447,547317.4265674098,407912.6923819834,242244311.3,0.9996722704984667,323192.8808447083,15175.04904530391
3512030,Banyuglugur,2019,737190.2477,457435.8890551403,736704.320016266,990095635.1,0.9986618650411699,-3859.7501070470607,-159160.94207143807
3512030,Banyuglugur,2020,792830.6378,524021.17024432827,784304.2726550493,18639973986.0,0.9753946263068578,-250817.44154944597,101478.96048338688
3512030,Banyuglugur,2021,784369.0692,803901.2840105286,784507.0670059095,4048808907.0,0.9945504779415342,91850.30707468867,95821.05223687727
3512030,Banyuglugur,2022,856585.5594,915386.0101012076,859400.9268276619,28614759637.0,0.9627184713422071,-204879.83740761623,-48026.8195626887
3512030,Banyuglugur,2023,887465.0204,704064.9054206734,884786.5206285584,8433519689.0,0.988715443747979,5486.314358268399,-167881.1724424248
3512030,Banyuglugur,2024,936118.5113,834119.8156139493,932692.6254554861,19776211594.0,0.9739338514531242,29444.299389051623,34842.31718303019
3512030,Banyuglugur,2025,905368.0499,797574.0953141365,901459.045194316,21411195042.0,0.9718395379642093,564660.8705227277,8220.538041919586
3512040,Besuki,2018,601183.0531,1891277.9140918318,618683.3549959089,7824972638.0,0.9895211836674577,-49913.58263157024,-465339.4279244293
3512040,Besuki,2019,841486.5184,1310463.829996641,843930.7506124427,2981174307.0,0.9959816937720508,89163.00239364235,-1240924.8435610728
3512040,Besuki,2020,995772.6741,1223994.2195964772,1002973.5507535794,18538723707.0,0.9755250088054765,32287.548469389818,-589096.3047748124
3512040,Besuki,2021,1062230.535,1483657.6019389709,1066544.0923038295,5884487771.0,0.9920992541357587,82971.05904669376,-231528.66622111527
3512040,Besuki,2022,795738.5614,1533207.0176817696,807677.9121511421,9363823533.0,0.9874862184735664,-220957.5634880467,-295339.88513853773
3512040,Besuki,2023,955536.5584,1403648.6312347122,958661.9710132206,3996572701.0,0.9946204073938351,111019.04209350463,-693290.5894470531
3512040,Besuki,2024,1159387.303,1540606.7985742344,1175120.745052357,24495160217.0,0.9679135865580291,128475.70213194321,-419824.6501984326
3512040,Besuki,2025,917463.2095,1132194.664280668,920935.4484601048,9352361628.0,0.9875013446739084,502666.89667880745,-277149.0868416191
3512050,Suboh,2018,466842.925,247612.16741528528,466347.6426448028,1288430453.0,0.9982593611306565,-349346.9249969694,25817.80120813066
3512050,Suboh,2019,611265.9395,318605.873396478,583239.3496299725,60263288302.0,0.9245936311963384,-548038.046483513,-35143.44228779065
3512050,Suboh,2020,859810.524,549850.1068068217,849519.4311332077,19540989782.0,0.9742358991201011,-691178.3240035168,-24239.330837176763
3512050,Suboh,2021,1267338.658,1041114.9020983885,1251936.0769808467,41572545912.0,0.9467352986591946,-178304.47613087544,3310.6630099251634
3512050,Suboh,2022,931126.0741,1157025.4836410794,950123.8833641111,52247681384.0,0.9339610596115597,-282804.0672351798,139335.7233160229
3512050,Suboh,2023,1137135.565,902653.7814329242,1112970.5413654384,65379363871.0,0.9187123531867932,-210560.7201152121,-286903.797830623
3512050,Suboh,2024,1045652.856,1020850.1507476701,1042161.6167861092,93216679692.0,0.8879787287513571,-133387.48212735803,40294.811492730165
3512050,Suboh,2025,1135677.276,738445.8935865862,1071817.4548466061,109000000000.0,0.8714496915187048,244687.8003681196,-72002.5765500759
3512060,Mlandingan,2018,837905.1588,1127557.9457616163,839865.4069016726,3877124902.0,0.9947803510504462,662811.783909746,-90.81996436862391
3512060,Mlandingan,2019,721638.144,821404.6976831473,721941.7192286005,1736729653.0,0.9976551397285681,-11912.424771412392,-135857.88253587566
3512060,Mlandingan,2020,777405.893,774195.0209106607,777358.8747366486,8456244331.0,0.9886853808539979,-424182.1496830664,-192974.72347229777
3512060,Mlandingan,2021,883060.5873,554231.496204712,880704.329865711,4106795127.0,0.9944728623680994,-168916.02120067173,-192599.4065618975
3512060,Mlandingan,2022,857580.8016,791312.9796753498,856346.7707444356,10797278324.0,0.9855981435453999,-374735.08011635457,198006.91627423
3512060,Mlandingan,2023,715890.0462,602288.5132770563,715497.8673792311,1971193111.0,0.997339419143095,-206297.96012596315,-4559.789482015069
3512060,Mlandingan,2024,736571.807,664717.7514238848,734752.0954341351,14784915246.0,0.9803836056225735,-224130.85521960986,-18105.960339357844
3512060,Mlandingan,2025,932979.884,668904.8446612946,916708.5818037566,37363005883.0,0.9518691676028026,395039.3399215806,-48617.269858680665
3512070,Bungatan,2018,527870.7234,675377.9227854396,527893.6810557666,88574614.12,0.999880143520393,152840.53673681145,-179629.88333125503
3512070,Bungatan,2019,769970.6449,740355.2836771442,769759.2780993234,4090324760.0,0.9944949070116483,227944.0701761259,-169383.1754515213
3512070,Bungatan,2020,593787.054,900286.9170022416,595834.0939642558,3825900446.0,0.9948489576678603,130703.27103886602,16872.550578739727
3512070,Bungatan,2021,914525.4319,1165031.5070386422,915161.7085718238,1448970632.0,0.9980428996382731,318354.48428109544,-298698.39742815215
3512070,Bungatan,2022,1037689.228,1276630.229922439,1042944.222844949,12795785031.0,0.9829778284799443,72926.09025135843,-231205.26735594636
3512070,Bungatan,2023,998562.5784,1155377.1945019,1006862.4574090199,31800178645.0,0.9587395001284694,366408.5365488325,-230028.90225089097
3512070,Bungatan,2024,751004.277,1200656.6446961865,758299.8134989807,9384515267.0,0.9874589129021791,313707.38375577633,-121642.19651976111
3512070,Bungatan,2025,668049.2797,810164.0528682105,672252.796706858,17343647717.0,0.977066575753659,588407.9102965738,-383259.6200638199
3512080,Kendit,2018,735722.288,331837.8563615497,732837.967625028,4092854951.0,0.9944915204322732,-383220.06846675783,97871.8038985077
3512080,Kendit,2019,567880.0522,309064.11195728625,561332.7138790577,14768246460.0,0.9804052881528251,-238281.43851370524,199856.08832146996
3512080,Kendit,2020,580870.1261,354953.1300016576,579518.6621076742,3424433442.0,0.9953869836740116,-256614.47101221659,97458.20945066941
3512080,Kendit,2021,736476.8251,582906.7680290322,735845.5223411759,2348807839.0,0.9968313557499736,-185325.20954923827,86737.74093813874
3512080,Kendit,2022,793745.6882,733208.2604895475,789863.9997513923,38985590207.0,0.9498837161022599,-402573.350290167,60584.54424050939
3512080,Kendit,2023,936811.4262,471227.4521750586,932268.6695851978,5606696725.0,0.9924694186684364,-190577.23255675272,-27239.9054682157
3512080,Kendit,2024,475649.711,532997.4938202484,475704.8992425944,548119715.1,0.9992587619701375,-179947.73137126415,327441.5350375973
3512080,Kendit,2025,646079.246,532333.6217402265,645535.9243016652,2731046772.0,0.9963175976093634,154666.53121302926,-109267.29545795114
3512090,Panarukan,2018,1304936.27,421468.81608820194,1288394.6773958318,10857321822.0,0.9855192147884724,-432294.6755053728,959650.0866195933
3512090,Panarukan,2019,1235508.213,362345.27462847973,1226920.2851992135,5652141880.0,0.9924088427994967,-115107.9573309428,845150.8365198136
3512090,Panarukan,2020,749211.6862,251766.71769089682,745213.7686467413,4610209113.0,0.9937995426843836,-149636.79507772785,899988.5125094991
3512090,Panarukan,2021,1224703.947,202194.5667169201,1189068.1037839577,20547211200.0,0.972945124739615,-177121.41160249172,538408.3663218595
3512090,Panarukan,2022,1033289.321,479037.32447297696,992988.0414412541,44619500878.0,0.943053709371395,-368949.00070192,1015305.7482770775
3512090,Panarukan,2023,1473680.89,344769.8700642557,1248222.5081116734,142000000000.0,0.8388043483509356,-178519.65751572503,629775.2597976262
3512090,Panarukan,2024,1614667.714,560113.8803238599,1316793.599977546,224000000000.0,0.7673735271346904,-193707.27409162384,1119098.3798900521
3512090,Panarukan,2025,1465152.699,227550.09834933936,1057979.2563329726,279000000000.0,0.7259108721390822,115731.86594306587,1153600.957346307
3512100,Situbondo,2018,1137702.962,1106070.23055471,1134065.5250855146,73932906184.0,0.909044831152572,-221201.1437104575,-120008.19073098873
3512100,Situbondo,2019,1125827.24,980162.8735398534,1116554.8160356143,38684048138.0,0.9502520667861821,-23300.625362463266,-159709.74093745905
3512100,Situbondo,2020,803866.9485,885563.4396152843,804213.7731485121,2425948221.0,0.9967276305506793,-43408.42534249216,10312.96438891464
3512100,Situbondo,2021,1027544.847,1114419.9317716183,1028297.3113790484,4971598626.0,0.9933167436428948,-1700.1084842092241,-164141.16889852122
3512100,Situbondo,2022,960226.7003,1299961.8850142276,965051.6344036852,8197667423.0,0.9890275655257709,-243193.3811332068,-133913.67435279407
3512100,Situbondo,2023,930251.7933,1059293.3979122303,931844.0781673872,7109034059.0,0.9904707970831685,94677.37412778058,-384595.33866731136
3512100,Situbondo,2024,996817.1367,1063370.6545470546,999711.0033823338,25866735022.0,0.9661777157244954,11825.094861491612,-207454.1005277366
3512100,Situbondo,2025,949955.0164,869903.1372328207,949345.5171856416,4365643345.0,0.994126537172966,353081.8527305252,-122640.92750297592
3512110,Mangaran,2018,553627.6915,802298.7399693714,553655.5820822974,63827585.73,0.9999136275557956,229333.69936889672,148132.44175560767
3512110,Mangaran,2019,650149.0808,640875.8889090971,650108.0221993509,2530634513.0,0.9965869008402183,184357.37093592103,-273935.0369565787
3512110,Mangaran,2020,705309.478,535464.1232185981,704895.3055403851,1390961869.0,0.9981211038885222,-3043.822584461843,-95983.40564457944
3512110,Mangaran,2021,814182.2755,432496.434296842,812123.4523970172,3085952723.0,0.9958410509686608,78164.26878602957,61808.14579398709
3512110,Mangaran,2022,759768.4807,650973.7742172979,759511.6495596322,1346460797.0,0.9981811061143351,-142089.06589851118,331441.3189595891
3512110,Mangaran,2023,988396.7221,724333.3485953728,987013.3748607747,2996618840.0,0.9959609602655582,191596.1869676113,73764.3453433346
3512110,Mangaran,2024,1290263.974,982884.0619117573,1199613.8776799012,238000000000.0,0.7563764529836923,219693.91117609842,226548.33179541712
3512110,Mangaran,2025,938841.1195,486769.27665484895,916340.8189604884,29804385014.0,0.9612286282689452,227313.03339486738,333136.80063772504
3512120,Panji,2018,912021.1859,-567901.7897054865,868498.2434184557,17241307270.0,0.9771988144936616,-46507.021224988435,660931.5998522165
3512120,Panji,2019,861242.2293,27917.741956660524,850498.2992701952,7432109165.0,0.9900420480877352,209079.60068088205,1482010.1658642087
3512120,Panji,2020,859124.3944,323296.3308500675,851094.1280677257,8657444677.0,0.9884192885264752,198500.17809828103,1081211.9717934257
3512120,Panji,2021,1026109.871,551636.8368378793,1010225.4859379455,19709447696.0,0.9740195637495052,139568.02643573852,734919.6725416582
3512120,Panji,2022,804931.5749,909344.3582361636,807832.9426834981,16263546263.0,0.9784640309006092,-110079.22259466093,675218.4592767869
3512120,Panji,2023,1447183.586,804591.022272014,1193156.578719727,372000000000.0,0.6651415191742318,120158.65293129158,65453.113394629094
3512120,Panji,2024,1243296.641,1220454.868631384,1242131.1087086715,30596215193.0,0.9602395227415053,341219.35063706187,683034.3519469486
3512120,Panji,2025,906780.3079,993549.675422465,908620.0732394799,12326242053.0,0.9835922104436312,929595.7395675078,269265.2210188953
3512130,Kapongan,2018,611142.7295,667834.40124758,612247.8886445245,11313129084.0,0.9849204561411242,42690.16484818299,138079.39803117
3512130,Kapongan,2019,758002.934,614345.099512304,757750.967584665,999776866.8,0.9986487983336887,146940.49661813484,-157476.5935855658
3512130,Kapongan,2020,697716.168,606843.2712992926,697565.9495562642,942181873.5,0.9987265390272826,88413.09876614253,24770.43495213776
3512130,Kapongan,2021,1097341.712,875089.1442420323,1094148.6894467953,8294059630.0,0.9888999783593695,167266.34744426256,-1063.6638150961371
3512130,Kapongan,2022,902034.0634,1008973.8457646362,902349.3802764134,1682742632.0,0.9977278651446138,24124.5333859238,211003.46669358015
3512130,Kapongan,2023,876851.3765,750496.897481086,875971.7896684653,3988864067.0,0.9946307278993141,118078.49452695763,-77314.31785535603
3512130,Kapongan,2024,1368643.846,819553.6943325967,1350729.5820568597,19190574017.0,0.9746862146178807,251276.17952616187,52458.969796943944
3512130,Kapongan,2025,1002253.647,728978.7294248603,994256.1327060495,17154660053.0,0.977310803284094,469649.67577395303,552830.5580276494
3512140,Arjasa,2018,748875.7407,842828.8413067807,749209.2153856695,2026857981.0,0.9972644920567808,-286419.7221757649,152900.20265692222
3512140,Arjasa,2019,660656.7028,708867.1751457627,661021.3745553201,4336962336.0,0.9941648989593705,-124199.31463897025,-131841.03666091734
3512140,Arjasa,2020,606297.6057,770935.0853728283,608080.479158777,6229423000.0,0.9916400021767147,-124704.30787820945,-121269.27481884393
3512140,Arjasa,2021,1129174.251,1027463.0501671329,1126778.9883611654,13723394244.0,0.9817663346235618,-123738.54763716977,-185480.2509721635
3512140,Arjasa,2022,951273.883,993721.6446215728,953584.5628619847,32758298447.0,0.9575491196316099,-328085.7827580419,111414.86489491991
3512140,Arjasa,2023,1068361.281,736989.0326368024,1060420.8450087272,13969760605.0,0.9814450722615864,-171864.6906848366,-21704.10123707552
3512140,Arjasa,2024,1457840.319,876668.8248521297,1402292.758209176,60133600785.0,0.9247436945874551,38287.136901051446,311767.51008207584
3512140,Arjasa,2025,1070475.338,883666.9904196529,1064352.7739946353,19281317206.0,0.9745695615918237,457230.4749803591,705965.989505367
3512150,Jangkar,2018,678977.3724,451168.3424088841,676342.7911924097,6657632682.0,0.991070468563896,-15434.20566999579,451854.01268770697
3512150,Jangkar,2019,856410.9926,291088.7419825264,849915.2815968829,6614195392.0,0.9911282118374015,53282.822775494526,175417.60919282207
3512150,Jangkar,2020,742447.1599,266833.96269678045,732613.7450742184,12012988899.0,0.9840025194483656,-56009.04857413536,464628.33972773317
3512150,Jangkar,2021,837630.7255,418856.17694134405,835729.0225520813,2595771273.0,0.9964993575924292,207690.86337014195,412725.3398137801
3512150,Jangkar,2022,786239.693,573961.2343136284,782375.1682798506,10551074447.0,0.9859219172617446,-62936.4507704868,465655.8290886889
3512150,Jangkar,2023,945072.8047,364071.8513063223,935776.1544369773,9252996143.0,0.9876324960730697,105327.14027999999,255915.8090849399
3512150,Jangkar,2024,1017568.633,485863.06382719363,1004855.836305842,13938214406.0,0.9814861968475342,38515.832199226104,540663.4918383291
3512150,Jangkar,2025,1100143.632,554702.9102394761,1078258.191584793,23785927715.0,0.9688136430455186,408660.6914856641,536648.7135965065
3512160,Asembagus,2018,1112438.3,1150920.854947667,1115160.6051899772,43317523210.0,0.9446233598204511,-220562.265571908,-215322.42941010947
3512160,Asembagus,2019,1036698.381,1217044.78336347,1046332.5412412167,32112679740.0,0.958350919601613,-8456.709858157119,-129276.92745666741
3512160,Asembagus,2020,1039713.02,1308998.2233014393,1042982.2388228062,6993001256.0,0.9906248734368749,40052.52520597121,-217571.32139275759
3512160,Asembagus,2021,1267373.557,1421352.0494345967,1274476.2527106823,27516951783.0,0.9640974287981763,201702.8081582821,-275090.8866861034
3512160,Asembagus,2022,1083868.974,1531642.203746271,1088718.5207837163,6230165734.0,0.9916390137482308,-66632.01552834752,-89802.3115956313
3512160,Asembagus,2023,1011512.207,1452592.4021076232,1012082.9095200351,737194128.8,0.9990033260515804,224334.47478687367,-366066.98270543665
3512160,Asembagus,2024,1083707.87,1490012.0478338476,1087333.7383678902,5123669947.0,0.9931137238582078,303073.80420757877,-397124.29556132935
3512160,Asembagus,2025,1026751.937,1173644.3990070838,1029835.2002824189,12199760182.0,0.9837578392503067,656133.1699707625,-337644.41739458335
3512170,Banyuputih,2018,700337.7345,339195.28914903395,697491.9448717016,4519468738.0,0.993920841193863,5993.863549733843,489674.1994630805
3512170,Banyuputih,2019,858980.9563,446887.66535487876,855653.8645208918,4631451850.0,0.9937711504249712,-30214.441276777885,379112.0699195091
3512170,Banyuputih,2020,743500.7371,675219.0605938386,743369.8140255271,1093132692.0,0.9985228140118361,-81192.91276349474,399590.4615101088
3512170,Banyuputih,2021,943372.407,733605.124462301,942481.2177455175,2427775667.0,0.9967251735754272,92213.29540231067,99700.67375201569
3512170,Banyuputih,2022,759887.2147,805942.4614929586,760713.2255729128,10391873752.0,0.986131389545832,-126104.14197472154,292768.7855142115
3512170,Banyuputih,2023,895866.947,527407.3041837633,879273.4563582725,26834135715.0,0.9649571090921246,106032.99032795317,50797.572999748285
3512170,Banyuputih,2024,1952178.463,507288.8079619409,1540141.0140357132,227000000000.0,0.7649901749092562,75313.26671039325,410372.518924554
3512170,Banyuputih,2025,934929.1521,625773.6862460295,931964.3621959542,5509717230.0,0.9925987116836755,291224.9742055697,1541571.7558348565
3513010,Sukapura,2018,632045.6299,869057.5297432774,632045.6299,3.75e-21,1.0,-1103013.930457524,549561.0249762168
3513010,Sukapura,2019,886317.9249,621887.7963714991,886051.5727302008,573733651.6,0.9992241503825475,-879023.6070601547,-400227.12378035416
3513010,Sukapura,2020,1140590.22,835110.6092278141,1139975.4391995165,1147467303.0,0.9984495037173129,-708016.5536578046,-45310.22660995694
3513010,Sukapura,2021,1403194.479,781078.1775433108,1395983.902908752,6672502980.0,0.9910507023092683,-819545.2915383534,205612.4999501236
3513010,Sukapura,2022,1330396.341,902195.6933138177,1284125.1469934746,68937400628.0,0.9146660645674952,-901386.8774957139,538541.0795298463
3513010,Sukapura,2023,1541807.093,920444.2306956521,1408110.59020283,156000000000.0,0.825682170482186,-589896.6035338974,449143.4664241073
3513010,Sukapura,2024,2130097.25,926906.2831296795,1739998.1702326657,273000000000.0,0.7302150442818377,-675452.7913589726,617775.725022483
3513010,Sukapura,2025,2645843.395,1432335.4409765168,2645843.395,9.34e-20,1.0,322063.9272435217,1237035.3978522313
3513020,Sumber,2018,853551.1508,414759.1570252953,841470.503009338,16109548960.0,0.9786636011137354,-643109.2736208683,867655.3774925807
3513020,Sumber,2019,822718.079,345118.786226684,813926.3006027134,10671108056.0,0.9857640388819763,-531761.6171074111,440667.8038425202
3513020,Sumber,2020,3400520.858,412592.14909104083,3400520.858,4.88e-19,1.0,-678737.4602183662,393619.5493478888
3513020,Sumber,2021,1160788.06,828882.9430329637,1155009.471650604,10082378076.0,0.9865388710262482,-553280.3829094792,2940620.030306492
3513020,Sumber,2022,793939.5614,444343.6382992028,791588.476700952,3852652382.0,0.9948131267298209,-744777.0361514741,797944.1322639207
3513020,Sumber,2023,915100.8867,304495.35660766845,891060.260161335,23321530980.0,0.9694038964074934,-543700.5072955629,417678.5595970245
3513020,Sumber,2024,729294.6398,502601.90332202776,727179.4005621898,5359454712.0,0.9927991081468923,-153881.09156265543,585190.6759421657
3513020,Sumber,2025,1319159.245,670187.556957752,1200743.9226394405,127000000000.0,0.8533346836042814,189323.8551975616,386101.21561341046
3513030,Kuripan,2018,503086.8269,289567.18187054835,500225.45657725283,7728992653.0,0.989648384806018,-547240.2314841531,128845.432690332
3513030,Kuripan,2019,535844.775,211316.6374131808,535844.775,6.49e-22,1.0,-598475.4242048094,-23710.13400682155
3513030,Kuripan,2020,609958.6914,612883.8866027048,609963.1476025933,868159508.6,0.9988264708697548,-123871.8372572482,3382.2980861485703
3513030,Kuripan,2021,803940.9635,433872.7095727154,803720.1191504982,339774717.2,0.9995403833959744,-345327.3454060859,-81258.96023067716
3513030,Kuripan,2022,747706.2268,627044.9330718823,747699.4064515888,32165512.93,0.9999564712815251,-698407.5830629156,208353.8610735595
3513030,Kuripan,2023,767645.3047,286925.7372944564,750935.4869429234,20491415354.0,0.973016609714964,-598875.7375499815,2224.8842570652487
3513030,Kuripan,2024,875558.9924,454356.5425924454,870276.3778599463,7227142850.0,0.9903140133040201,-634641.193401664,236503.67424745217
3513030,Kuripan,2025,940429.2427,612970.0048180174,940424.6070237902,8055441.431,0.9999890984333443,12980.105625371943,245681.86811819102
3513040,Bantaran,2018,804847.5407,770983.7785609888,802756.4341402862,37449842746.0,0.9517627007610273,-946850.5769187807,-571489.7670506797
3513040,Bantaran,2019,503730.3148,634732.8565390276,508552.5343719793,21746165977.0,0.9714115719651295,-912699.2662560123,-442376.8067787641
3513040,Bantaran,2020,852535.5448,801479.7457906362,852220.1561541882,3536872694.0,0.9952362395503266,-801378.6322108458,-624646.3418303027
3513040,Bantaran,2021,971015.7577,1061888.0666931414,971646.970091312,3980141395.0,0.9946424062816672,-621783.9933191465,-358191.4283481224
3513040,Bantaran,2022,606988.4975,1190333.636410217,612182.9445430259,5112409372.0,0.9931287542192192,-922236.5127026881,-370971.953346604
3513040,Bantaran,2023,524837.5232,912093.4357523937,526081.2260860049,1833339727.0,0.997525023650958,-750291.3872947146,-879107.6641521114
3513040,Bantaran,2024,707666.33,1111101.078176864,708148.5985541033,681024069.4,0.999079197091751,-717384.2270373474,-836474.2200672597
3513040,Bantaran,2025,641160.4118,760750.2811024105,642082.8329405427,4423082026.0,0.994049719961581,-103332.29508529454,-798515.0313857737
3513050,Leces,2018,883544.3426,1609198.0958524586,963826.7984005003,70784529776.0,0.912579485556327,-1073721.476220851,-761418.9065470834
3513050,Leces,2019,753063.2584,1129656.1819316938,768597.6810716966,24481887164.0,0.9679304154629326,-1025857.775423476,-1191571.9487240482
3513050,Leces,2020,610581.1853,972961.799034814,614519.0353191112,6251247630.0,0.9916109588373302,-871329.0444552146,-946150.8374282267
3513050,Leces,2021,680347.6879,1098135.1834733458,680604.9816706346,350645867.7,0.999525684858746,-746405.3259883448,-785456.0319666425
3513050,Leces,2022,526111.7761,1251070.2619359656,530053.0492202383,3110414356.0,0.9958082221327182,-716814.9339136328,-756154.0343179791
3513050,Leces,2023,604082.19,977102.1373078845,609324.9292918419,8111493030.0,0.9891416560105923,-601253.3813798697,-989251.4578725562
3513050,Leces,2024,784157.1521,1150191.616829462,799000.5144963837,24050058412.0,0.9684782505814675,-587360.6768632618,-737872.5939626226
3513050,Leces,2025,693273.6845,645325.7055671136,693091.7097504628,2167801772.0,0.9970748265476816,-113112.56664024311,-643001.5766182082
3513060,Tegalsiwalan,2018,847252.0012,872548.6088960695,847252.0012,2.6e-21,1.0,-1287265.627759126,-184870.96692071948
3513060,Tegalsiwalan,2019,712849.4032,655475.6586418904,711282.4225157769,15977328064.0,0.9788350155258357,-1203651.1737498005,-529789.9307359073
3513060,Tegalsiwalan,2020,976847.0306,801800.7557783792,976495.3252579639,1145583920.0,0.9984520446681767,-1035229.6760943648,-518653.8818488227
3513060,Tegalsiwalan,2021,979416.3717,793413.8802377044,967330.569371451,39542268129.0,0.9492044522381671,-771365.6254948458,-285747.1148496951
3513060,Tegalsiwalan,2022,838643.2434,947266.1780687715,840624.1866537225,10569906301.0,0.9858971446661363,-959686.4298705492,-147248.66868006368
3513060,Tegalsiwalan,2023,1451464.916,710849.2935474804,1429670.05902669,17252846473.0,0.9771839023749007,-714061.461081109,-421650.2045805354
3513060,Tegalsiwalan,2024,575946.0442,1093924.8108865344,588697.5975587661,14361629094.0,0.9809345077101123,-492053.2395721177,365348.79427047865
3513060,Tegalsiwalan,2025,1503176.377,793425.6936709052,1369532.3695174376,132000000000.0,0.8484356253588228,246693.27867637557,-635467.0535374942
3513070,Banyuanyar,2018,717208.9329,971662.5319277507,721285.975650644,9265715315.0,0.9876157062351365,-789414.0785972395,-880837.238141938
3513070,Banyuanyar,2019,466405.2516,1058903.2653528235,466965.6734767752,538724228.4,0.9992714584998984,-606553.5554081702,-664936.2290938186
3513070,Banyuanyar,2020,848115.7146,1437455.4962446752,850521.0253173142,2331894611.0,0.9968541006534598,-187946.42944125502,-928133.2958157887
3513070,Banyuanyar,2021,759836.4821,1705051.6714894716,768532.1517589812,5283400685.0,0.9929005678662464,-293944.6810043798,-769870.5695569214
3513070,Banyuanyar,2022,679832.4541,1789514.5473707463,682856.0354128889,1554659814.0,0.9979004467471895,-489207.58997614303,-1086745.104337478
3513070,Banyuanyar,2023,801185.3546,1698460.630514808,809681.8859226855,5439705048.0,0.992692072830708,-232838.65532104595,-1328669.4156300942
3513070,Banyuanyar,2024,977284.8795,1939270.8755289002,987508.5239694581,6112298647.0,0.9917958956215388,-252356.4543299299,-1159287.1794250684
3513070,Banyuanyar,2025,1028775.256,960216.003748946,1025130.7573294248,31946385814.0,0.9585576591184184,332235.59171300824,-1155035.5037934405
3513080,Tiris,2018,509137.5457,2995684.034219213,515587.8174210567,1479915194.0,0.9980011868797112,-798677.7364712084,-1999956.2699388554
3513080,Tiris,2019,463540.9334,2634164.279628828,470106.693706379,1726408477.0,0.9976690424694721,-716890.168921942,-2796633.5304032057
3513080,Tiris,2020,493416.011,2706788.1876086965,496198.94646265294,716345326.7,0.9990314859783915,-561221.3636204278,-2637509.9988236562
3513080,Tiris,2021,679070.8032,2043665.5204731107,679674.1652028589,251706069.4,0.999659474155331,-708807.1809146963,-2541430.9586762968
3513080,Tiris,2022,548329.6259,2370381.729334468,550691.5826904478,738587331.0,0.9990014443467206,-576722.1351619633,-1765892.8516769055
3513080,Tiris,2023,821892.3531,2235522.805686534,840935.1633094117,7769848941.0,0.9895942344535903,-302902.8470708884,-1999533.3404056611
3513080,Tiris,2024,911047.0744,2255178.88857929,913611.5893650014,1087727536.0,0.9985301074397289,-707157.8459113657,-1600672.9288407415
3513080,Tiris,2025,661600.8821,1821492.064471502,665778.302631466,2056767784.0,0.9972242369448431,173048.58556227342,-1558159.612775144
3513090,Krucil,2018,484927.7332,2300201.775275674,486740.37297788664,568761955.5,0.9992308683460901,-664322.0871674423,-1374567.7334137256
3513090,Krucil,2019,470101.8889,2085294.86719507,470641.8902504221,190301844.3,0.9997425247624605,-471237.14654952806,-1907183.9958504345
3513090,Krucil,2020,588118.166,2150138.4550594124,592751.7974109219,1692982167.0,0.9977140707470574,-232755.08343040553,-1779895.229866182
3513090,Krucil,2021,938574.4545,1781083.5546516052,954273.7290730522,10804416192.0,0.9855887599681035,-234605.2189666074,-1568928.9670891424
3513090,Krucil,2022,703738.2873,2204464.6443304042,731422.2245694292,10693994389.0,0.9857339425755859,-380882.334503053,-852590.6956946882
3513090,Krucil,2023,861156.6954,2263358.812858829,881214.0705912639,8257487433.0,0.9889483823699272,-161078.33415003752,-1373250.0615651673
3513090,Krucil,2024,1005107.875,2447166.4974399083,1026019.6428954526,8372962396.0,0.9887955651584026,-91821.06823222346,-1340509.4500386193
3513090,Krucil,2025,654609.7711,1735768.180293383,658366.972554973,1984332168.0,0.9973217324447515,307164.7430071035,-1317181.6958559318
3513100,Gading,2018,803495.7861,1949080.7702654684,809075.9763433002,2785285234.0,0.9962447398999398,-764237.0060236767,-1340681.4858934062
3513100,Gading,2019,578497.3122,1790558.1921505213,596747.2160368828,8698660114.0,0.9883647977879009,-627437.6794031538,-1443483.34463451
3513100,Gading,2020,724384.13,1795840.5232565517,730531.7667942003,3283674145.0,0.995575760058991,-337359.6266775592,-1532079.7307646833
3513100,Gading,2021,633255.0132,1906297.848505248,639155.5899553848,2649698369.0,0.9964268916738784,-712708.9162270231,-1283137.196851423
3513100,Gading,2022,655238.6366,1908166.8741649983,667822.4977194935,5772965786.0,0.9922478271982129,-1145870.6911929264,-1521762.539296263
3513100,Gading,2023,756332.3178,1811890.607594931,780984.1792951262,13606856989.0,0.9819183727856287,-854239.695777805,-1632317.718917673
3513100,Gading,2024,818313.0517,1872049.8292924622,851548.2129515519,18531537053.0,0.9755342645631705,-946194.9708923307,-1433086.7922075493
3513100,Gading,2025,865189.0672,1444119.7621964975,871224.1004365173,5994203482.0,0.9919531308591149,487929.6729335118,-1398598.6900996983
3513110,Pakuniran,2018,958820.9732,1673799.29617399,985313.3551893663,21895420042.0,0.9712210031598614,-1007861.8051688296,-834175.6875891451
3513110,Pakuniran,2019,988317.4281,1617788.3060248012,1005935.3410496226,16384558369.0,0.9783072643987335,-898225.4649359084,-1083374.475042292
3513110,Pakuniran,2020,1362642.532,1777820.763323643,1372444.5199273336,13758884295.0,0.9817200425407384,-606162.8914755693,-1030119.4619218867
3513110,Pakuniran,2021,1160151.917,1818464.9150339186,1167525.4080321323,6445548412.0,0.99135246614958,-920311.8688106152,-675687.4581183859
3513110,Pakuniran,2022,877656.23,1837676.2855427992,887620.1647193972,5967727200.0,0.9919883889704001,-1104300.8330889838,-933386.6104510792
3513110,Pakuniran,2023,1025100.974,1595472.0029177654,1062026.3258601495,39387806103.0,0.9493928309167845,-900428.4117613663,-1296054.7116185753
3513110,Pakuniran,2024,874242.9709,1687316.5099502224,881292.8661661126,4976938023.0,0.9933096139813643,-954984.263700607,-988332.6609036328
3513110,Pakuniran,2025,1944584.241,1484405.595537813,1898517.347540211,63299272684.0,0.9210945104485302,384819.2736199695,-1169606.3695726134
3513120,Kotaanyar,2018,565794.23,601980.199352788,565796.6340589811,37806033.1,0.9999488385086961,-537347.2146003013,-212019.49281346943
3513120,Kotaanyar,2019,476504.6588,501116.1363775007,476504.6588,1.4e-22,1.0,-359437.5773626914,-335788.7424976999
3513120,Kotaanyar,2020,930581.4516,609083.4547512699,926997.8223521478,6414167041.0,0.991394205980521,-178273.4927175843,-313523.65278279805
3513120,Kotaanyar,2021,836049.0227,1327588.009583955,838788.607863686,3189198043.0,0.9957025048690117,-308144.1886620488,114037.1687749665
3513120,Kotaanyar,2022,813659.9993,1282246.0281095419,816969.1395694719,4046979878.0,0.9945529263260607,-490848.37805751804,-580908.9163879188
3513120,Kotaanyar,2023,1090679.172,951591.3139585967,1086386.4312722676,18121237268.0,0.9760629848391872,-549371.5879765415,-697145.484637982
3513120,Kotaanyar,2024,1173201.391,1097706.5791250798,1168679.4391566487,36254421148.0,0.9532304504294568,-586291.0521050709,-217833.2545528966
3513120,Kotaanyar,2025,1147271.265,737102.9943945599,1144098.8621991882,4435327301.0,0.9940333449389869,552010.2729444032,-186105.38005295047
3513130,Paiton,2018,733636.6741,2312170.6224390804,740000.3552057468,2303224007.0,0.9968926592434919,-550719.1983314112,-1063075.881799845
3513130,Paiton,2019,641116.6626,1851182.0383076102,646663.8825203358,2620531487.0,0.9964660841110411,-385085.839295979,-1845658.603809035
3513130,Paiton,2020,741326.6364,1593100.8889000928,761902.6964363294,14085912208.0,0.9812936831938526,-359894.8696686472,-1592148.2464175732
3513130,Paiton,2021,1021543.495,2002251.9950604576,1040473.383207956,11199542528.0,0.9850695979168698,-345193.61952061974,-1178729.0585093799
3513130,Paiton,2022,893788.5045,2066078.423522086,897400.7499724707,1758773272.0,0.997625448021724,-405670.3198845952,-1188058.3802550593
3513130,Paiton,2023,1114793.94,1949973.771035708,1154903.850468256,28706068589.0,0.9626039557536514,-231190.37505645773,-1362062.9266957485
3513130,Paiton,2024,1531641.561,2063627.8526447497,1552229.6585065273,22907852353.0,0.9699302925187977,-98613.49528067425,-1073139.6598006762
3513130,Paiton,2025,1902298.589,1656895.0370933062,1822340.772982222,275000000000.0,0.7287746601103623,533523.2319556328,-658781.7661983038
3513140,Besuk,2018,817782.3037,550205.4160592245,817520.2075411583,557911116.2,0.9992455307673448,-682252.2587387176,-154039.24623792586
3513140,Besuk,2019,796067.8385,542046.4666612291,792313.0720508404,8537041147.0,0.9885785078963566,-704967.5027246518,-77967.74092832278
3513140,Besuk,2020,735552.216,828429.6445764512,736174.3544133031,3837276439.0,0.9948337206047032,-324721.91600906564,-94025.41974595177
3513140,Besuk,2021,1010793.071,832280.8865355767,1009848.838780758,3025809472.0,0.9959217756720259,-629701.9396084794,-277250.52426617255
3513140,Besuk,2022,900136.7816,941684.3747935335,900529.2724197933,5426666917.0,0.9927094611000923,-726867.1904950329,-105975.56794701796
3513140,Besuk,2023,948306.96,797101.1128994563,943318.1261108116,19414601663.0,0.9743982711381889,-466836.0522415082,-281573.9973031102
3513140,Besuk,2024,1042635.474,955394.339830691,1042307.1906452785,2149276135.0,0.9970997520439915,-366856.6046938298,-128849.91737242555
3513140,Besuk,2025,629027.3945,978735.0204979164,629150.3592485356,200150005.4,0.9997292039721032,641118.7710464068,-109721.2290745984
3513150,Kraksaan,2018,720834.007,1790476.9929730175,735483.6295050489,7901400129.0,0.9894199186009057,-701714.9783376628,-548351.7770669468
3513150,Kraksaan,2019,1282490.428,1299673.5469853862,1285080.6426746305,101000000000.0,0.8797500319216374,-654335.2312974795,-1371670.958191335
3513150,Kraksaan,2020,898339.4352,1465376.8230378865,910965.217951479,12958458696.0,0.9827651541723181,-4602.018365773256,-477159.00415843376
3513150,Kraksaan,2021,981050.9417,1690850.5471436095,994834.0464376182,11268208379.0,0.9849794326672622,-424116.86938428495,-597719.4717152223
3513150,Kraksaan,2022,1303388.955,1559237.850362372,1334059.152844359,77502662743.0,0.9050700757092872,-681054.6523241677,-856129.0128808127
3513150,Kraksaan,2023,1122718.086,1433523.803195589,1167590.2695745984,96013311411.0,0.8850044095085975,-414458.90192843333,-493164.9630764774
3513150,Kraksaan,2024,1315753.729,1449192.501083707,1330379.2952220207,70044707046.0,0.9134140701701421,-260570.55839404397,-492508.36918032356
3513150,Kraksaan,2025,1419790.517,1501366.501309699,1433206.442299688,112000000000.0,0.8683773015190234,616320.1910157907,-252526.84190665185
3513160,Krejengan,2018,501231.4882,1407967.4340747541,510051.15302122507,5589121921.0,0.992492846889538,-621631.7473647677,-998807.4235965483
3513160,Krejengan,2019,556363.0499,1197260.8533523101,558030.0753605253,1483924839.0,0.9979957821996319,-532829.0778339381,-1345557.8400896634
3513160,Krejengan,2020,1106936.46,1290265.4175584465,1111604.6332156907,14867744020.0,0.9802758773009624,-507654.2324903953,-1125987.9140972765
3513160,Krejengan,2021,830595.1214,1533995.0894131025,833200.6162966797,2115567603.0,0.9971451087091588,-577074.6903525528,-568711.8141839767
3513160,Krejengan,2022,619973.8699,1590367.0749264061,622553.7325046111,1516813975.0,0.9979514524896684,-932574.2640079608,-985212.9343371998
3513160,Krejengan,2023,793068.7011,1404291.4401986059,796496.4290593155,3209050599.0,0.9956758689113514,-658167.4410185635,-1383797.8962693901
3513160,Krejengan,2024,861902.0504,1720026.897539678,863090.8239129896,789365322.8,0.998932866752671,-373513.645882752,-1100626.1124246914
3513160,Krejengan,2025,814604.9272,1025325.6873689725,816022.6435770926,3854261360.0,0.9948109717833619,338155.95345786924,-1171549.0738650695
3513170,Pajarakan,2018,886846.5035,400424.5500443929,873269.0398397875,16339082500.0,0.9783661707357022,-870678.6676667499,52188.614563984884
3513170,Pajarakan,2019,609931.2525,490375.44578035816,609926.3727809652,23225721.7,0.9999685688788957,-753563.3653008514,134690.57009058166
3513170,Pajarakan,2020,1062416.449,689626.9243365405,1048144.3549545952,22651907134.0,0.9702562630229903,-551458.8528649068,-209230.6089735845
3513170,Pajarakan,2021,1058015.314,929758.9607784124,1057931.9542608154,370072802.3,0.9994994193941199,-712335.3805269918,90526.14170721627
3513170,Pajarakan,2022,1113530.187,928813.6308968896,1108964.023485681,14422601221.0,0.9808551150188299,-924855.5348725659,-120138.52218246018
3513170,Pajarakan,2023,974073.7234,785378.6950174134,973076.7246249933,3022471818.0,0.9959262558784885,-573085.500858713,-121393.16015136847
3513170,Pajarakan,2024,817668.288,816057.9827482392,817657.9605352643,3672883189.0,0.9950539551357592,-519747.1898991546,-109535.24237095192
3513170,Pajarakan,2025,1648088.883,812108.4263103941,1648088.883,3.51e-20,1.0,384587.86776941444,-255682.6678302351
3513180,Maron,2018,657312.8384,1298289.2444122776,663536.0831263459,5578781554.0,0.9925066317082961,-761695.7292893197,-1051136.4194120485
3513180,Maron,2019,645633.9262,1379150.432153106,647288.5972837044,1286500402.0,0.9982619640517634,-603428.9328709106,-1038420.7388476261
3513180,Maron,2020,737817.3425,1798738.6845503033,740526.0443524736,1456517171.0,0.9980327267068386,-84941.39141958702,-1099703.9369919677
3513180,Maron,2021,938856.8436,1858012.8723292898,946057.3739289385,4492811387.0,0.9939564814209396,-463165.65972389,-1220642.9940191805
3513180,Maron,2022,609353.879,1911196.1898113976,610868.0469203765,662595417.2,0.9991040918854854,-669908.3126330582,-1182266.074122654
3513180,Maron,2023,1004055.695,1652965.640093701,1055087.3272708037,48568423676.0,0.9383246745431421,-486979.7390039958,-1581362.9453161273
3513180,Maron,2024,1000815.025,1950903.7883756463,1044936.6436404159,27711902186.0,0.9638522630258931,-172906.56432752789,-1042834.0713810708
3513180,Maron,2025,1049842.593,1204149.3626299333,1056004.204811237,23666510148.0,0.9689653554246213,471095.4478640067,-1112172.1354441172
3513190,Gending,2018,626092.9005,688854.458954535,627488.2111687156,12938046109.0,0.982791835881294,-399192.04233779386,99127.25676717215
3513190,Gending,2019,753172.0848,650934.4795462451,752892.0467781285,1562877309.0,0.9978893725215602,-391340.00985741534,-260966.6018260147
3513190,Gending,2020,512741.6514,1032692.5593056178,514711.5861675446,2164040513.0,0.9970798870689227,18763.35502771981,-182976.8438755097
3513190,Gending,2021,1320518.904,1059398.825317812,1290914.7198634746,72761163195.0,0.9103571330886954,-290530.46832805034,-604888.1094238524
3513190,Gending,2022,829982.2442,1102820.5521920428,830237.2407018008,532307160.5,0.9992801303482487,-622311.0334311554,42821.70977545972
3513190,Gending,2023,980989.5854,963873.9173026272,980933.5421785633,1869308423.0,0.997476589074246,-321670.11553336924,-450563.09021687356
3513190,Gending,2024,3204870.917,1073974.0367014585,2009548.0689531765,727000000000.0,0.5040647125214238,-469105.9829913902,-229906.80428986088
3513190,Gending,2025,1355567.856,1227059.2107537985,1352972.6349634922,11728154194.0,0.9843759023208206,266999.4196271371,1911699.5534667682
3513200,Dringu,2018,1045931.867,45032.7204098067,909933.655543657,89473449098.0,0.8919912193535728,-446799.5072882322,572375.4668459159
3513200,Dringu,2019,1087453.818,143984.35956439254,1050218.3991168095,23379930827.0,0.9693296300261504,-329213.2226723215,828685.5223254613
3513200,Dringu,2020,1070647.488,397170.001115378,1057598.5014365553,11242899441.0,0.9850126639574465,-192832.2433386497,837904.6656376009
3513200,Dringu,2021,976566.2086,561336.5746815581,951412.9653969553,36692024381.0,0.952692632173131,-356443.29030702775,675343.0741452179
3513200,Dringu,2022,862861.6071,473878.0647290532,841018.9976876546,33853148135.0,0.9561924778512624,-583829.492978317,350349.2934543148
3513200,Dringu,2023,1090806.591,342435.0902097588,1058479.8125953744,25689143639.0,0.9664021251463598,-349638.0992433771,224394.27997223695
3513200,Dringu,2024,1138840.047,507823.2114936268,1105457.130920574,31784572989.0,0.95875891329452,-204736.19196025928,569056.9374512376
3513200,Dringu,2025,780114.5821,563497.418225426,778812.9450923036,3439868875.0,0.9953662871216682,571135.1754327494,598948.1293200632
3513210,Wonomerto,2018,460463.2265,659911.5034993077,461553.0030313871,3126180023.0,0.9957870649010123,99977.33977678932,76901.15202873398
3513210,Wonomerto,2019,632516.7249,875872.6665195961,634859.5151993874,5531208439.0,0.9925700567089947,986094.4470438287,-343102.45484538365
3513210,Wonomerto,2020,911938.5531,758944.2448101591,910184.0242972842,6601183654.0,0.9911455102746655,-233182.58891871793,-191862.79769081518
3513210,Wonomerto,2021,921086.7536,492172.66320842254,917868.3846402413,4301935501.0,0.9942117525112233,130558.41058126284,-71940.08496394486
3513210,Wonomerto,2022,725735.2772,1027616.1692441349,728007.7108667206,4315831633.0,0.9941931638590648,463531.1164337138,312473.7174797803
3513210,Wonomerto,2023,807850.1602,725800.5456240085,807175.2316564108,4719498131.0,0.9936534883053992,292990.8762515504,-129582.5649898228
3513210,Wonomerto,2024,1261829.165,958199.4129373078,1247887.4851746894,27384942923.0,0.9642635113629361,103875.0973185919,966.540970031172
3513210,Wonomerto,2025,1190920.394,590370.5693578932,1103436.761755334,97024353307.0,0.8839340276387322,600981.2187813078,239924.3749741558
3513220,Lumbang,2018,891877.296,1003642.3962097024,892008.4805871582,668673333.1,0.9990958812476263,114451.78962852305,91932.2282383861
3513220,Lumbang,2019,884601.0467,924006.3893362086,885141.6306969252,7914701842.0,0.9894022961852355,247100.24392217054,-81905.634547216
3513220,Lumbang,2020,986434.2244,945687.3901005413,982942.3205265246,53334210672.0,0.9326801831030657,72307.85150073172,-33957.21737699548
3513220,Lumbang,2021,1291434.328,1348599.7708532955,1291607.4709849732,1728685808.0,0.9976659748455207,30225.316942246325,66323.78232686943
3513220,Lumbang,2022,1084324.064,1366562.7037140278,1086186.6953265762,3780188036.0,0.9949101898097389,-253878.79529601437,15644.25813946058
3513220,Lumbang,2023,1378831.312,1068449.2084402982,1367121.7721894989,22308575860.0,0.9706938721915948,-151631.6644956055,-221982.93522935384
3513220,Lumbang,2024,1564973.414,1171247.8048215455,1564600.4358790542,539546210.0,0.999270347707538,-164551.87939754338,243676.07932519726
3513220,Lumbang,2025,1115154.358,1180585.9298773112,1115154.358,2.45e-20,1.0,615306.9517069436,427500.6368851776
3513230,Tongas,2018,500794.6555,1124068.7060803138,502478.4727211471,1541409793.0,0.9979183035242584,180635.30134043915,-481320.0013545571
3513230,Tongas,2019,597985.0484,1156625.2220721557,609819.5133040716,12315241565.0,0.9836066134375439,221199.64837116125,-761988.1172422242
3513230,Tongas,2020,973845.5558,1374116.8917290298,990210.7104147281,24256177219.0,0.9682166827340559,179808.5764211639,-720084.908055491
3513230,Tongas,2021,883537.5057,1157055.029292523,883748.5090494272,439305565.7,0.9994058270349081,37780.11129403484,-485150.6942816747
3513230,Tongas,2022,581053.7803,1343505.9348800299,583220.3992548935,1621560509.0,0.9978102958336253,-202679.81157726084,-362802.65040818637
3513230,Tongas,2023,630286.2223,1035591.0641261995,632381.1505996636,2956414415.0,0.9960149344794308,4073.9162207166373,-809985.6602235127
3513230,Tongas,2024,794193.5101,1158240.6999136498,795630.1921034169,2254486378.0,0.9969582124674756,-61376.858615128556,-593011.7013877565
3513230,Tongas,2025,902631.8725,645209.5432458009,896570.3353530591,13721847351.0,0.9817683524404061,556838.9819569334,-495270.9248557704
3513240,Sumberasih,2018,1198792.3,1135576.5199031367,1188010.910467799,117000000000.0,0.8633045126988347,-488578.9929604127,5430.700641975942
3513240,Sumberasih,2019,951745.746,880509.6416875155,951365.5972127641,3052843907.0,0.9958854882400652,-201772.5222855857,-151746.91783402744
3513240,Sumberasih,2020,1106589.065,545666.4802213005,1084043.698692737,23828569468.0,0.9687594809365302,-346405.7684035561,-98874.35035772389
3513240,Sumberasih,2021,1009222.564,1453138.6596921096,1029994.7561405257,27933257954.0,0.9635740415110503,-208953.89633259608,390684.16755290795
3513240,Sumberasih,2022,1144594.778,1236960.3734995665,1160123.6327003178,115000000000.0,0.8653264994940989,-596199.3328203451,-388793.75619340315
3513240,Sumberasih,2023,1208540.024,1102543.252914232,1204172.7680623478,24452098652.0,0.9679681864500894,-503694.34239515505,-266580.85024365457
3513240,Sumberasih,2024,1106479.091,1031505.4083900473,1104084.1751755492,18776213632.0,0.9752192421207795,-625285.2352935633,-99102.14392888476
3513240,Sumberasih,2025,872275.3093,205214.34236373974,863039.1772910724,7989272144.0,0.9893035153548071,417923.894873368,-118911.63368883799
3514010,Purwodadi,2018,809522.116,1758544.535977896,819456.8043454251,6019708062.0,0.9919191691203887,-406783.39446535567,-844788.9346912894
3514010,Purwodadi,2019,773267.9693,1386937.784419185,773486.6336456845,202826799.8,0.9997255833557835,-506095.23798460525,-1145801.352163353
3514010,Purwodadi,2020,697976.5643,1441731.2924680458,712344.6155326487,11209013461.0,0.9850571606367159,-84461.99433559197,-911654.4584825712
3514010,Purwodadi,2021,864847.0222,1917027.0957807952,866319.9026397935,797651411.8,0.9989216769703414,-75918.7374642525,-820072.0596676257
3514010,Purwodadi,2022,694665.0966,1810891.565174038,697168.8508211459,1279210355.0,0.9982717957368168,-429852.6851157109,-1043582.3442419004
3514010,Purwodadi,2023,1110082.011,1518688.3977226408,1113178.8421554335,4345540321.0,0.9941534253139133,-332627.0600557107,-1207703.4090925325
3514010,Purwodadi,2024,874783.0084,1562804.2049540405,882212.4343864139,6211491797.0,0.9916638655732659,-625097.1585605784,-589888.8347629707
3514010,Purwodadi,2025,800069.5827,1160892.7115681986,802902.964726701,4503621621.0,0.9939420280940764,404536.05507483834,-834372.2645190157
3514020,Tutur,2018,623155.2457,1260019.6033990323,632968.3848099831,8904966463.0,0.9880921313981578,34297.90823330084,-320246.05401711713
3514020,Tutur,2019,779136.5448,1129344.2058733727,780677.3215174109,2514527301.0,0.9966085511673703,185766.01186380052,-496504.7700752566
3514020,Tutur,2020,845185.8064,1176096.0699726702,855666.9125036446,18612402624.0,0.9754301271811595,75671.10113080298,-233597.54258447792
3514020,Tutur,2021,936030.4905,1920407.993378386,945282.4481491265,5398839931.0,0.9927465745248784,138823.53334962175,-159669.81806114386
3514020,Tutur,2022,965469.3116,1799646.1351821441,975236.5635684298,6741502735.0,0.9909589951140384,-161565.77712946438,-722171.4786523575
3514020,Tutur,2023,975945.3973,1804803.112908802,989231.4614074248,9269612315.0,0.9876105621467227,56584.32994215387,-719519.8834820845
3514020,Tutur,2024,1115426.904,1847618.1496006805,1129323.120607996,11008320447.0,0.9853207789845213,223324.3631074743,-699578.6756675722
3514020,Tutur,2025,1772328.72,1089511.186627391,1726931.3571668833,40525853665.0,0.9480066432003165,556430.1722463898,-546438.287910185
3514030,Puspo,2018,793800.8476,773401.5905544957,793800.8476,9.01e-22,1.0,-443417.8257747563,94864.36455474571
3514030,Puspo,2019,733444.5575,486508.00079462386,733354.0975834351,208524585.9,0.9997178766512272,-267704.68672091357,-21614.047465030104
3514030,Puspo,2020,413785.4772,503944.7500770813,413785.4772,8.57e-24,1.0,-290826.73931541754,187524.94440099376
3514030,Puspo,2021,999659.2999,834084.2820865364,996282.3771279298,11846845603.0,0.9842202782138122,-586552.9816699281,-49688.01597690396
3514030,Puspo,2022,811498.5842,928852.4167355818,813882.8728580651,11800580544.0,0.9842809335209564,-840619.4090515925,110103.98686454061
3514030,Puspo,2023,907250.1887,716104.4020293142,899546.4725495776,23896190831.0,0.9686736029890756,-779492.9008332877,-166829.69993189338
3514030,Puspo,2024,893358.1778,763702.1830188441,891103.8513393016,10068598952.0,0.9865570204276685,-851783.9759030757,30631.037108791643
3514030,Puspo,2025,1203901.722,828428.8820916396,1202468.5990957038,2180183589.0,0.9970581680077986,380335.1891447191,-3905.9119999201503
3514040,Tosari,2018,820260.1978,428385.8234360683,820260.1978,1.41e-21,1.0,-161831.75505760717,433443.43095657084
3514040,Tosari,2019,1375271.997,480189.97927099804,1368037.9187077975,4636304618.0,0.9937646646217339,-122364.38395282964,529800.2254758668
3514040,Tosari,2020,742309.9968,906604.0841339089,742757.3247483658,1553515268.0,0.9979019892027555,-45890.93540745533,1036830.3168047032
3514040,Tosari,2021,1004183.211,823372.6473632081,1003694.5732643555,1541934106.0,0.9979175969064151,-95402.58079249781,193779.4284275471
3514040,Tosari,2022,930814.4467,1014481.3298326171,933440.4392218458,18438119648.0,0.9756545936790018,-377989.2349032404,378453.04808273923
3514040,Tosari,2023,898130.7545,968078.6083621721,898988.185895135,7061693795.0,0.9905336529602274,-229009.34170300758,129327.99482313043
3514040,Tosari,2024,1144069.414,938140.8331082357,1136148.790221204,22761668350.0,0.9701164448780242,-209754.51449733722,62233.79335205979
3514040,Tosari,2025,1481549.238,1233085.8744394663,1481549.238,1.6e-21,1.0,645543.6206019226,345519.59921374545
3514050,Lumbang,2018,737237.3527,907003.1151310968,737497.9998842865,874978895.6,0.9988172637090041,13701.471278883808,-192291.69717455615
3514050,Lumbang,2019,1049039.223,861095.4540515079,1048504.8219123784,1622569793.0,0.997808935914558,33176.09109214454,-211879.9792654825
3514050,Lumbang,2020,619661.9934,1010333.3782592467,619661.9934,1.2e-22,1.0,-33272.24139403703,119344.9270405285
3514050,Lumbang,2021,905321.2095,1190280.4957078504,905994.1722714402,1346983952.0,0.9981804006857264,-156251.6345154506,-347386.111019816
3514050,Lumbang,2022,846394.6565,1213450.5974892995,848847.6974569726,3828353475.0,0.9948456720288109,-414181.92486806767,-341901.82329689234
3514050,Lumbang,2023,646727.678,940004.1341286097,651327.8490233973,9067555431.0,0.987877350404004,-286817.5186752709,-417934.38050213666
3514050,Lumbang,2024,908707.8471,896486.4708461885,908248.383361604,22228013201.0,0.9707966143387571,-435005.5104168365,-433038.6671084118
3514050,Lumbang,2025,1012590.262,996544.047561666,1012565.956770533,863202736.0,0.9988331633376578,504317.90594568255,-159965.11728486198
3514060,Pasrepan,2018,642276.5527,1161072.2565538755,643030.4710253666,828107765.4,0.9988805499538772,-150145.6845425631,-556636.5493575323
3514060,Pasrepan,2019,466528.0401,836120.6516722899,475267.02939033555,13780262387.0,0.9816921597508266,42785.933329286956,-644659.2716357562
3514060,Pasrepan,2020,1152290.243,748290.6114506305,1135951.2252752755,23982895427.0,0.968563511944387,19779.225395144138,-503816.15990557254
3514060,Pasrepan,2021,1173856.357,2411265.2822644897,1191808.297370702,8376686466.0,0.9887906375862082,257187.36144374235,332339.910487636
3514060,Pasrepan,2022,1110088.618,2234598.4279968697,1261408.2627196843,88475892135.0,0.8930666600452125,1518.827436824533,-967843.2867810514
3514060,Pasrepan,2023,915373.0235,1917497.281450782,1017072.29527997,64268424602.0,0.9199830853476396,96655.37997920602,-1106470.4388176796
3514060,Pasrepan,2024,1326861.674,1804063.4966317373,1396097.4290631667,96568111758.0,0.8844167261260604,-421389.2948238365,-1085895.2473057588
3514060,Pasrepan,2025,1015427.732,820071.602892491,1015137.5533789386,846469459.3,0.9988557567083344,256844.07073974638,-714445.3329184856
3514070,Kejayan,2018,761360.6285,1212427.3306233813,768544.4832820764,9209086038.0,0.9876904636319722,-350330.1203165694,-534217.9951052826
3514070,Kejayan,2019,747157.9672,1103965.0462066277,747989.0770864802,1328510883.0,0.9982053106022053,-184468.27660961685,-690741.2837889557
3514070,Kejayan,2020,970536.2795,1289645.0485186928,973578.4575385029,5476881993.0,0.9926424952396387,165990.85175801243,-599540.5795376633
3514070,Kejayan,2021,924127.6909,1787509.0111289134,959738.2747276725,24479152272.0,0.9679338831054192,-141106.02169981704,-398210.79794216505
3514070,Kejayan,2022,1098168.748,1872297.3891101303,1176589.3153655787,64140196431.0,0.9201299836503659,-242470.0638818284,-936420.9979564506
3514070,Kejayan,2023,1421055.518,1478797.5290877935,1438235.1293381965,241000000000.0,0.7540608188908661,-405864.44812198915,-893770.637375359
3514070,Kejayan,2024,1221646.134,1658509.467059107,1253677.8864250288,45022920604.0,0.9425684088674632,-484683.46510180074,-331784.1923056613
3514070,Kejayan,2025,992067.417,1007224.1239767085,992265.9712422992,7553157768.0,0.9898815015535037,784652.1543178037,-605403.633715498
3514080,Wonorejo,2018,629646.6661,1860149.257936945,636551.7378694479,3211123122.0,0.9956730883120185,35125.927328120815,-999492.2169102274
3514080,Wonorejo,2019,960292.3973,1364519.2699284167,961195.9204332664,1274715481.0,0.9982778578224422,-92476.71511891797,-1455629.4715156872
3514080,Wonorejo,2020,767739.095,1360031.5293568186,791936.0251358978,24236297072.0,0.9682419047811445,221862.58935857285,-774571.1168170028
3514080,Wonorejo,2021,871173.3711,1984212.4340990677,888518.0408848099,9007493256.0,0.9879566820181509,91153.35278444031,-706043.8552423543
3514080,Wonorejo,2022,702306.2925,1945865.5090000576,726489.0915738887,11284858683.0,0.984957571610237,-132845.03127226714,-1170137.1356316633
3514080,Wonorejo,2023,644535.3452,1611421.9132574447,646818.0944063896,1346593682.0,0.9981809269304793,22901.036086619675,-1392106.6355778016
3514080,Wonorejo,2024,644141.8769,1603168.8575437267,647399.0952548966,1939192558.0,0.9973824982326038,-250347.98453297914,-1230668.129660387
3514080,Wonorejo,2025,638273.935,667935.973943886,638473.9427894881,3862883180.0,0.9947994245126281,669230.0773797964,-1241664.0043448992
3514090,Purwosari,2018,1096894.722,1395403.425123612,1113411.1100850068,33327685548.0,0.9568431049666987,-710716.6571178155,-295837.3581626199
3514090,Purwosari,2019,918957.2684,1202111.8493006986,931820.7315183565,27080300569.0,0.9646470055105589,-471681.2665610577,-465529.2662348668
3514090,Purwosari,2020,1074205.974,1202119.0916665012,1077263.7774805813,13935735274.0,0.9814894288655917,-178433.15577004082,-432990.31210818863
3514090,Purwosari,2021,1213143.23,1593624.0018460236,1233670.2578806803,32449404116.0,0.9579325709577474,-499357.86384641624,-137649.08507693233
3514090,Purwosari,2022,904678.4033,1670848.5979381895,912387.4533329362,5783555083.0,0.9922337178948414,-723409.3955347732,-377032.31798408134
3514090,Purwosari,2023,1136767.699,1465776.0770702204,1155670.2557365983,34684703023.0,0.9551646537641545,-347650.72972122894,-805169.9722727054
3514090,Purwosari,2024,1195078.821,1516539.226753308,1200439.9804901893,9650784456.0,0.9871076690104673,-737936.188062052,-416782.1641050293
3514090,Purwosari,2025,1008911.107,555497.9288590188,1004213.434233587,5957156825.0,0.9920024660977722,359520.54744218057,-422015.25753726484
3514100,Prigen,2018,1077946.615,1703587.8474775963,1096482.6364218055,17373203671.0,0.9770283918234339,-591256.7595903013,-339214.76903795346
3514100,Prigen,2019,1036156.594,1346677.981318815,1036560.0367964973,740256820.8,0.9989991894880487,-356704.8399038548,-683011.3769308438
3514100,Prigen,2020,987940.1087,1164155.959162758,990941.6478099218,9860242228.0,0.9868315423548326,-133114.22002035254,-378768.34045066754
3514100,Prigen,2021,1019011.733,1951995.881303094,1023745.5795761751,2901859814.0,0.9960881830791606,-556865.1844762223,-75988.74217092711
3514100,Prigen,2022,1104463.827,1988896.0612911864,1135918.5963475842,20983421105.0,0.972386619633517,-647604.3476066432,-828487.1068749251
3514100,Prigen,2023,1757238.275,1881506.6997927832,1786722.0934387292,177000000000.0,0.8067510616702466,-275437.79037235817,-882273.6659874152
3514100,Prigen,2024,1355790.438,2106036.5051108445,1373325.851246848,13617922169.0,0.981903934781076,-475957.1227505525,-99562.26297499752
3514100,Prigen,2025,1666309.532,1096945.0095412778,1633158.9367822309,35178765066.0,0.9545550256235518,414847.63398376363,-612813.626108248
3514110,Sukorejo,2018,1121594.498,1311901.083706626,1134348.993580653,40875666534.0,0.9475813700332565,-589880.8610661936,28620.95136093571
3514110,Sukorejo,2019,1109063.978,803902.845727685,1103226.8210783561,11096530551.0,0.9852048940870359,-493259.5458547574,-331972.06162642455
3514110,Sukorejo,2020,1241347.486,628724.6979376284,1131007.9066411525,125000000000.0,0.8553101850042836,-358351.5234024606,80685.30540810805
3514110,Sukorejo,2021,1589907.513,1540082.04188119,1574572.3047855282,253000000000.0,0.7449383527439466,-797290.0052636885,560561.0516149171
3514110,Sukorejo,2022,1521172.99,1437722.1408022952,1500037.0369485207,193000000000.0,0.7929000254559198,-1110357.9124756032,25766.54172236263
3514110,Sukorejo,2023,1040854.07,1419082.365394694,1065859.1021369197,40281484526.0,0.9483039532606803,-642473.6979694776,-113185.91834508837
3514110,Sukorejo,2024,1311606.622,1490211.0532208774,1350613.9485604134,159000000000.0,0.8229235120115508,-618485.8404655688,-494921.4614669363
3514110,Sukorejo,2025,1244994.908,547611.7155615304,1194196.6543541749,44704428483.0,0.9429515027655198,278899.6823326327,-336313.5218576584
3514120,Pandaan,2018,1100357.734,1444654.6117675803,1112849.2285145246,21421916531.0,0.9718258341200054,-741356.3054924649,-1211636.9622809708
3514120,Pandaan,2019,1172119.102,1490608.670372991,1180773.9797381498,15894916263.0,0.9789418865861,-603736.2376896566,-756143.6306699303
3514120,Pandaan,2020,1071408.357,1467382.5793922697,1080137.1105015404,12826059002.0,0.982938242294974,-380560.07167943195,-570535.6019595955
3514120,Pandaan,2021,1294205.002,2342082.712439764,1376786.9771405077,48680185821.0,0.9381915237754038,-511351.0489794843,-496790.9531944785
3514120,Pandaan,2022,1083518.864,2834694.2940531224,1226201.0930983953,50475194964.0,0.936058158080055,-784830.1951267823,-1091708.6973703534
3514120,Pandaan,2023,1643962.419,3081351.1073096115,1980569.3907872047,174000000000.0,0.8094021822193258,-570931.1185076506,-1931852.4584377198
3514120,Pandaan,2024,1526732.733,3694548.997898383,1646679.611283892,33328367753.0,0.9568422596873036,-631987.4759159116,-1782980.8806818195
3514120,Pandaan,2025,1727703.711,2172825.3667775136,1788311.5840727645,89690094370.0,0.8917580018648663,463821.34686269215,-2473160.4207723164
3514130,Gempol,2018,1133298.635,1804352.798750971,1141240.2570551634,6814740486.0,0.9908616737877819,-682493.4715147512,-76405.74031295534
3514130,Gempol,2019,1247621.052,1353040.7448061006,1249948.5205671242,12846513089.0,0.982911498375787,-605215.2985149993,-842861.7048755246
3514130,Gempol,2020,1289194.908,1270091.5882973776,1288418.0206758108,24121674666.0,0.9683873524645383,-356951.2067443159,-391859.47394493106
3514130,Gempol,2021,1130593.458,1296166.2456670778,1133022.95085349,8473712908.0,0.9886622725587612,-729971.6115898218,-70480.25105128833
3514130,Gempol,2022,1144396.661,1365540.8665222407,1146155.1913245425,4561093172.0,0.9938651954534756,-826126.8990023906,-283416.7339982216
3514130,Gempol,2023,1339510.703,1208835.7437831194,1332096.947838854,34224663170.0,0.955733002091637,-629794.64121007,-330933.1436638525
3514130,Gempol,2024,1455743.092,1299716.3977199157,1451469.5710318869,16024164947.0,0.9787742881746082,-683777.6591335741,12476.558858423028
3514130,Gempol,2025,1301589.108,475368.79089414934,1299007.2507463358,1783704707.0,0.9975918686937416,525842.2226870852,117903.74094765563
3514140,Beji,2018,967107.7761,1731153.7357128393,982008.9813771298,11318346979.0,0.9849136060092111,-520397.73082177644,-492947.9006894831
3514140,Beji,2019,1132852.845,1385854.1013941623,1135660.0727621969,6384517166.0,0.99143364600731,-450647.9569680144,-996339.2201149653
3514140,Beji,2020,959648.1155,1311714.6804921103,978549.2013081098,32281529760.0,0.9581410935289442,-185661.92326600367,-576232.393232068
3514140,Beji,2021,1177057.138,1298816.068019834,1179913.739888811,13670572729.0,0.9818352413962976,-811899.3645688371,-496139.8410952148
3514140,Beji,2022,1278901.254,1518297.7340984698,1287758.9438327714,21862700619.0,0.9712627731862914,-1109851.322179283,-405042.30523429206
3514140,Beji,2023,1457646.295,1643921.8654531848,1469814.7726785387,39769225661.0,0.9489277951260371,-806105.10866053,-532658.1437838268
3514140,Beji,2024,1057516.374,1837565.3011607744,1069532.4055922385,8902430437.0,0.9880954822433257,-1037026.6149426973,-472087.4373047871
3514140,Beji,2025,1297462.165,629963.6621295955,1237423.2391456664,56239684976.0,0.9292722030876074,194791.87205787515,-1075388.9927234773
3514150,Bangil,2018,1417462.21,752581.2200672724,1386072.7103908102,28194925807.0,0.9632453589270644,-899651.4960528909,111460.7272794628
3514150,Bangil,2019,1393496.68,918776.0474734311,1374704.1031301843,23454024091.0,0.9692354228907962,-741124.604284599,358231.20927541633
3514150,Bangil,2020,1256112.581,1240708.6676377961,1254640.8782532038,60107327439.0,0.9247741018082403,-324347.97269214253,281125.1031968766
3514150,Bangil,2021,1745209.42,1535912.7207268847,1727423.6909739648,52845177843.0,0.9332562540559791,-778262.5742623606,-4362.973966725403
3514150,Bangil,2022,1216023.871,1684951.9852453931,1232630.2026366035,20890726965.0,0.9725052477163808,-982268.7466471487,44705.403978902614
3514150,Bangil,2023,1608412.467,1463243.0913288062,1604622.5307612384,15253622605.0,0.9797743098498245,-791979.2100933923,-633344.9908847236
3514150,Bangil,2024,1761409.01,1656024.4860727112,1752796.5957014922,50640974404.0,0.9358616187632147,-763228.5249104842,-149053.84612712474
3514150,Bangil,2025,1174399.241,219548.94506090478,1140299.2433200388,21073653270.0,0.972271170131251,202994.11182690677,-53923.64205053006
3514160,Rembang,2018,1053421.933,1639341.1555399501,1095723.9703695732,44278760597.0,0.9434639980582039,-818555.3171327943,-728537.0727242511
3514160,Rembang,2019,748110.8458,909203.8093411468,749365.5515390807,4466717604.0,0.9939913706469605,-813698.8943314188,-986246.9182381679
3514160,Rembang,2020,756167.1214,509380.93124364584,749904.3203063618,14816262136.0,0.9803428326117178,-656596.2276049601,-634768.4447903289
3514160,Rembang,2021,880663.0607,1630871.0351317353,902718.4749119523,17235353155.0,0.9772065091779554,-843210.1829418435,-100676.26044114889
3514160,Rembang,2022,756130.4442,1616964.2318617436,768598.2988425575,8362494761.0,0.988809415866561,-1096698.0512862012,-976941.5240987162
3514160,Rembang,2023,736841.378,1462636.5852478403,744588.3901571593,6139146421.0,0.9917601566910698,-754647.1758196545,-1270285.1659990167
3514160,Rembang,2024,728135.6556,1734735.0770681815,737116.7998306206,5122649275.0,0.9931150862093757,-723439.8927806804,-1178946.1636557712
3514160,Rembang,2025,999112.1016,176317.0398338947,984847.43094142,10039053052.0,0.9865959395504978,409558.93257141614,-1389700.7980811098
3514170,Kraton,2018,569984.607,1727853.3029012156,578467.0298748452,4199342163.0,0.9943490116292787,-705654.3788318943,-1113144.7047814473
3514170,Kraton,2019,852408.8037,1747900.4673959126,856114.0851132257,2364219040.0,0.9968106316756429,-489025.4283784539,-1533152.6595868976
3514170,Kraton,2020,1142262.888,1969450.1360968451,1156519.303067725,9978932483.0,0.9866751424166181,-287629.55548248615,-1293948.1449885871
3514170,Kraton,2021,764498.7825,1800578.0035859502,775182.0156961753,5928412899.0,0.9920407479245463,-751023.0526939831,-1090017.8654891846
3514170,Kraton,2022,868356.6399,1887632.971121171,901512.3691754579,19131803062.0,0.9747617813026052,-911940.6087113061,-1372444.753638792
3514170,Kraton,2023,807090.0187,1885291.7389195613,820505.3701891328,7169137701.0,0.9903910061660428,-600092.6140298436,-1410015.8013054589
3514170,Kraton,2024,921972.1878,2039778.4407294127,930353.8269562448,4298911572.0,0.9942157976688274,-598426.9665967447,-1450447.059147953
3514170,Kraton,2025,1436633.405,654287.2407403971,1288415.298316296,133000000000.0,0.8474625561742897,510400.613230408,-1475090.2215316752
3514180,Pohjentrek,2018,805476.1977,438060.8137085964,802280.0706839788,4993309377.0,0.9932877540585449,-877623.0452225372,-516709.98519308923
3514180,Pohjentrek,2019,752742.3955,786843.5035926948,752765.0784438936,378745298.8,0.999487694513334,-629998.9908342683,-176906.649451465
3514180,Pohjentrek,2020,1364204.214,1104708.211524834,1328541.8724949812,90659183949.0,0.8907162731631363,-370976.58672444726,-420297.5733536059
3514180,Pohjentrek,2021,733890.0649,1390403.7531391617,734358.2096833307,406044420.9,0.9994507889488515,-648877.6852204434,-32218.91262167669
3514180,Pohjentrek,2022,868001.9993,1235772.385527005,869321.1809300428,2048404826.0,0.9972354921851662,-766417.1895402605,-950369.3360459883
3514180,Pohjentrek,2023,716409.238,1207918.5814645225,717781.3120289594,1592895062.0,0.9978489214832125,-617676.2838396856,-820109.1920192919
3514180,Pohjentrek,2024,995529.0255,1103892.5845220506,995536.7633502877,40634547.13,0.9999450109968793,-896548.3416248184,-925095.1268802733
3514180,Pohjentrek,2025,871197.6861,1053705.5838227964,885898.4845351966,49849171157.0,0.9368010837612093,505234.51378317416,-640117.1553529601
3514190,Gondang Wetan,2018,910777.9015,1511683.778795802,912967.9808447799,2081452385.0,0.9971910167940745,-506842.0470785745,-1290046.6691224137
3514190,Gondang Wetan,2019,876072.464,1436820.6496242797,888116.0190393844,12489453213.0,0.9833785668004169,-274433.19753437885,-1019644.1399891082
3514190,Gondang Wetan,2020,958717.8829,1352670.3238503793,965687.3853091885,10247957212.0,0.9863208279389261,-246954.75518969764,-881228.7013060706
3514190,Gondang Wetan,2021,1083335.145,3064408.255223426,1083340.2369259982,1462547.721,0.9999980206914962,-421173.28795422765,-663485.2385944024
3514190,Gondang Wetan,2022,941898.6245,2744566.4547526715,942965.1871547159,336864342.8,0.9995443184941002,-573485.5510909695,-2097378.816583561
3514190,Gondang Wetan,2023,992296.0551,2475893.027515893,993272.1619921856,374623157.9,0.9994932674545457,-394854.6870133821,-2201699.168762662
3514190,Gondang Wetan,2024,993785.6797,2504181.09151029,993941.3911362387,58668093.7,0.9999206089033228,-325156.0048240692,-1941336.5598297887
3514190,Gondang Wetan,2025,1674805.629,1128170.9002771403,1613795.8929744638,71486735528.0,0.9117887457237,460822.81641327206,-1891295.230141944
3514200,Rejoso,2018,791660.4963,848667.3348479462,791660.4963,4.43e-22,1.0,-702556.9140330364,-134263.10484429973
3514200,Rejoso,2019,664657.4683,848584.1320511905,668198.4874831248,11170012417.0,0.9851083790337922,-489626.9764960004,-390997.31567568844
3514200,Rejoso,2020,939226.3108,950020.4830180095,939251.0167661973,1305374162.0,0.998236510950393,-259596.25737530884,-493472.2371788138
3514200,Rejoso,2021,1352918.404,1472926.1713229874,1378479.5257863852,154000000000.0,0.8275315744297764,-875258.6297239608,-229775.64359908144
3514200,Rejoso,2022,1150965.652,1266931.292638644,1170462.2359170627,115000000000.0,0.8653264994940989,-1125706.2090593898,-433162.4153019863
3514200,Rejoso,2023,1830080.86,1136885.9997922655,1458873.927073799,656000000000.0,0.5297211443920659,-1042941.0180455148,-511757.0337045754
3514200,Rejoso,2024,1966706.937,1209280.3093150435,1452912.8159830894,1200000000000.0,0.3810978184819871,-1029264.6827325835,247684.47928798734
3514200,Rejoso,2025,1087082.753,1135450.6362879905,1090181.915459428,38955920336.0,0.9499199468596325,738315.858685453,480019.4593511149
3514210,Winongan,2018,818300.69,1084504.3999761124,821740.6857940655,7449375539.0,0.9900191445441163,-392332.67778702016,-395343.344819399
3514210,Winongan,2019,1080343.513,1029098.6628929025,1078801.3351663342,17655583138.0,0.97666373053416,-267208.1967704179,-551436.218851924
3514210,Winongan,2020,1075643.718,1247415.606945071,1079554.4601350583,13256727943.0,0.9823754455357125,-166558.57653663852,-246733.97988850274
3514210,Winongan,2021,1006428.115,1283930.9065747361,1010057.6172583533,7540927095.0,0.9898977207073165,-448735.4042919698,-325421.94666811684
3514210,Winongan,2022,706330.9136,1230521.0052504153,720448.405250208,15748996763.0,0.979131171248891,-722801.42324832,-515401.26407459844
3514210,Winongan,2023,1040365.73,851277.1835849519,1032810.5767395367,23681766912.0,0.9689459700345914,-718632.4183707533,-821190.4727566646
3514210,Winongan,2024,885675.0786,1110306.3766086213,887951.5231753201,5825561837.0,0.992177751556519,-378769.5876011729,-269036.45075377054
3514210,Winongan,2025,785723.3799,807962.2263412162,785967.7849820344,6323021309.0,0.991515457309484,408111.57125351985,-455680.7156214147
3514220,Grati,2018,635418.7843,751772.8473641291,635917.9754314055,2451771027.0,0.996692913277628,-761467.5392694592,-282264.54621233
3514220,Grati,2019,817909.2662,779325.0887647371,817471.7398471293,6526421946.0,0.9912449138280305,-524295.7521234443,-420977.38448833895
3514220,Grati,2020,937572.8247,957710.4580759441,938100.7579763333,15319177002.0,0.9796891528251658,-326168.6157003412,-250277.13717611856
3514220,Grati,2021,1233549.549,1675438.3952517686,1274662.1464958615,58371424151.0,0.9267875742590475,-529041.6842971408,-175637.7133511491
3514220,Grati,2022,1127422.029,1575063.103074663,1171760.91239327,62557807568.0,0.9219466387849475,-747007.7258058506,-573008.2547594579
3514220,Grati,2023,1210700.218,1346351.882660654,1213791.4930443726,13269398139.0,0.9823588979240689,-494738.7850828343,-651990.1729011037
3514220,Grati,2024,1128026.809,1358401.1696360237,1129776.723682943,4355334928.0,0.9941403246766135,-635916.064811426,-383754.3436992401
3514220,Grati,2025,1178596.964,487493.54295711644,1154387.300348537,20656629148.0,0.9728049702553527,-55886.26190827222,-454813.47460249905
3514230,Lekok,2018,743037.7284,1496480.2790741746,752938.3755402933,7576794050.0,0.9898501588731855,-1572426.4312389705,-841362.3825183283
3514230,Lekok,2019,804706.2219,901932.3696948631,804787.3915925341,475445668.5,0.9993569779744831,-1362445.9794572024,-1391634.7509210557
3514230,Lekok,2020,745930.9126,774453.9907122882,746524.2884064257,12089013908.0,0.9839029080035198,-774914.3551463286,-804303.4471868908
3514230,Lekok,2021,867852.4924,2027766.6708036729,885113.4601783368,8595636603.0,0.988501015957421,-519829.69741301006,-380302.5451412691
3514230,Lekok,2022,1182459.368,1744189.4783583467,1203083.3036945073,21687845217.0,0.9714860567081893,-727695.9274262731,-1265239.1080828733
3514230,Lekok,2023,1311919.841,1507221.12584814,1313829.5609726773,5619006203.0,0.9924530100873319,-630373.9892144005,-860732.9905941805
3514230,Lekok,2024,803643.5324,1462457.8583552567,809423.0196473197,5035937224.0,0.99323083955131,-799652.723648793,-507855.38448007894
3514230,Lekok,2025,988188.0139,1365880.8360282732,1001263.3299927041,20405255141.0,0.9731270177937938,-271462.83296998986,-947321.9986570162
3514240,Nguling,2018,584599.6196,930991.2680452758,584662.702004008,103644740.8,0.9998597539423036,118190.00994216702,-144220.61524591714
3514240,Nguling,2019,920056.3102,705044.1887030491,917558.6811009168,6687545387.0,0.9910307080819575,99877.80303805889,-438558.24573864427
3514240,Nguling,2020,702630.3364,809973.5063582244,704760.6702359247,11521427376.0,0.9846470729772361,125968.7151622732,32002.939654037822
3514240,Nguling,2021,1006213.254,1334660.2300917977,1011201.0526462615,8774386977.0,0.988264695311605,272318.63166027743,-131510.68430850154
3514240,Nguling,2022,920861.5071,1291226.9695972828,931209.2906623199,16355011643.0,0.9783455364038294,-38345.309570475394,-288408.86340732966
3514240,Nguling,2023,882285.1353,1079980.3071982872,895502.6191513203,40769209454.0,0.9477107512334846,293715.7402072988,-367965.26135253697
3514240,Nguling,2024,1036524.447,1123470.9658036267,1037896.490260139,9123277977.0,0.9878037620718065,355721.15599833766,-231731.87403151463
3514240,Nguling,2025,978207.1997,844345.5472829617,952846.6603566745,133000000000.0,0.8474625561742897,543088.2454138227,-45847.038412401336
3515010,Tarik,2018,1095011.811,1682766.7748761482,1112468.4751091867,17417528415.0,0.9769711333906627,19950.205281687868,-453019.23104101757
3515010,Tarik,2019,959891.4975,1421431.324187295,962105.9785483769,2743335392.0,0.9963010895574507,-47942.08307855838,-744926.6518091832
3515010,Tarik,2020,788692.8282,1245108.6170198263,789167.7822563102,592748495.1,0.9991984575647531,-74774.35342519163,-673346.3386533386
3515010,Tarik,2021,1069179.094,1393962.2374826479,1076645.46500264,13388868830.0,0.9822028934431818,144054.52285710291,-637878.8027259697
3515010,Tarik,2022,1050544.322,1590905.1334795905,1058286.8691335432,8271707178.0,0.9889295616991958,-28998.78318342966,-406545.1777454135
3515010,Tarik,2023,1474242.761,1782439.400027629,1474979.3358112327,1363187197.0,0.9981585525254051,177979.5688542329,-569427.2081678265
3515010,Tarik,2024,1698755.502,1998529.9834651025,1731353.4040159453,69425435628.0,0.9141138369490733,288602.0923204599,-341225.2745512822
3515010,Tarik,2025,1147043.324,1340466.5680217315,1147146.1298984636,302599085.5,0.9995906506535626,374858.2300614099,-219840.50545148854
3515020,Prambon,2018,977918.3511,1512143.171654748,982997.5994717528,5461999206.0,0.9926623416963382,-493104.23789587454,-167464.42093057404
3515020,Prambon,2019,1051542.547,1181085.437329554,1057787.6528692427,28821188194.0,0.9624596167331552,-451912.5237547505,-785727.1495784376
3515020,Prambon,2020,1058864.086,1186133.6480595355,1062247.7124305835,15541314625.0,0.9794006997756992,-309527.0462063784,-478546.114114281
3515020,Prambon,2021,1423821.957,1267073.9296030586,1421206.0054790576,9657484343.0,0.9870988342058861,-308573.1417387722,-340571.2332948195
3515020,Prambon,2022,1218336.433,1567792.861911681,1221143.166212216,4607206300.0,0.9938035562644507,-359937.03228452645,-11275.27049133461
3515020,Prambon,2023,1425738.437,1539513.5324733276,1429795.943187402,21043127328.0,0.9723102241418822,-125599.36015435145,-396951.1330149935
3515020,Prambon,2024,2057949.903,1486365.4764204924,2010742.0410968643,51226939021.0,0.9351675911003038,-201173.24491577374,-204913.78686334356
3515020,Prambon,2025,1419567.383,1285964.5674493643,1416504.4582442965,13351204005.0,0.982252070713744,310241.8525023723,490917.7821565508
3515030,Krembung,2018,1170564.016,1820588.5034728574,1191002.5457467707,18472342293.0,0.9756105087200969,-346692.01892189943,-265107.00889441045
3515030,Krembung,2019,1079509.838,1626654.3134067352,1079510.8459830838,1048285.007,0.9999985813245188,-164486.26510915664,-890274.4142371349
3515030,Krembung,2020,1405335.227,1627487.9115597233,1409714.6370179271,11442959874.0,0.9847500406112052,-108920.31776055897,-823096.5884204577
3515030,Krembung,2021,1168768.521,1241326.1239811217,1171959.563885167,26176394760.0,0.9657866702445943,37656.84976672084,-407347.98596893763
3515030,Krembung,2022,1157304.195,1520568.635133137,1173832.0252471059,27123360357.0,0.9645927818765416,-202435.67282831346,-184164.78081751126
3515030,Krembung,2023,1510994.074,1343523.107675806,1465379.7332877622,213000000000.0,0.7762410105821748,-97685.8125086926,-426782.2471781543
3515030,Krembung,2024,1370668.746,1624673.797324306,1387311.4235095307,39896855717.0,0.94877228723803,57654.510718529884,29830.936252266867
3515030,Krembung,2025,1482436.22,797504.1030625743,1478675.1994531485,3141787760.0,0.9957661204939703,335433.70888315106,-213077.42410514667
3515040,Porong,2018,1216883.422,1542279.1738126397,1232986.0745214317,29624739485.0,0.9614533140633724,88528.67591628592,-74041.49937249563
3515040,Porong,2019,1059433.506,1598178.6684437373,1065833.5420483137,6840951110.0,0.9908268486806018,428442.9057874411,-431689.013677876
3515040,Porong,2020,1373776.005,1522416.5748933628,1374901.8983525706,4342995433.0,0.9941568292491765,526838.0308246933,-576328.8662662455
3515040,Porong,2021,1362920.168,1650581.6256487893,1366848.2147133544,7877592544.0,0.9894514610050212,667937.6481430888,-142580.39846904296
3515040,Porong,2022,892474.7402,1772316.8750240346,897732.3954865832,3420721297.0,0.995391961220478,493329.20290271787,-149009.39953014767
3515040,Porong,2023,1637204.843,1585716.474186638,1636672.9859902975,5939126088.0,0.9920264795057756,709206.5526645804,-743844.1956158673
3515040,Porong,2024,1769724.296,1763686.9346699559,1768498.2551527645,145000000000.0,0.8359574601634299,664942.1194336243,86139.27846669336
3515040,Porong,2025,1718142.841,1060661.4745262698,1717345.777631381,690658822.6,0.9990661822445438,1474569.4193496625,212738.08173000813
3515050,Jabon,2018,1467397.513,930277.3428033035,1447776.2064102988,21574754987.0,0.9716305231955512,75406.45072713633,1211612.9496102545
3515050,Jabon,2019,2441388.701,808682.9440854858,2441388.701,4.67e-20,1.0,348355.7017786586,607018.2297826433
3515050,Jabon,2020,2213983.969,886395.0095934507,2003853.9893335884,107000000000.0,0.8735100582609242,411886.6948102136,1671436.3587126022
3515050,Jabon,2021,1842188.439,1079092.7046108064,1815159.4361627488,20894894550.0,0.9724999135040889,452348.309332546,1624928.5685638608
3515050,Jabon,2022,1324089.61,1011396.6552070042,1318143.002096194,11031060168.0,0.9852909023584975,204293.4917587765,1077799.157781883
3515050,Jabon,2023,1861018.12,888878.088563952,1748864.223127625,74207921548.0,0.9087373737506732,480941.4174719311,498594.1981767125
3515050,Jabon,2024,1918580.491,992336.9025226234,1847270.928172509,47461615970.0,0.9396453423186606,372463.17006812815,1082986.788265545
3515050,Jabon,2025,1901884.742,369449.45144370524,1852581.543383428,18915708487.0,0.9750397327726589,1085526.8040560156,1144038.7159512998
3515060,Tanggulangin,2018,1156559.524,1525532.4971023162,1171730.0365772708,24398703813.0,0.9680358969674503,-652887.2050995223,-180514.9971755281
3515060,Tanggulangin,2019,1244130.239,1151937.012315852,1243436.7345826305,4312775035.0,0.9941972525657895,-380440.27676519926,-684575.4164369369
3515060,Tanggulangin,2020,1113008.202,832886.7362776883,1110968.554579574,4173590690.0,0.9943834703478784,-75604.30753364424,-208092.9441971674
3515060,Tanggulangin,2021,1136729.492,1656842.8450367046,1147108.7902786639,11586484701.0,0.9845617189441429,-60724.8792276126,189835.0802956496
3515060,Tanggulangin,2022,807857.4,1533011.3953154876,830302.2299533486,18174733457.0,0.9759940161220971,-446317.5840807409,-452144.7356613951
3515060,Tanggulangin,2023,1239900.461,1480332.3113733402,1247486.5504125329,18538601551.0,0.9755251661298435,-83674.53249611527,-847725.7600650889
3515060,Tanggulangin,2024,1251481.621,1620673.82603744,1262980.8590532471,18293045416.0,0.975841519790162,12886.932149457196,-376343.6588121769
3515060,Tanggulangin,2025,1709404.236,595222.5977969622,1687248.0677817522,11544874999.0,0.9846163084145184,649743.0255507912,-352024.2177199912
3515070,Candi,2018,1505934.78,824806.615563917,1482561.0913596181,20220448839.0,0.9733639182271911,-41444.56930115132,1388370.1672484635
3515070,Candi,2019,1655630.278,869349.1901331206,1615131.7839959168,30899679844.0,0.9598609927154975,344854.7560509551,937811.9541723661
3515070,Candi,2020,1719644.615,863890.5669851245,1667308.0270693954,37067345734.0,0.9522318421318231,527037.975240773,1102598.5139051373
3515070,Candi,2021,2042239.246,1512382.4885333916,1943699.2871852322,130000000000.0,0.8503884829135934,586269.3719379667,1310417.4287367864
3515070,Candi,2022,2238005.16,1477305.6464690343,2055198.3509615557,180000000000.0,0.8041172514138337,79386.31060688727,1076532.761530303
3515070,Candi,2023,2607110.842,1855636.9222769071,2414581.3208649056,196000000000.0,0.7903557355174777,651064.1285420955,1151722.9729376035
3515070,Candi,2024,2648334.175,1896112.555676695,2504091.1803881912,135000000000.0,0.8455230985480023,563475.4671649791,1311792.2003496506
3515070,Candi,2025,2654206.879,515231.2466566311,2385454.962283716,81768373575.0,0.9003657553276062,1154499.4699033033,1335027.334428633
3515080,Tulangan,2018,1206592.397,1841000.6061545955,1209792.260493636,2884603116.0,0.996111355301258,340332.68122452195,126390.38768286875
3515080,Tulangan,2019,1468711.536,1465964.007163733,1468398.193335656,73247547812.0,0.9098119434809725,509222.42839913093,-538356.9906353545
3515080,Tulangan,2020,1247344.021,1326536.438918987,1248037.1434087,5024253337.0,0.9932464386269914,435958.214725044,44743.92523088446
3515080,Tulangan,2021,1826215.966,1516720.1254157668,1788200.9539526743,79678897366.0,0.9026639499394951,226781.14694141143,95280.44318604213
3515080,Tulangan,2022,1480217.736,1748766.3524428,1503986.3449013645,55252911767.0,0.9304268437100772,96085.35947433682,442362.7695328579
3515080,Tulangan,2023,1473358.456,1654055.4001573254,1477238.9238746036,12487879803.0,0.9833806259533222,346009.15643446095,-28628.00907265162
3515080,Tulangan,2024,1728021.288,1630272.98283057,1722090.6223451274,36754004699.0,0.9526165068736758,114537.28875683759,-6298.184471379267
3515080,Tulangan,2025,1584611.199,1186289.772008106,1571945.83115856,18687232866.0,0.9753337818028653,667879.1157607404,230886.5066009208
3515090,Wonoayu,2018,1097649.675,1891655.3149620735,1111728.3879388548,10271559547.0,0.9862897550236394,255441.75306572003,-249543.13202807977
3515090,Wonoayu,2019,1346329.44,1826634.7835552217,1368069.4666720764,26976538190.0,0.9647776947708516,413203.9077584098,-776274.003435089
3515090,Wonoayu,2020,1267505.798,1976702.58218456,1273299.3445160969,4686703555.0,0.9936973106289413,692431.0151333502,-512498.94832448056
3515090,Wonoayu,2021,1589041.402,1630001.911683557,1591313.6585578886,33419934458.0,0.9567288184133181,603525.9318134405,-571787.7846380002
3515090,Wonoayu,2022,1227229.437,1816799.5668920884,1240653.0596428213,13257576768.0,0.982374336930352,346884.57752732746,54861.76999878301
3515090,Wonoayu,2023,1396654.213,1835411.0431890464,1402396.0309558513,7545253142.0,0.9898919838550025,514034.1510953206,-395748.06393516064
3515090,Wonoayu,2024,1776175.835,1911617.4134306286,1787774.0525134667,53290018213.0,0.9327322117098978,810699.5093080584,-315326.52328862925
3515090,Wonoayu,2025,1591216.93,1768651.4482644605,1598829.7207841056,25508092855.0,0.966631013299901,1556002.5548583383,98216.27084943885
3515100,Sukodono,2018,1455022.053,1124693.554671047,1425881.9465339421,55052906646.0,0.9306612230198748,248370.18012429262,838806.6352579476
3515100,Sukodono,2019,1577700.565,1252735.0349216764,1551130.6971566791,50666888854.0,0.9358309034237337,500970.8010479337,651295.3816774944
3515100,Sukodono,2020,1457087.022,1464880.8818084202,1457788.1220602416,56246059779.0,0.9292647531354413,642167.9917530922,674479.0691065914
3515100,Sukodono,2021,1858578.781,1624859.4306472298,1833427.03242064,68619679406.0,0.915025935276205,577145.3074221712,428968.9215960577
3515100,Sukodono,2022,1737524.488,1693609.7458036032,1733993.2948722106,49755871298.0,0.9369119071522983,368862.15616241837,670155.192010077
3515100,Sukodono,2023,3008404.526,1767612.452195826,2449759.0506984647,466000000000.0,0.6132513893649282,583352.2910352313,482143.5902033525
3515100,Sukodono,2024,2266054.592,2015941.079354681,2212238.5306103895,156000000000.0,0.825682170482186,577796.0793711889,1660572.9120107922
3515100,Sukodono,2025,1875337.128,1416567.7739570949,1816562.861320849,83610324831.0,0.8983494943998128,1424023.2729626056,910280.6850222752
3515110,Sidoarjo,2018,1767233.481,2735982.596782256,1804629.0153106926,22847174718.0,0.9700075514308862,327848.3279661062,-163993.53093254764
3515110,Sidoarjo,2019,1660530.417,2460898.576220803,1743991.5699738672,66244359329.0,0.9177253684769036,350584.5427071966,-822304.1086291599
3515110,Sidoarjo,2020,2382558.61,2237399.802163635,2344389.5896262876,203000000000.0,0.7844820865873946,374449.39038389316,-700128.1780900802
3515110,Sidoarjo,2021,1751088.757,2528007.4953273847,1772311.7302428323,15980361043.0,0.9788310828245806,294153.03162448126,367692.2043922362
3515110,Sidoarjo,2022,1595735.638,2350534.570171171,1664248.5244360466,56806030831.0,0.9286108053419044,219616.08159771032,-409245.16845973977
3515110,Sidoarjo,2023,2208507.915,2491379.4312568344,2272987.074499692,168000000000.0,0.8147570413261604,331961.55432887934,-525840.4317768414
3515110,Sidoarjo,2024,1960165.941,2532897.7482502568,1984961.95290191,25750135123.0,0.9663250428549953,399806.5570386149,-56151.51818210725
3515110,Sidoarjo,2025,2031238.451,1433777.4905091964,1913266.3731307467,140000000000.0,0.8407130707634936,890427.0610998059,-225436.9840602246
3515120,Buduran,2018,1796308.959,1341528.4284805702,1781883.7514068736,18640011262.0,0.9753945783120448,-105455.84127536623,864260.6958838125
3515120,Buduran,2019,1628382.348,1219441.1040698895,1516618.3408224648,214000000000.0,0.7754264160693692,65084.86088915466,494315.86907598097
3515120,Buduran,2020,2062342.393,1144597.6492744389,1992644.289570602,46765821924.0,0.9404774842008128,283416.43344694417,450897.86728742183
3515120,Buduran,2021,1934764.314,1502417.0876880977,1872239.969573706,96201693491.0,0.8848047744624437,365200.6077488131,1077131.5349800182
3515120,Buduran,2022,1531852.337,1430161.251307653,1524732.4107621752,42839474004.0,0.9452010031477844,325450.94417779776,754378.070463165
3515120,Buduran,2023,1904812.793,1430451.7787519787,1839467.2018776364,90908387674.0,0.890448783400028,245145.10698178073,374096.5359075519
3515120,Buduran,2024,2755463.687,1282985.5543253622,2381081.826531973,194000000000.0,0.7920501106489093,297578.932560887,618541.1426773029
3515120,Buduran,2025,1959248.602,1125086.392103644,1934026.2268331845,17741776676.0,0.9765524755035305,969778.3895426751,1665274.016598356
3515130,Sedati,2018,1712642.023,156031.42452981527,1625595.1694987924,33704818831.0,0.9563760493602848,-176931.1749977299,1986407.500944194
3515130,Sedati,2019,2008110.801,59791.97291820432,1855965.7466136236,48198867932.0,0.9387652237172083,-132715.81125735858,1643715.5733017123
3515130,Sedati,2020,1554242.453,179774.14295874297,1443332.449897382,49946237640.0,0.9366858141239842,231884.89557225385,1986339.57420963
3515130,Sedati,2021,1728307.259,-361285.283892998,1665349.0833232766,17676817616.0,0.97663631960072,184228.0928964275,1645337.843726776
3515130,Sedati,2022,2381105.965,14568.829035866656,1593203.295854473,284000000000.0,0.7223626329979046,-161838.51304339303,2260879.7919821404
3515130,Sedati,2023,1786260.919,494878.0805278653,1681349.9518076414,50314225676.0,0.9362490737437106,398755.05833681044,2605011.7298827143
3515130,Sedati,2024,1953849.764,581432.096079139,1896219.0158506536,24941710365.0,0.9673477464178529,532214.4140279707,1727799.8420494632
3515130,Sedati,2025,1876699.19,143548.17136684374,1807230.3414220465,23760035621.0,0.9688465332607401,1069185.7085588383,1716810.1566238608
3515140,Waru,2018,1848982.114,249702.0092017044,1576226.454661311,117000000000.0,0.8633045126988347,-158594.11726373454,935015.3269846016
3515140,Waru,2019,1550292.208,859059.3522497348,1524117.4178045231,22394996220.0,0.9705836838491383,94964.90527222792,1957927.9761853823
3515140,Waru,2020,1726286.624,817854.5971737267,1683839.6357235974,27890984317.0,0.963627162731416,-33933.76650090933,1318155.3112512466
3515140,Waru,2021,2103434.478,2119429.71568863,2105484.3894963814,83643805379.0,0.8983129290409092,-55689.95217662107,1382129.596230775
3515140,Waru,2022,2462167.063,1956279.1486109365,2393341.653310023,89605074238.0,0.891849511046859,-338191.1061502469,553604.4676969007
3515140,Waru,2023,2213019.829,2701789.4443819453,2259590.188357038,59926502352.0,0.924983432351406,-211155.6710597504,854400.9162492715
3515140,Waru,2024,2089619.388,2509558.436936324,2151827.004756163,98949547179.0,0.881902983134955,-105092.0081464051,-40871.15763889626
3515140,Waru,2025,2289895.021,1213155.607700413,2057052.7528650712,157000000000.0,0.8247605648953626,577815.03965201,-102824.49831069796
3515150,Gedangan,2018,2431519.528,961758.6641685618,1772919.6207024546,462000000000.0,0.6152939996610742,-1119520.5209783989,895529.9034031397
3515150,Gedangan,2019,1981593.892,996803.627875101,1902545.4625526469,49661080805.0,0.9370245280032407,-779676.7190123829,1393296.475208137
3515150,Gedangan,2020,2606643.456,1225351.1133447827,2222765.997629256,219000000000.0,0.7713789549366871,-615696.8894259401,1073160.5311020263
3515150,Gedangan,2021,2217173.213,1848524.6669549877,2174584.0663490733,74324083582.0,0.9086075711919048,-677765.7526177212,1533391.5422935528
3515150,Gedangan,2022,2342052.304,1905682.4803256611,2272441.4245783417,108000000000.0,0.8724786584975415,-752503.5925409338,635886.1645866316
3515150,Gedangan,2023,2216630.607,1977929.3671746792,2149422.2125953846,223000000000.0,0.7681712814908048,-599723.0152533448,583588.2282526756
3515150,Gedangan,2024,2102768.747,2007406.631199407,2090581.021621026,83379710371.0,0.8986014379684624,-820786.9371211424,381984.48160480056
3515150,Gedangan,2025,1927692.827,877938.3498079107,1849602.1150083966,45731002713.0,0.9417178162819557,616670.0568897421,151579.32670660596
3515160,Taman,2018,1468773.722,3447711.569555562,1594311.865893643,38541974787.0,0.9504257164434398,152955.63308773,-674393.5993061671
3515160,Taman,2019,1558470.186,2727591.658063493,1568251.5032807265,4800802249.0,0.9935448609290082,6739.8715851435845,-1800566.0565679194
3515160,Taman,2020,1329573.596,2576554.344701875,1349035.1564203568,9021457723.0,0.9879382362661226,346899.2089208327,-1226328.834265672
3515160,Taman,2021,1539135.094,2224888.95098916,1544997.5271400698,4906430921.0,0.9934037698971885,213921.03828580704,-1031425.0861391271
3515160,Taman,2022,1703387.202,2339767.0816297904,1746598.7944132457,41452401489.0,0.9468810564974807,-6764.454498196661,-525538.448717281
3515160,Taman,2023,1943783.894,3200401.7198785436,2100546.0626054807,81102252956.0,0.9010971432140641,36174.930645714514,-378032.7302523651
3515160,Taman,2024,1766057.632,3191468.5120388204,1823748.090260617,24001258046.0,0.9685401996680144,-87443.15533581469,-904292.4166463285
3515160,Taman,2025,2664456.58,1522890.8252100546,2411476.206398711,162000000000.0,0.820183225876734,944868.7363947923,-1158009.6696414289
3515170,Krian,2018,1697810.542,3018516.8691810025,1773894.2197508533,34784130080.0,0.955041907138793,-318069.0902287691,-594517.8865264815
3515170,Krian,2019,1290217.92,2227811.2152705127,1308881.374260255,11556784654.0,0.9846006830325292,-264601.13179193274,-1411310.2405590755
3515170,Krian,2020,1254680.096,1719482.7428146258,1259145.1243473203,5519186922.0,0.992586085210849,22261.66082133926,-1155723.357668154
3515170,Krian,2021,1611746.688,2101706.6302339225,1623534.2982538594,14027125206.0,0.9813702988509347,-354743.7910134047,-514342.8916503652
3515170,Krian,2022,2059381.216,2399973.3566464796,2063337.5285142378,6687404648.0,0.9910308951471869,-486223.6405573487,-483271.6570583917
3515170,Krian,2023,2010167.209,3046728.2903199224,2032572.2922428485,12570980341.0,0.983271882427976,-161139.92978696426,-293607.0485434821
3515170,Krian,2024,2016441.721,3174737.8601851882,2023516.5207970657,3496895647.0,0.9952898304149211,-200874.00443218596,-840971.8019300352
3515170,Krian,2025,2255819.253,1511802.4860420823,2195589.730340738,50120543899.0,0.9364788909067444,491664.6397543711,-1037536.1832408002
3515180,Balong Bendo,2018,684925.8929,787674.6958741809,685352.6087146659,2372994313.0,0.9967988315909967,-246708.1886489184,36383.97510516197
3515180,Balong Bendo,2019,966651.9843,693276.7508688349,966651.9843,3.34e-23,1.0,-202442.9329610998,-301677.9239432345
3515180,Balong Bendo,2020,1048250.332,673381.6354416586,1046523.3949829437,2633479807.0,0.9964486846743427,-84712.66738939867,61974.76221873937
3515180,Balong Bendo,2021,1122330.243,688901.9807548957,1116920.1031173202,7192397571.0,0.9903601308491173,-203864.03176918215,293035.0529784752
3515180,Balong Bendo,2022,966634.3225,866992.2796016302,965901.1575569058,4217875578.0,0.9943242130604945,-500648.14027423505,351838.8512791741
3515180,Balong Bendo,2023,1564466.288,1111109.3032003453,1550126.8787204665,18585604991.0,0.9754646342788555,-341477.3516411483,10063.416239703307
3515180,Balong Bendo,2024,1067899.356,1329692.5504981116,1070324.7075910997,5320910131.0,0.9928505258748616,-279590.66781978775,322011.2292559112
3515180,Balong Bendo,2025,935378.4742,1198075.0478921672,937987.8075761516,5708708557.0,0.9923334528887311,319856.7156252492,-295908.40671849693
3516010,Jatirejo,2018,816814.8814,1077224.4151047016,816839.9211028407,54719409.4,0.9999259519636455,-184240.4846023454,-749007.5728601443
3516010,Jatirejo,2019,721582.4185,1228771.6006243955,725673.5477875612,4627196223.0,0.9937768382092393,-8717.149978061105,-515994.7702276156
3516010,Jatirejo,2020,761127.3544,1421251.0259990771,765463.5340485809,3762456494.0,0.994933943382251,160819.11309787905,-618176.3925025427
3516010,Jatirejo,2021,877994.3956,1707188.0295155917,883437.8735386798,3760177153.0,0.9949369969209987,51740.22091346452,-692976.0939185322
3516010,Jatirejo,2022,789789.1184,1844887.424359291,797661.030591499,4277273397.0,0.9942447443579604,-245109.99745869555,-851964.6541059212
3516010,Jatirejo,2023,750288.1014,1680129.3271419867,754750.0684936214,2743683118.0,0.996300622443889,-161613.75463951775,-1145318.613427769
3516010,Jatirejo,2024,1088602.34,1875530.2954837736,1118062.499892133,22130859215.0,0.9709205444592395,-201654.64198710668,-1115099.2218618346
3516010,Jatirejo,2025,997004.3111,1168603.8812207046,997019.9241059244,51777037.03,0.9999299333960607,445525.2982451222,-941807.0718116646
3516020,Gondang,2018,1377162.789,809972.5858380657,1376100.156056031,1068061645.0,0.9985566444383823,-525936.3467934075,246737.4377996155
3516020,Gondang,2019,1406377.433,1111521.3161394887,1402011.590161007,8551924355.0,0.9885588238428258,-187210.32772615567,388926.8445803337
3516020,Gondang,2020,1865804.555,1405246.281287536,1864817.0073931224,1222736940.0,0.998347964884074,-42619.70923253507,238754.5108175201
3516020,Gondang,2021,1417143.929,1253391.3849243629,1415972.9693208772,4098245194.0,0.9944843058420779,-167310.39712274243,468420.8854568694
3516020,Gondang,2022,782287.2987,1162575.6333206056,785130.8306978038,4286788126.0,0.9942320157246394,-276832.4106562262,190913.818930696
3516020,Gondang,2023,1144071.18,978561.9000358053,1135521.4864989556,30994886411.0,0.9597422972335042,-159562.3354079503,-409562.73665458115
3516020,Gondang,2024,1621690.352,981274.1473582735,1595176.6204571486,24575299579.0,0.9678119902865904,-159203.41243511572,22771.261877074605
3516020,Gondang,2025,1291728.496,1110460.5351951167,1288085.1222178703,11671535534.0,0.9844501561059744,510094.50583455985,588144.22711453
3516030,Pacet,2018,965860.0005,1397843.7724996163,971484.9082521098,7507017993.0,0.9899426905088557,-793704.6453402254,-1118373.4108510725
3516030,Pacet,2019,1068003.564,1486000.886926475,1069986.312075097,2711979109.0,0.9963432134457406,-762257.0488254081,-733954.9828019036
3516030,Pacet,2020,1019060.878,1558385.7067832942,1024191.9209383177,5465553708.0,0.9926576016336336,-331796.87323973695,-646162.2019918219
3516030,Pacet,2021,1347341.274,2846782.144757164,1375735.1504890053,10983113986.0,0.9853538986590514,-77352.99441351525,-600602.1738026836
3516030,Pacet,2022,1413369.482,2946613.755452254,1485573.9476170957,28120909202.0,0.9633383088902274,-146513.35672760388,-1355900.6880619575
3516030,Pacet,2023,1119819.132,2932841.9367337623,1135087.1494594482,4832585461.0,0.993502403030686,-132417.91539550538,-1498596.1797871285
3516030,Pacet,2024,1172800.448,3043092.0846884213,1183953.1227794446,3413457772.0,0.9954017008906033,-186684.6694139695,-1846319.0250455302
3516030,Pacet,2025,1271829.121,1591522.808615243,1277165.6332167338,9659651964.0,0.9870959759067703,491033.3068680556,-1966100.1044846054
3516040,Trawas,2018,1330028.808,878905.7227658404,1237412.518434951,147000000000.0,0.8340702463480775,-256963.53200176707,-4108.295698872578
3516040,Trawas,2019,1004394.405,1067964.3241491504,1004394.405,6.5e-22,1.0,-12564.872092757738,333802.5477774525
3516040,Trawas,2020,1457375.359,1143857.6510377526,1456047.9871317192,2419360038.0,0.9967364883699206,300670.23185273854,-27611.136294346536
3516040,Trawas,2021,1169230.121,1482775.6664990291,1171871.1077603162,4833552977.0,0.9935011106223836,-156227.85300877815,418735.0489580262
3516040,Trawas,2022,1279124.778,1529792.7114363255,1282037.253101075,6689079213.0,0.9910286693800463,-252042.14982642874,-222469.772235021
3516040,Trawas,2023,1152385.961,1379073.2483957787,1153503.8253781255,2819916427.0,0.996198225913412,-110285.01665147608,-247805.1778395495
3516040,Trawas,2024,1294179.759,1471023.954168231,1301330.945856452,23979577457.0,0.9685677243953349,-95250.28720434828,-258660.06974875135
3516040,Trawas,2025,1308045.509,1480840.1732128072,1342164.8020248679,140000000000.0,0.8407130707634936,862382.8818309029,-202115.80009728437
3516050,Ngoro,2018,1241763.419,1982152.120675387,1246140.909387537,3384294283.0,0.9954408081699776,364816.402961737,-377960.7817498361
3516050,Ngoro,2019,1590510.845,1635352.8664509223,1591791.4957903975,16728482042.0,0.9778619987183429,197181.1771392909,-703625.8662866852
3516050,Ngoro,2020,1179118.153,1593205.7636312777,1180968.6327834986,2554256969.0,0.9965551506840289,440558.761165053,-94774.85075407708
3516050,Ngoro,2021,1409979.08,2189365.60564805,1458902.7660798128,38110828721.0,0.9509530750017338,18764.068642230657,-235550.939015378
3516050,Ngoro,2022,1506120.767,2501601.5676079206,1601047.0720652777,59979649981.0,0.9249218966415924,13894.45992407504,-698875.3374409638
3516050,Ngoro,2023,1403740.543,2347735.283369039,1506636.1691207336,69610874156.0,0.9139041819494337,19361.03742260032,-919533.4781158343
3516050,Ngoro,2024,2110528.245,2582405.1729235263,2192144.1484911507,119000000000.0,0.8612919533267225,-67354.08301289592,-985979.2048038011
3516050,Ngoro,2025,2375160.581,1479689.6369308196,2142274.2523640115,200000000000.0,0.7869886405236272,643330.8978872207,-522838.19003120065
3516060,Pungging,2018,1006642.336,1175961.709703409,1007882.4014466777,4198147598.0,0.9943506100550817,-584318.2652665024,227386.93428455252
3516060,Pungging,2019,1355647.541,994136.7828789742,1351138.083106253,7187566689.0,0.9903665432378628,-483865.3158735861,-384057.84347989515
3516060,Pungging,2020,1534216.444,966264.7291685321,1524215.942322267,10198890049.0,0.9863854320427974,-417013.5590184835,102718.01412097295
3516060,Pungging,2021,1202564.805,1013151.3026837348,1198023.0443842327,13979159372.0,0.9814328204089607,-187545.80008861105,458736.12058731867
3516060,Pungging,2022,1131692.259,1081154.7478748225,1131371.7808391356,3631405437.0,0.9951095375023502,-548930.5130187339,226424.50102949305
3516060,Pungging,2023,1457194.441,906978.6829289903,1439851.0944394767,18519830833.0,0.9755493414874836,-247555.76853326094,-7546.284946851898
3516060,Pungging,2024,1174427.805,899874.0489022708,1163775.1787329516,22969037145.0,0.9698524003204755,-238717.30652431818,474673.6626056236
3516060,Pungging,2025,1433684.157,981660.6318008988,1410748.222069777,30415701854.0,0.9604648297223529,137431.64513582515,287778.7774293446
3516070,Kutorejo,2018,1024032.016,1415260.9975054234,1024699.140626323,971951276.9,0.9986863553069438,217777.93750544952,-349771.1209472232
3516070,Kutorejo,2019,1007414.716,1483197.8218508528,1011947.1380166046,5472751089.0,0.9926480037927881,266155.11102360673,-466960.8263389283
3516070,Kutorejo,2020,1134432.212,1602585.1299029903,1156751.3946208088,28486081151.0,0.9628799003854679,824359.9819505771,-513373.00423845067
3516070,Kutorejo,2021,1100817.78,1628541.7069274667,1103305.118989727,2694680969.0,0.9963664532130948,265364.25640673225,-307576.5296932354
3516070,Kutorejo,2022,1363186.009,1814537.04222737,1397348.3589183947,46595348741.0,0.9406815881562682,154598.45726445247,-445693.9625259312
3516070,Kutorejo,2023,1265795.159,1760686.6144934618,1278124.50737147,14538321102.0,0.9807044698185952,503302.0758815853,-381619.45745952125
3516070,Kutorejo,2024,1292082.707,1857532.4921350332,1301145.7174090731,9268789720.0,0.9876116479778803,597029.3952233669,-375741.3726516038
3516070,Kutorejo,2025,1109327.187,1424091.1971581755,1114946.4981385462,10343050008.0,0.9861956484402871,1215208.200793531,-399273.713169527
3516080,Mojosari,2018,1053770.297,1030220.1978702269,1053456.7485828018,7678215569.0,0.9897156923026178,-538269.1417489058,-213815.47821344464
3516080,Mojosari,2019,976678.5157,1150073.1598240738,981001.9069570306,14550640742.0,0.9806884347238506,-490647.47211298364,-230108.0913624589
3516080,Mojosari,2020,1075778.292,1155552.5908199623,1077623.4902727136,13473199010.0,0.9820928051671954,-230700.19000950514,-374451.9145934506
3516080,Mojosari,2021,1306623.006,1549894.358231946,1312312.1155518715,13625663777.0,0.9818938336730758,74633.68383417612,-198664.35203219624
3516080,Mojosari,2022,1242046.418,1877529.5966701503,1262040.3813157675,18484418485.0,0.9755949533507052,-93876.73011644784,-198392.8683430485
3516080,Mojosari,2023,1364513.825,1764818.0453741148,1384540.1803207186,29965961650.0,0.961026631237892,-169359.09934302728,-573393.9697104751
3516080,Mojosari,2024,1839247.912,1812093.4929597673,1838451.807543512,17186196265.0,0.9772700407555512,-497214.2538768513,-503886.5236797661
3516080,Mojosari,2025,1651487.787,1430480.967156556,1647870.2795087902,9468879708.0,0.9873475981186476,655495.8627892322,-144160.35744810337
3516090,Bangsal,2018,842224.7199,1064145.9867323616,847485.0646515706,13815320664.0,0.9816464377433541,-432222.0365151642,-166397.8737083836
3516090,Bangsal,2019,1043917.206,1275872.3576353379,1047285.425389459,8384483634.0,0.9887803207780147,-367837.8706497043,-531145.2720410331
3516090,Bangsal,2020,1110024.304,1283906.1166624257,1114126.7737478353,13749531102.0,0.9817322421216728,-90492.06838595012,-518266.34542919346
3516090,Bangsal,2021,1202593.729,1135624.8152261472,1201943.8437855425,5576039600.0,0.9925102870914283,-175202.5607904012,-327107.81838011416
3516090,Bangsal,2022,1136590.451,1369956.8991545925,1143231.9802521376,16668487111.0,0.9779396428224966,-380025.7375819408,-78966.42816548957
3516090,Bangsal,2023,1430306.719,1099398.7550912476,1408791.1650646646,39570380416.0,0.9491701751175625,-465321.606468877,-346104.3669582093
3516090,Bangsal,2024,1254969.297,1340527.6228453259,1260354.1073057018,38217900926.0,0.9508220544617582,-620197.3760145953,67852.67759899795
3516090,Bangsal,2025,1870330.332,1423374.9710749998,1862407.5358674894,10268549361.0,0.9862937178808593,765621.0191050759,-278070.4407827433
3516091,Mojoanyar,2018,1156399.173,859376.995873456,1143485.4317097063,25863976768.0,0.9661812003343522,-742861.976548428,288359.353061693
3516091,Mojoanyar,2019,1104044.436,984612.2884488915,1102800.5203430343,5988858439.0,0.9919602485796036,-502038.50532943837,-20220.579453724902
3516091,Mojoanyar,2020,1428586.901,794903.1721403697,1414905.021735239,12556832977.0,0.9832903936567869,-484969.76578521257,-153482.78473880794
3516091,Mojoanyar,2021,1275381.578,716414.2231939164,1248705.4403860758,28516813658.0,0.9628413410852033,-141367.1909220844,379977.4638020885
3516091,Mojoanyar,2022,1252698.763,992803.7804171235,1193729.6097454971,167000000000.0,0.8156564139891881,-92271.04870655744,497157.28506513464
3516091,Mojoanyar,2023,1322869.835,993812.4782907602,1271608.6933422517,105000000000.0,0.8755801907340801,-379351.77785773156,308852.2904232221
3516091,Mojoanyar,2024,1239008.453,1244974.1229714784,1239526.297590442,54088335168.0,0.9317932320498427,-284598.497119957,198749.08705882565
3516091,Mojoanyar,2025,1810121.909,901088.2720802351,1799635.054519935,6640975793.0,0.9910926105701915,798511.5346040817,-79121.14981901809
3516100,Dlanggu,2018,960455.8869,912687.4586701815,959307.7943066831,14012927283.0,0.9813888044492235,-376664.01620747475,202353.86714511388
3516100,Dlanggu,2019,1403345.639,1055752.6530951143,1364626.7943945427,71329336976.0,0.9119658699026312,-408806.23541961116,-197911.78171490552
3516100,Dlanggu,2020,1012628.522,1255964.6209779542,1013700.9336050502,2518839707.0,0.9966027546033238,95636.44322789751,94665.2328708074
3516100,Dlanggu,2021,1333089.869,897117.7582658078,1322270.4700182686,14480565815.0,0.9807796503951713,-198982.100920926,-224819.85918431438
3516100,Dlanggu,2022,1888491.68,1106487.196565564,1878558.6942324992,7320649973.0,0.9901899222635172,-513354.41630942444,299829.7442940762
3516100,Dlanggu,2023,1380112.951,1023466.8910661656,1369488.9059775562,17470829312.0,0.976902288505267,-492468.6976966385,674613.5538431678
3516100,Dlanggu,2024,1620877.613,1019051.1054594102,1614761.9329336374,5841664529.0,0.9921562993302415,-536363.3658970089,270123.60675289994
3516100,Dlanggu,2025,1200964.058,1216019.9264876833,1201225.0580001813,10038220879.0,0.9865970357688177,454822.5495171836,448374.5357296611
3516110,Puri,2018,955227.8219,495205.4437103096,937590.7432511682,22685758975.0,0.9702131369212973,-686535.9548116375,-298186.67848980805
3516110,Puri,2019,1149199.66,1260174.3467172002,1155172.5759114719,32368093976.0,0.9580335577727569,-197063.1335550169,60337.04427258496
3516110,Puri,2020,1183258.848,1636334.463093728,1189104.3853444867,7437393925.0,0.9900350378333361,4605.672761099915,-210653.6132311623
3516110,Puri,2021,1259778.101,1004704.9109489754,1250442.3193222058,21617564437.0,0.9715758314473952,-137335.35770878918,-484062.5541338085
3516110,Puri,2022,944206.9593,1452526.3803557672,986884.2353477268,52152095084.0,0.9340739117953839,-198696.30482059208,107348.08074267698
3516110,Puri,2023,808123.7568,1333187.9552966375,835008.1488575785,30707287105.0,0.9601009413156828,83661.72863370227,-502665.4348963895
3516110,Puri,2024,934115.9221,1496329.1156813086,971933.302617295,41035485585.0,0.947387202380876,-195793.52373444947,-604029.6240932207
3516110,Puri,2025,1091411.331,1256393.860356958,1092412.4120385435,3473776450.0,0.9953208252769835,444875.76925372065,-693680.1989664925
3516120,Trowulan,2018,715551.4504,934995.8861260011,715882.7459552794,860348756.7,0.9988370167253492,-546367.7294753955,-505997.2453437174
3516120,Trowulan,2019,775726.4849,1043418.1500747602,777455.1258614974,3698374501.0,0.9950197985190902,-468163.1427288146,-611668.1223779591
3516120,Trowulan,2020,1322922.357,1223589.9174416536,1319131.8796861207,22574965439.0,0.9703542984044322,-235179.3027250756,-603474.0824406135
3516120,Trowulan,2021,921327.8924,893309.6318754914,920912.9514136567,8553667634.0,0.9885565182892201,-268366.69014404126,-131107.2493459382
3516120,Trowulan,2022,846608.7539,1389232.451012993,849166.9156302251,2695310997.0,0.9963656067617869,-491142.64024488727,-126849.53362473869
3516120,Trowulan,2023,1087870.47,1425101.1702791876,1089976.0112519837,3575066055.0,0.9951850451800485,-309819.5728190427,-682405.5471327653
3516120,Trowulan,2024,881482.1966,1867616.9678482874,887967.0173232052,3766642500.0,0.9949283356121783,-490432.16202949546,-578842.1068598549
3516120,Trowulan,2025,1166825.586,1173196.5426386343,1167010.8171375857,17039258797.0,0.9774599956262533,265853.3057102979,-1207726.6234024283
3516130,Sooko,2018,909158.1952,1567301.3561440697,928633.0041636373,17351025943.0,0.9770570433958622,142151.62894918202,67105.39821175081
3516130,Sooko,2019,1077395.73,1101050.9359140983,1077664.9544788937,6550678623.0,0.9912126598398779,174837.04823141726,-538171.6789528467
3516130,Sooko,2020,1350366.54,1056261.1117337414,1295328.3635895338,131000000000.0,0.8494109316972779,112269.10045499801,-10514.121044022962
3516130,Sooko,2021,1250223.892,1955107.729362624,1341653.949808057,84807546039.0,0.8970438115839252,209348.16985176102,416915.3186175362
3516130,Sooko,2022,1585251.46,1881239.9697399228,1698373.8487125842,352000000000.0,0.6773356912484538,-72449.68724937717,-365355.89919966576
3516130,Sooko,2023,1590264.116,1823089.5205876397,1668324.1026408116,287000000000.0,0.7202502908043684,163593.86047064554,-160252.36321925372
3516130,Sooko,2024,1753756.266,2041953.2458757206,1873934.3356282343,407000000000.0,0.6448259536545474,127713.6246804776,-50259.341978826094
3516130,Sooko,2025,2067582.336,1023155.2050499122,1860173.7066494878,141000000000.0,0.8397576249536235,320130.24245208374,-52699.52907585702
3516140,Gedek,2018,1122544.698,625385.0846035553,1113245.3656419772,10846351061.0,0.9855336351983847,108987.27846233544,-167393.90528667008
3516140,Gedek,2019,1063127.796,1160031.0523551977,1063511.4333644107,2261687766.0,0.996948525893351,248495.05534891307,342395.6165557174
3516140,Gedek,2020,871401.8849,1380170.4250381093,882427.6118237184,12604614941.0,0.9832278757713051,407704.0452779467,-21865.720366392285
3516140,Gedek,2021,1073886.218,1288917.0770865614,1075381.8842758304,3985589709.0,0.9946351117537392,111600.38466782638,-405900.14786501275
3516140,Gedek,2022,1031961.26,1387559.3481709044,1040598.7704887468,14165627080.0,0.9811898118641926,-27491.48250254066,-259302.76088209753
3516140,Gedek,2023,1328249.781,1352466.7213227283,1328806.6198700524,13391841174.0,0.9821990127967328,114254.56938292166,-374981.17139474116
3516140,Gedek,2024,1089999.134,1489402.9454586243,1112356.52856074,33740671551.0,0.9563316717773209,58013.503844214574,-62802.369231245946
3516140,Gedek,2025,928453.8672,1482623.3434890097,943090.3577816495,15436409997.0,0.9795369007342244,1151649.5051072375,-369491.25567617593
3516150,Kemlagi,2018,1262500.68,943494.53529367,1260345.7390021163,3869967977.0,0.9947899359894236,-650338.2589766905,-111377.5072867735
3516150,Kemlagi,2019,706451.3956,991036.8964054665,708331.3842779566,3783975418.0,0.9949051162946229,-510526.18013636133,-68103.03833789239
3516150,Kemlagi,2020,1107727.172,894781.1276828077,1074554.0575850375,105000000000.0,0.8755801907340801,-305339.453839502,-536998.0186744226
3516150,Kemlagi,2021,1431833.293,868572.782549299,1410190.031644468,22738277680.0,0.9701462374527168,-360804.96145044756,-49718.59080962557
3516150,Kemlagi,2022,1134613.146,1150370.53199043,1134727.4461590885,4157686656.0,0.9944047531441669,-678244.7880217482,382169.484153355
3516150,Kemlagi,2023,1213194.062,1060670.2992711782,1184651.1350321332,131000000000.0,0.8494109316972779,-461539.2099777193,-140183.5806217373
3516150,Kemlagi,2024,876236.7317,1389922.878593979,886343.0879354738,11419672746.0,0.9847806028896529,-586184.4483375499,-69745.44396270392
3516150,Kemlagi,2025,1282125.846,967119.3291875983,1263913.5644163725,34916945432.0,0.9548779905549926,271442.30919149093,-708732.1753451506
3516160,Jetis,2018,999922.9107,2333903.3235052903,1053345.5671310779,23738521007.0,0.968873864548452,180587.6886515761,-608639.7059906874
3516160,Jetis,2019,1474931.179,1807507.0073540413,1506694.8998828747,60084632300.0,0.9248003694330911,350873.7836306854,-1466774.002906981
3516160,Jetis,2020,1258281.763,1676807.611114569,1263926.5682098146,7779494281.0,0.9895814515195299,253485.37049679208,-574260.5858651856
3516160,Jetis,2021,1250584.731,2146492.7403752618,1255420.4475125293,3087985427.0,0.9958383228873732,278441.89605803014,-447234.29180579376
3516160,Jetis,2022,1419365.814,2170762.2952954313,1456889.4111883289,29909622264.0,0.9610970549775718,65408.15452738308,-818900.246116047
3516160,Jetis,2023,2022989.338,2225582.0417793947,2084311.8699020906,247000000000.0,0.7494718275003317,306624.89231341,-763810.1802132775
3516160,Jetis,2024,1407092.162,2508588.4233207693,1423444.8550825133,8574907306.0,0.9885284288688125,423638.06857562426,-191686.20182468696
3516160,Jetis,2025,1687591.212,1505520.9336100812,1679868.2301017065,25205606300.0,0.9670136650611455,650952.6949721726,-895128.385047141
3516170,Dawar Blandong,2018,1003202.102,909900.3319840904,1001620.0743669285,9814735219.0,0.9868915207770038,-31991.831052554946,299474.2200824197
3516170,Dawar Blandong,2019,1207909.944,820859.0989121572,1207879.8349821335,44267979.87,0.9999400943215548,197256.8226734422,-70937.5691014633
3516170,Dawar Blandong,2020,1005847.387,945752.6449589833,1002778.0210347903,30627240160.0,0.9602008097013497,209293.24897267617,286736.16091668035
3516170,Dawar Blandong,2021,1142274.89,897047.7743475492,1140989.4019015068,2998537552.0,0.9959583845517643,-119070.32080572098,48355.13562751666
3516170,Dawar Blandong,2022,1404894.945,1061577.4282198593,1401455.5307800344,5758225208.0,0.9922674683850847,-251279.85483515746,126096.924768236
3516170,Dawar Blandong,2023,1520981.855,896993.4337431683,1510177.6233947345,10026059691.0,0.9866130559333277,26470.574486486003,259468.5188674871
3516170,Dawar Blandong,2024,1442674.525,1061257.5581353828,1433342.7860448235,14270773126.0,0.9810528364323536,29262.160804776824,580852.6840370529
3516170,Dawar Blandong,2025,1503900.377,1052214.1426007259,1458750.4138157186,63195397519.0,0.9212137940265532,652720.0743989423,425391.2958882238
3517010,Bandar Kedung Mulyo,2018,870112.5789,458952.7695122497,866083.5882980992,5631053126.0,0.9924369520183682,-702466.3539060431,269340.50520566636
3517010,Bandar Kedung Mulyo,2019,840415.9316,413997.8942519047,839642.496653503,1033960647.0,0.9986026634005192,-534287.8871291204,72322.75560034811
3517010,Bandar Kedung Mulyo,2020,953187.3144,428695.176628142,929736.7376879114,26632204982.0,0.965211638100945,-293007.37663985224,119260.83694466308
3517010,Bandar Kedung Mulyo,2021,1204449.734,559382.7665615323,1203394.9018405247,932001604.5,0.9987402814313927,-565018.6068794865,350958.61163121636
3517010,Bandar Kedung Mulyo,2022,956815.2796,637219.1206370781,939980.5196134769,31639803285.0,0.9589390417836418,-776953.1673119981,453098.54130415514
3517010,Bandar Kedung Mulyo,2023,817829.5324,485608.62310597836,814789.6198849297,5254769595.0,0.9929387684864244,-645717.3494931442,132245.20034129452
3517010,Bandar Kedung Mulyo,2024,1093946.316,622803.3628802678,1086872.1187469794,8674055256.0,0.9883973270340513,-823568.3951373426,66197.65749766503
3517010,Bandar Kedung Mulyo,2025,1085870.006,461543.5299213715,1084172.6540046707,1551207275.0,0.9979050996004574,378777.8489146957,188887.00047189055
3517020,Perak,2018,632369.5656,650206.3392309069,632478.917041077,3509993174.0,0.9952722720092565,-514695.7389330487,241182.99603853392
3517020,Perak,2019,1207346.732,497740.77691423823,1176364.0142748826,25978742943.0,0.9660362329807926,-550808.0324831496,-263268.92173615575
3517020,Perak,2020,1075764.913,714760.5185368159,1064464.4041466862,18387593369.0,0.9757196879522259,-161164.2455727776,365503.8950784365
3517020,Perak,2021,1314950.808,885943.9452504257,1314946.4108827722,5832242.924,0.9999921071021585,-321653.2177829248,297806.74283711705
3517020,Perak,2022,1241211.782,981052.8861337453,1236347.4356770962,10842022235.0,0.9855393252976561,-768706.3353604947,348470.86287091055
3517020,Perak,2023,1977380.564,962796.4965394202,1731509.137122387,182000000000.0,0.8023709111974898,-685809.8233540962,107478.01060673757
3517020,Perak,2024,1200705.591,1264864.7334910224,1206155.435070825,52820746538.0,0.9332850523120617,-981673.0574787123,792198.6962497751
3517020,Perak,2025,1135378.555,697537.2965917218,1123728.0413947334,15554942357.0,0.979383009244885,202231.2722723828,-200687.17886700877
3517030,Gudo,2018,1156588.49,414699.92661745247,1148399.0466380669,6351316198.0,0.991477813394092,-378355.7552709657,114078.29163884498
3517030,Gudo,2019,1142012.367,702291.9305090858,1141991.049498433,27587227.55,0.9999626667199688,-194969.8570296532,472266.08765876794
3517030,Gudo,2020,1174275.661,997874.7423843655,1168382.128865301,19667982230.0,0.9740728052091995,-26763.367622302496,314448.6878085175
3517030,Gudo,2021,1336555.939,711299.3189084389,1329195.123318938,6778569381.0,0.9909097370458894,-239441.4210357373,137237.2672737121
3517030,Gudo,2022,1194104.598,1244550.5962163934,1194438.605283732,3792640070.0,0.994893509462813,-480078.93242943205,507298.37223472144
3517030,Gudo,2023,1408862.684,1385394.3505705628,1406503.2879353892,63600690165.0,0.9207485567471344,-237363.39810287752,-93610.707569842
3517030,Gudo,2024,1229795.745,1898223.2879295393,1242203.7654224571,10762498027.0,0.9856438689432133,-290756.7421527921,-96858.67622599611
3517030,Gudo,2025,996835.2873,612152.1396680721,986732.8729438406,15346420392.0,0.9796537672413995,466528.0095058995,-725517.9127555699
3517040,Diwek,2018,869953.5767,1652961.1704437535,874103.7501441432,3032044942.0,0.995913405771329,-219980.52122495757,-1261402.480393276
3517040,Diwek,2019,1097013.987,1546943.6003889635,1108049.244053912,14307040503.0,0.9810055992118294,-46498.12383632042,-1041462.0909926676
3517040,Diwek,2020,957622.8778,1555404.7622271301,966695.8333832787,8769513703.0,0.9882711366264495,47923.43595827173,-605230.3942427414
3517040,Diwek,2021,1134039.396,2112955.5975213447,1155010.5891301045,12456898048.0,0.9834211741479753,-165171.41087702027,-603711.5147975046
3517040,Diwek,2022,980487.7717,2927285.509993375,1043631.6199221835,19074681193.0,0.9748352388504122,-334438.8303817872,-974326.125463547
3517040,Diwek,2023,985241.0943,3359458.90902626,1073805.097445357,22048250552.0,0.9710259453844079,-125957.3872553388,-1934651.1597835403
3517040,Diwek,2024,1499314.023,4114334.777027638,1599330.4900974988,22628727319.0,0.9702857955356361,-83381.98706534406,-2462093.381443551
3517040,Diwek,2025,1274220.481,902667.4177887688,1257336.4840488837,27088147306.0,0.9646371239441552,460567.41353798885,-2675484.369329013
3517050,Ngoro,2018,797982.3164,1803337.7915314918,798582.0729212485,339657994.6,0.9995405412152394,-340043.8452905455,-942584.0862840058
3517050,Ngoro,2019,563787.1333,1723542.3760168566,586151.2543364876,11188435154.0,0.9850841845803041,-186810.06167879095,-1274721.6493772473
3517050,Ngoro,2020,882011.5267,1683364.8742187165,901181.0836626557,13945388354.0,0.9814768443676393,-25090.22626996538,-1410390.5753949294
3517050,Ngoro,2021,964780.0714,1517615.859253933,975290.4925511312,11027766171.0,0.9852952300705514,-140691.27979088202,-983126.9107065203
3517050,Ngoro,2022,843268.7917,1953656.9951494357,870304.144190688,14200036306.0,0.9811449822061995,-428564.5006864114,-699218.4229606306
3517050,Ngoro,2023,1072838.793,1918073.3458124266,1093045.830503349,13936751732.0,0.9814881037175184,-114498.61310558625,-1192338.6479216916
3517050,Ngoro,2024,1073935.5,2146437.7625075034,1101841.6944394934,15201259682.0,0.9798423414109324,-617443.1226465722,-981643.2630247748
3517050,Ngoro,2025,1375004.576,1108372.0317831684,1362238.4809102346,28614101640.0,0.9627192966713862,268990.94272371044,-1279002.3608383653
3517060,Mojowarno,2018,768356.6392,1331157.5119718418,777459.7758148077,9355040275.0,0.9874978096396565,-137051.8871098084,-594701.1718371562
3517060,Mojowarno,2019,734689.8383,1085654.9399911622,739271.2066018666,7526014779.0,0.9899174967197958,-73985.80020871552,-797320.0856328154
3517060,Mojowarno,2020,987204.2928,953367.1511450578,985430.6254918183,31476680820.0,0.9591420866572007,-63426.945279728105,-585557.4260051392
3517060,Mojowarno,2021,1084491.656,1359539.0689149792,1090024.4427728327,11681239912.0,0.9844374282908416,-27170.066061708116,-132171.9755140316
3517060,Mojowarno,2022,1080478.217,1863503.5657922577,1108899.1803767192,21431216282.0,0.9718139478061669,-412749.5390764892,-274189.1730382943
3517060,Mojowarno,2023,1082547.953,2066600.9192784904,1100467.7383153918,10554147358.0,0.98591787487791,-274137.3858431091,-856691.7136046409
3517060,Mojowarno,2024,1185447.474,2567839.082489907,1317205.9762915634,59948190342.0,0.9249583204425452,-378811.6010121162,-1133764.2102976975
3517060,Mojowarno,2025,1123256.035,443504.7767453449,1101851.5035502387,18500283933.0,0.9755745177862617,326542.30306538835,-1531271.3350617653
3517070,Bareng,2018,763601.8445,378114.51833926793,762011.9530469852,2356566033.0,0.9968209228804616,-57605.318232343416,323200.9322449484
3517070,Bareng,2019,782020.0947,355298.14028001967,776646.6848208855,7256644043.0,0.9902748596263095,-82793.94815980378,252406.08165550104
3517070,Bareng,2020,756000.0946,593951.5812004481,754928.4193580749,3788149880.0,0.9948995243134031,-28821.203918810614,307631.2124939809
3517070,Bareng,2021,1099941.009,590968.7665964656,1093495.3304716963,7298556375.0,0.9902192393369228,-464874.12426340755,106576.79626893275
3517070,Bareng,2022,959193.9366,739705.3048511546,953544.0999046061,15034076141.0,0.9800596147908376,-817168.4943447356,314278.5246755164
3517070,Bareng,2023,1116628.621,379699.4151335845,1093861.5895919728,18139984497.0,0.9760388143009714,-768144.7013086772,-424.19013272074517
3517070,Bareng,2024,1372454.825,545119.8937593681,1362550.134886478,6894734399.0,0.9907553964362878,-939008.2453811693,406707.32325633056
3517070,Bareng,2025,1178431.875,724460.4121885695,1161317.582639791,22291886706.0,0.9707151542055918,214424.4345582571,555635.0490536352
3517080,Wonosalam,2018,904343.4788,499975.6387605331,901974.7585478202,3352864635.0,0.9954829577345036,-206036.3413388834,159797.9927923281
3517080,Wonosalam,2019,706023.8019,568904.6985326738,704546.4873196771,6197361426.0,0.9916826715148377,-31447.193772062412,318081.32827239775
3517080,Wonosalam,2020,819078.8516,806320.8159246965,818894.9122625212,8323867979.0,0.9888605299372293,92370.98823946039,155705.7765461827
3517080,Wonosalam,2021,1089068.453,797331.2054367223,1087498.912115739,3077874479.0,0.9958518928849461,40025.84773813526,80511.24544948468
3517080,Wonosalam,2022,1441775.812,1193604.356346295,1427503.361560131,34721423173.0,0.9551193176155617,-263611.1823975871,356944.2322799398
3517080,Wonosalam,2023,841555.9348,1381810.3189306702,846416.3706325451,5165699099.0,0.9930576283137523,46625.61945966404,338824.79973625834
3517080,Wonosalam,2024,1583814.935,1562137.3806824,1582960.4564073833,23349826465.0,0.9693679119592731,79953.32591736474,-388010.00142367824
3517080,Wonosalam,2025,1075828.841,1096300.3401000963,1077576.0404530617,53096299148.0,0.9329603492901588,575184.3342577446,104025.5256031435
3517090,Mojoagung,2018,813584.9137,1241739.5400962767,817985.8335246745,5909589246.0,0.9920658193028966,-38296.97930745347,-344998.11417308974
3517090,Mojoagung,2019,964890.7496,993249.6439008834,964951.5442051248,1222461298.0,0.9983483366877957,-84634.3775599761,-622962.2259321118
3517090,Mojoagung,2020,722926.7979,960929.5377437386,724079.8769053747,2770216085.0,0.9962649809919091,-7408.737188358733,-249523.3192583453
3517090,Mojoagung,2021,915811.6734,1227287.4428000643,918931.9975386183,5758050079.0,0.9922677017416269,-132433.68846941687,-343753.0130982116
3517090,Mojoagung,2022,995393.6469,1254859.4463224774,1009118.8853707063,31781208139.0,0.958763099212733,-616340.2701602824,-416263.7770068308
3517090,Mojoagung,2023,1046062.061,1105349.4164021425,1047305.3736655144,12188494160.0,0.9837725948826619,-567699.0554941981,-471012.74074563896
3517090,Mojoagung,2024,907474.8241,1340391.2115391244,910820.2485473388,4431427596.0,0.9940385597700588,-535028.6944370469,-313831.464117805
3517090,Mojoagung,2025,870524.0407,677275.2921803076,869170.9990026583,4012114060.0,0.9945996008980077,367572.5075143024,-591387.4663648742
3517100,Sumobito,2018,922865.4759,260024.1870855683,921291.4597123868,1354439199.0,0.998170348047719,-880400.9013294554,-388212.7286458524
3517100,Sumobito,2019,866415.1002,538347.4253534669,861945.7652583162,7858939887.0,0.9894761751075792,-861706.7200890125,199466.7399046357
3517100,Sumobito,2020,1043647.227,648398.7880489558,1034814.2454932086,13007091021.0,0.9827015917051088,-700886.0712217967,8785.06223732757
3517100,Sumobito,2021,1351453.751,2037766.122504361,1367819.3734661818,13900153407.0,0.9815358189129553,-411017.2270884248,118721.58008500468
3517100,Sumobito,2022,1158774.463,2095532.5921544184,1187264.4620362616,17848663746.0,0.9764145453236412,-397807.14513852145,-701913.0163698641
3517100,Sumobito,2023,1532130.139,1864461.1499075925,1558689.9292714524,49425990726.0,0.9373039560635313,-802546.2418805924,-1036966.7175546298
3517100,Sumobito,2024,1039637.308,2148882.670804052,1051387.9291602303,6092362352.0,0.9918224358704071,-902629.9456882416,-684233.8488122621
3517100,Sumobito,2025,883702.6308,313177.520982363,866859.7657266711,17309428199.0,0.9771107883641276,29391.18646563808,-1379853.5416909263
3517110,Jogo Roto,2018,1009255.483,167449.9972054264,997283.7267002945,8209073297.0,0.9890124667047704,-531377.305790401,-235147.93478628222
3517110,Jogo Roto,2019,857023.2496,463067.41515805625,855665.6929824261,1967600435.0,0.9973442554119131,-378537.6434538757,480497.033087329
3517110,Jogo Roto,2020,934440.1538,593438.9737260493,933783.8859548165,1097208623.0,0.9985173142394012,-231982.28604543733,234176.20739630063
3517110,Jogo Roto,2021,1120526.47,1033752.5980660862,1119403.3085623444,7461713385.0,0.9900027792559666,-427317.82317322906,213106.701764968
3517110,Jogo Roto,2022,941933.2704,1397691.5637069687,944012.9182538246,2608367700.0,0.9964824298770796,-773423.4061210506,-41206.95880908123
3517110,Jogo Roto,2023,887861.6116,1645436.818226006,893166.2543774606,4012448062.0,0.9945991537516082,-535849.9988511103,-669704.0969816998
3517110,Jogo Roto,2024,958450.8136,1989166.796937898,970876.1222412925,6943249438.0,0.9906909520143181,-732431.7470045547,-1019110.4304448634
3517110,Jogo Roto,2025,1110126.421,704288.0451322449,1100230.2174586004,14222115674.0,0.9811162185171759,222027.82477836814,-1345844.3414799697
3517120,Peterongan,2018,1057123.443,661990.3121678523,1053956.3988140067,4597618997.0,0.9938163709351607,-295135.1212189312,-296812.9379972278
3517120,Peterongan,2019,1052186.278,1072694.4353189054,1053295.3522469127,32531700632.0,0.9578303807451484,79932.1024423901,134291.4952607036
3517120,Peterongan,2020,984355.4041,1105305.9172990613,985497.8663526507,5426042682.0,0.9927102936247517,-137335.33617367363,-86425.98186211754
3517120,Peterongan,2021,1251286.189,1092249.3045834661,1247606.2625934288,13478320325.0,0.9820861203752274,-168241.07926257252,-278802.15544443566
3517120,Peterongan,2022,881712.2084,1477651.2018235386,882082.0474025211,353352250.2,0.9995220257121518,-323712.0923047961,16538.17813809635
3517120,Peterongan,2023,1269296.159,1531301.8554898915,1279727.3577327179,23593640309.0,0.9690579552388283,-556267.4610419392,-650553.1150790463
3517120,Peterongan,2024,1046102.203,1967666.9498954678,1046868.5672484615,473585108.1,0.9993594926993092,-719033.7186771845,-547933.4341498511
3517120,Peterongan,2025,1060395.407,806739.5315948599,1049958.0693255905,24418580284.0,0.9680106903134635,567440.0069580401,-1184137.0540120008
3517130,Jombang,2018,1505538.264,1438511.988280565,1500881.5814097936,42484555087.0,0.9456303210665988,-451630.1870784799,-1369309.0265409753
3517130,Jombang,2019,1522075.909,2013893.0002350106,1554137.651275443,39681463134.0,0.949034756927862,75686.78553437161,-113058.67966563464
3517130,Jombang,2020,1557479.16,2213477.9790434497,1601174.540264079,40606557574.0,0.947908496281023,-154352.1692668873,-307741.6690445144
3517130,Jombang,2021,1444512.995,2724826.6464464013,1483830.5755055547,18027841337.0,0.976183416736774,-45920.19569276211,-549509.6354012641
3517130,Jombang,2022,1276395.18,3597208.313001806,1345509.3101862548,17465614098.0,0.9769090241889978,-288825.1738548339,-1121272.0895334426
3517130,Jombang,2023,1356520.146,4244145.883732674,1673992.380673375,70286842758.0,0.9131407519561665,-300231.67241853644,-2234043.966877144
3517130,Jombang,2024,1090033.94,5046623.93555735,1126688.6937552998,5320822396.0,0.9928506429177354,-382559.4921356505,-2960787.5890922286
3517130,Jombang,2025,1581867.207,777547.4992133166,1555611.0005596161,19201903560.0,0.9746716486330304,608984.1807115765,-4089013.3412491675
3517140,Megaluh,2018,1057385.129,46936.734946488425,1043678.8416335315,7824640206.0,0.9895216241792234,-175747.38604439877,338202.54675083084
3517140,Megaluh,2019,708155.1345,250493.4238410271,703239.628309721,6177898634.0,0.9917085754795169,-34958.603819414035,816024.5560745724
3517140,Megaluh,2020,949820.8823,181551.7835685757,931619.2068802163,13808242669.0,0.9816556683199361,-196189.8026724693,386914.04620771273
3517140,Megaluh,2021,996968.8614,285520.64242034266,977777.916668189,15774520822.0,0.9790980565271645,-27018.035675476203,624558.7623872994
3517140,Megaluh,2022,940321.2116,725199.4699308166,932601.848518288,21178494512.0,0.9721370631547718,-250163.85758930873,663492.8969680115
3517140,Megaluh,2023,932209.1563,994040.6895346771,933228.1259002693,9534441633.0,0.9872611096704498,-38619.56194201058,230371.91460623092
3517140,Megaluh,2024,804275.2717,1450233.8684304382,805477.4355296248,1060950989.0,0.9985662398488703,233795.1498216524,-111964.90510483028
3517140,Megaluh,2025,921544.2021,188521.27604786755,899755.1207021861,17432266455.0,0.976952096367578,540014.0973855783,-625194.1359242719
3517150,Tembelang,2018,1179698.809,399390.2432221822,1153495.9171970559,19771716019.0,0.9739396224527699,217086.46646704056,243345.11196801497
3517150,Tembelang,2019,884744.4099,645372.3171292879,882645.1179167673,5034452406.0,0.9932328218942428,216728.2095486835,747964.4538147647
3517150,Tembelang,2020,766256.2567,607059.1672664735,765690.8891205923,2028001217.0,0.9972629533345136,208497.05278241722,298713.86636520294
3517150,Tembelang,2021,1289481.959,754957.8694437532,1262933.5902386883,29738717486.0,0.9613107476121849,240236.69182913058,154472.0852436918
3517150,Tembelang,2022,1251115.008,1098024.9114099573,1231805.9038478597,82128721216.0,0.8999705950548742,45252.5946260888,555658.7375721853
3517150,Tembelang,2023,1137573.136,1215157.268683246,1139204.910905405,12224928811.0,0.9837248763267107,-5898.866061177017,275202.0578678808
3517150,Tembelang,2024,1064433.417,1496053.8370240945,1077649.8711098023,17974073319.0,0.9762527628355879,-16616.926781290298,-57324.19023583713
3517150,Tembelang,2025,929579.3573,662624.882851415,900046.6047629807,70780043453.0,0.9125845419240766,817457.6877637915,-453696.1753818386
3517160,Kesamben,2018,882052.0028,376628.64719128463,876166.4309166585,6704211005.0,0.9910085572397195,-230630.09910589515,220125.7530885552
3517160,Kesamben,2019,746499.2123,522649.80495913886,745547.2691471918,2430150865.0,0.9967219801734761,157420.44393694657,451128.6807194435
3517160,Kesamben,2020,816091.7897,708830.463619424,815956.8721835288,716636859.4,0.9990310922019225,218349.028827256,333747.1615217236
3517160,Kesamben,2021,1031321.86,795748.1367843462,1030299.7425396827,2479646350.0,0.9966554392282513,150015.95235591748,260213.8658515676
3517160,Kesamben,2022,924978.2848,1068748.776956459,926729.4014750748,7016084874.0,0.9905942175983073,-11569.718960890517,369852.4791816403
3517160,Kesamben,2023,1073909.079,1165999.520021219,1075310.2099848038,8791237004.0,0.988242424210961,129743.43672874063,34765.36890194239
3517160,Kesamben,2024,938210.0257,1414956.8289675247,942693.9039457312,5402531499.0,0.992741650844897,134357.79712807445,47665.94220837008
3517160,Kesamben,2025,993309.0802,744453.1235670641,988917.7952855617,10221222868.0,0.9863560265675506,820021.8415241451,-293254.10357087164
3517170,Kudu,2018,632506.5499,121269.09391320948,629873.7352178303,2945556253.0,0.9960295125040327,64646.11765211669,520497.330935505
3517170,Kudu,2019,822403.4675,280691.2378170097,820234.4782765113,2287486224.0,0.9969138259785914,190717.07509874695,364451.0322032366
3517170,Kudu,2020,1012300.385,463128.11609995784,1010732.2933871918,1629416195.0,0.9977997111038439,200234.00143880385,447987.3616483962
3517170,Kudu,2021,1164407.605,532450.9370140162,1159767.1390267254,4209227868.0,0.9943357839435968,314258.16328538215,497430.0678008029
3517170,Kudu,2022,802597.6746,794725.0667721885,802464.260653838,9809183351.0,0.9868988386605176,312721.6818925367,674777.824396481
3517170,Kudu,2023,1204068.115,553596.8150967926,1200192.414688836,3410709981.0,0.995405385456822,152884.19502565055,160640.5273465726
3517170,Kudu,2024,1225462.706,965425.722487759,1216093.262383936,21268803174.0,0.9720215750861635,236044.551108616,581896.2811458991
3517170,Kudu,2025,1379625.057,538327.5010710978,1376314.2209375128,2248163486.0,0.996966717533393,762782.6614751597,347236.7572940991
3517171,Ngusikan,2018,693101.4177,335245.0647171221,693101.4177,8.74e-22,1.0,211081.73443833407,483557.14920536894
3517171,Ngusikan,2019,975934.1228,375580.91875405,969684.5788462904,5985679346.0,0.9919644820636597,238303.04326017114,226827.8026328262
3517171,Ngusikan,2020,735168.4971,539508.6694872162,735168.4971,2.7800000000000003e-21,1.0,107272.52292230827,513893.55253115506
3517171,Ngusikan,2021,1254971.398,547329.2953611178,1254971.398,1.81e-20,1.0,330410.7920938603,138113.77388175204
3517171,Ngusikan,2022,2338880.805,918265.9170274707,2338880.805,2.57e-19,1.0,-17528.818414255657,688498.2163932913
3517171,Ngusikan,2023,925660.535,976654.7195758272,925660.535,3.3100000000000003e-22,1.0,176483.84356027597,1474106.4820369584
3517171,Ngusikan,2024,1218118.263,1094505.7991200811,1218118.263,2.3999999999999997e-23,1.0,52421.702179148284,145924.25287635182
3517171,Ngusikan,2025,1137478.044,720710.323360177,1137478.044,1.58e-20,1.0,728380.3214090285,81929.09438043716
3517180,Ploso,2018,849946.0895,281122.4214743752,835510.3179659464,14816772375.0,0.9803421689700937,107476.68443460167,508534.4259523704
3517180,Ploso,2019,853185.2356,431880.1853804607,853185.2356,1.24e-22,1.0,191145.43423522497,494938.74906193325
3517180,Ploso,2020,882046.5754,494906.9642682782,875065.6977052253,10448944109.0,0.9860562875663917,262100.1927938917,370625.6552727841
3517180,Ploso,2021,1023821.595,556830.9314231348,1018357.2597046458,6737025764.0,0.9909649449167027,336090.574576238,378090.3688306663
3517180,Ploso,2022,1090826.367,798580.4607000991,1082827.5907126453,16012340290.0,0.9787896189726796,48816.31578554315,518803.65199358406
3517180,Ploso,2023,1199431.67,760836.0720782928,1170181.7401967552,40659494812.0,0.9478441284429003,63830.569407195384,373340.88066906575
3517180,Ploso,2024,1340994.106,1004199.5046876144,1332131.3914859677,15378375506.0,0.9796122650047168,-95464.17174783684,415242.13956609543
3517180,Ploso,2025,1646687.126,714621.5916116667,1591102.236997051,36086250653.0,0.9534372950117936,700326.5187817712,316302.44900159666
3517190,Kabuh,2018,724592.6847,197075.9415176604,724146.3734002358,481833041.3,0.9993483449272689,177086.16309110602,586645.0211578785
3517190,Kabuh,2019,627408.6984,225113.00375734217,627395.0663115183,19282310.73,0.9999739053155858,195536.62102903606,432050.44935881835
3517190,Kabuh,2020,807740.9671,432698.4251786778,806073.0239655302,2541931366.0,0.9965717168640202,32737.149206733957,342911.37464890134
3517190,Kabuh,2021,1207861.612,394665.31639602454,1177694.3787236772,21922241074.0,0.971186765772979,54937.2067165248,291076.03840500134
3517190,Kabuh,2022,1152109.717,573705.2737964483,1135213.1467625443,17122613632.0,0.9773522287732883,-205136.9359578034,770974.9402894557
3517190,Kabuh,2023,864062.117,216852.13502856897,845679.341512672,16634398780.0,0.9779837646751222,-380631.13552465464,617396.6007605614
3517190,Kabuh,2024,1248128.152,319795.6139616263,1217218.1564925686,19598792571.0,0.9741616573600795,-689180.837325473,507147.9327167927
3517190,Kabuh,2025,1324259.336,606813.7882672085,1319738.6715610975,3608160494.0,0.9951406896622362,615948.6359887273,714275.2114621091
3517200,Plandaan,2018,594430.4571,-122127.70251464767,591819.4523195506,2080984995.0,0.9971916457796847,-541805.3885949216,524750.8953772673
3517200,Plandaan,2019,754293.6544,24488.81308129664,742940.3684893337,8991899298.0,0.9879772809891277,-132172.58099525218,420894.91799780255
3517200,Plandaan,2020,745038.8593,276898.26405909704,742896.0191918274,2616575623.0,0.9964713999647052,-244625.84649165787,621465.1366247507
3517200,Plandaan,2021,849671.4865,397059.11666426936,841202.0390120553,10850748135.0,0.9855278554566302,-367652.79302294966,400274.5945677475
3517200,Plandaan,2022,892126.4593,337656.2233071955,871814.2039546241,21637933164.0,0.9715498112871525,-716986.7926053941,335215.92745329783
3517200,Plandaan,2023,868807.59,-18438.13218411671,863295.7796027823,3557001714.0,0.9952092579611697,-769031.1208801436,357528.9619469892
3517200,Plandaan,2024,952205.4192,143913.09665729268,937912.7523999574,10242838003.0,0.9863275677316636,-949580.9849047736,592686.998419411
3517200,Plandaan,2025,1271896.09,576668.49745689,1271795.7774645786,82114192.01,0.9998888845961437,491496.1854321594,539577.8227213612
3518010,Sawahan,2018,571880.5751,1239983.4877325143,575897.4374260204,3441834142.0,0.9953636520612886,263732.8396767492,-98235.68007976528
3518010,Sawahan,2019,718893.6966,801814.7903397711,719758.0977790883,5994164974.0,0.9919531821378843,302966.0461929243,-564313.2452557187
3518010,Sawahan,2020,856556.7954,780578.2226520664,855537.0532209345,7740961895.0,0.9896325203264041,300130.98429096694,-57197.66781061364
3518010,Sawahan,2021,962321.087,1163681.0068928897,963737.9858305356,4032365970.0,0.9945724893062611,282451.8508379375,226482.3867480834
3518010,Sawahan,2022,817080.0463,1253443.050116477,821151.8752472965,5359700289.0,0.9927987805689823,33024.82744776446,50854.945932717994
3518010,Sawahan,2023,853247.4875,1140530.7612318892,857210.936152896,7960193414.0,0.9893420326473991,234517.55169747878,-245245.33072141022
3518010,Sawahan,2024,930985.2859,1365578.9868644606,938669.6889357805,10242403248.0,0.9863281401209361,161293.23617646165,-161601.8010602647
3518010,Sawahan,2025,801383.0677,939396.7574742276,801892.7114077179,2109009510.0,0.9971539334598674,868813.4372760692,-267950.24218725506
3518020,Ngetos,2018,636551.0486,743682.2242706823,636553.0541473953,10652524.41,0.9999855838072007,-381714.3367749943,59407.13029407276
3518020,Ngetos,2019,491559.7432,522025.530944572,491561.898239258,40253240.17,0.9999455269752503,30448.795541275467,-263371.51185424975
3518020,Ngetos,2020,583655.0476,503459.95230937866,583501.5980218161,1090880148.0,0.9985258534610673,26982.954088833692,-104870.549583146
3518020,Ngetos,2021,936602.9515,870205.804963406,936186.285979953,3593349291.0,0.995160540199719,-101033.03737877501,76345.26929803472
3518020,Ngetos,2022,804899.579,1083287.8097742626,808198.6224192923,6824044654.0,0.9908493113963507,46150.70465201746,82577.82932971208
3518020,Ngetos,2023,1284654.388,871577.9229443386,1246501.3703934434,57904676573.0,0.9273304508325481,218416.26027967437,-150112.94874139817
3518020,Ngetos,2024,938288.0022,1101219.9883540277,939696.3955368514,4961526834.0,0.9933301927188198,270247.18502999225,456885.56098272686
3518020,Ngetos,2025,888268.2965,952020.7704115716,888268.2965,4.77e-22,1.0,869018.3838124896,57465.457064829534
3518030,Berbek,2018,630956.1795,202852.10726020738,630385.7765267572,759169597.4,0.9989736460845098,-915440.9401956772,-2157.3375048200687
3518030,Berbek,2019,683601.1729,225500.2718415227,681947.0707584067,2062051498.0,0.997217126018827,-667545.6134055189,-69338.60396970308
3518030,Berbek,2020,939335.8842,576867.018960181,917471.8592015033,36526381342.0,0.9528961375402878,-312758.91627839225,75159.43197795132
3518030,Berbek,2021,878138.5339,1265953.8295554777,878617.8393329601,704128379.1,0.999047987824822,80827.89631649814,172872.54974441836
3518030,Berbek,2022,908570.5522,1425916.0361477027,918734.5332900696,11403227561.0,0.9848021868710608,520882.05784614576,-363845.7609649481
3518030,Berbek,2023,784881.2848,999264.1752596757,785912.047709005,2749091237.0,0.9962933575683165,462882.40200096165,-403043.8812504264
3518030,Berbek,2024,1327899.59,1105374.5770675389,1270672.0486581512,197000000000.0,0.7895112635371465,655117.0405718093,-229817.08046293398
3518030,Berbek,2025,824294.8282,838275.5387068618,824363.4756160002,2807760143.0,0.9962145528154902,1380666.9128674057,342545.23056380707
3518040,Loceret,2018,768729.6084,1069984.2921094066,771290.8400747449,4879221241.0,0.9934401107599579,-661314.6096105487,-183891.71339223138
3518040,Loceret,2019,691953.1117,810237.570874831,692472.2834517637,2508540442.0,0.996616598576102,-458842.29766488913,-603949.8935677817
3518040,Loceret,2020,1023530.636,802475.3993912245,1015223.6326946279,22218041311.0,0.9708093330755454,-453709.37534861884,-422831.8941251419
3518040,Loceret,2021,1155565.019,1445991.4227779892,1166071.193676717,21356873792.0,0.971908975486601,414919.7609468687,-1915.8958617470926
3518040,Loceret,2022,1003246.172,1647822.30068864,1025339.0354405618,20195363601.0,0.9733960835095623,432230.97404218663,-117823.36614977825
3518040,Loceret,2023,1034617.423,1504697.3103635053,1039408.646645627,5859375366.0,0.9921327057824417,818453.8284662986,-415971.7927656076
3518040,Loceret,2024,1014256.624,1674384.2419026128,1025165.557508871,9561337171.0,0.9872256338054293,886198.6834750327,-265357.3379166776
3518040,Loceret,2025,1259109.395,921522.8825424035,1253507.3218455324,9601926930.0,0.9871720997587314,1144073.8481645102,-348906.37556489266
3518050,Pace,2018,775955.6881,616391.4726948979,773793.8964475364,7815014155.0,0.9895343800067992,-304041.05489951617,291884.9840830797
3518050,Pace,2019,975756.5853,449121.5860736488,955678.4993251604,22553887601.0,0.9703811582218571,-44883.20241940823,-20964.67371856922
3518050,Pace,2020,904599.3218,553942.2982689746,882445.3042532944,38374302647.0,0.9506307359777539,73303.11943359653,378428.7262451713
3518050,Pace,2021,970474.8133,918855.572027962,969400.1978808722,12097772983.0,0.983891432758355,-8761.132250636827,376004.3691359967
3518050,Pace,2022,826295.7365,891847.7719720355,827047.7137546719,6603233540.0,0.9911427850164596,-214840.91018796715,112960.11516655702
3518050,Pace,2023,921523.6795,621547.2317040334,919427.9753907088,4003270023.0,0.9946114410311699,-86577.96572429813,-65122.13455760793
3518050,Pace,2024,957615.5327,724206.1262702874,954809.0724251972,6925025815.0,0.9907151581816727,-103713.88479153664,223356.71791453974
3518050,Pace,2025,1116063.932,294772.18403448706,1091815.7577243978,17311086607.0,0.9771086455605974,542248.1673457357,266859.3812450521
3518060,Tanjunganom,2018,689315.7161,3253361.2713595023,695860.3883229478,1456127679.0,0.9980332517471396,-228259.80254077472,-1284006.940638519
3518060,Tanjunganom,2019,2005261.265,2053558.7316335943,2035942.151631707,991000000000.0,0.42714016685333256,-142571.12379977247,-2793757.6109312437
3518060,Tanjunganom,2020,789755.392,1726848.7422970603,802757.3341810982,8006093303.0,0.9892812356442462,-134867.53023574245,-575203.3872740481
3518060,Tanjunganom,2021,1315488.041,2536655.282193497,1325385.0383985864,4649323406.0,0.9937472652183595,-303226.72657445405,-1029957.1545958624
3518060,Tanjunganom,2022,1229057.837,2514019.827015494,1235118.6335604405,2696621935.0,0.9963638455031121,-596214.3431206653,-1306409.8286518983
3518060,Tanjunganom,2023,887877.4487,2390511.9173738877,902197.4807138599,5474905702.0,0.9926451306125501,-492856.90315543325,-1479673.1430478396
3518060,Tanjunganom,2024,1086619.111,2326308.751721786,1108551.6204215868,10248374615.0,0.9863202784030667,-808595.9261920371,-1752828.1866604984
3518060,Tanjunganom,2025,1263147.895,985433.1794176197,1255467.9396413197,16183273442.0,0.9785680489552029,488588.7907165637,-1599953.9487140714
3518070,Prambon,2018,729484.0344,749114.2152190802,729731.2406088487,7257153287.0,0.9902741837901311,-696283.3075810013,-415620.66281486326
3518070,Prambon,2019,650413.7307,1170212.9165827427,652191.0922838881,1952338331.0,0.9973648009651847,433980.10708652646,-369996.84070252744
3518070,Prambon,2020,646955.3245,1203602.9222430491,650096.1812788707,3228884929.0,0.9956492588303891,13992.870915394291,-490343.08351548295
3518070,Prambon,2021,1021533.286,1258648.1456356533,1023256.3656695453,4165253273.0,0.9943946273751283,90545.82006340005,-637980.9265731327
3518070,Prambon,2022,780688.6262,1786673.7367272677,790486.0327122662,5596252484.0,0.9924833413069973,352968.9703368813,-296866.59776318853
3518070,Prambon,2023,1028309.45,1778212.0315942962,1042685.1823006645,11121382948.0,0.9851722494895618,339911.6675423351,-836658.4679046848
3518070,Prambon,2024,1271521.129,1820563.4378884807,1291622.402590003,21624379908.0,0.9715671248253349,212641.55247809982,-723159.1746908207
3518070,Prambon,2025,1373106.472,1033078.4948054495,1368842.5988171466,7225990125.0,0.9903155432515501,740465.3139134548,-535084.2644887639
3518080,Ngronggot,2018,765272.5166,1012421.2283568969,766673.6529652308,3244281367.0,0.995628603682823,-258288.7493525492,92087.93269462769
3518080,Ngronggot,2019,612231.3277,722686.5175460575,613039.0916231726,4191923620.0,0.9943589383305214,-77953.82150016923,-401923.17467943975
3518080,Ngronggot,2020,842879.9561,764510.0431124857,842226.3237899423,4785737270.0,0.9935649868885479,148108.326002796,-304634.4258882853
3518080,Ngronggot,2021,751247.0929,979475.8446529537,751409.5049081728,405213861.0,0.9994519117389709,25478.706968429848,33097.25380442012
3518080,Ngronggot,2022,892262.5223,1184476.8058998385,900080.4861356707,15642171171.0,0.9792697902761244,483949.0772991259,-183891.442419681
3518080,Ngronggot,2023,1106188.553,986438.4682746315,1104685.7533515003,7231647614.0,0.9903080344276205,675314.0644309444,-94694.87496312393
3518080,Ngronggot,2024,1149616.39,1264554.6233959089,1152876.2756673566,16609659808.0,0.9780157877819748,852975.1924469911,326440.1864317849
3518080,Ngronggot,2025,1072526.276,544457.5821169382,1068601.069699367,4261275785.0,0.9942661464102347,1444534.8019416344,267916.67453862005
3518090,Kertosono,2018,894253.1537,1265642.151446886,897489.3129366826,5001831748.0,0.9932763749057758,-462007.0252152451,-200319.364423931
3518090,Kertosono,2019,1041156.142,1296560.1612629911,1045275.0663994277,9327052920.0,0.9875347460500825,-350591.31559962884,-616670.8787328423
3518090,Kertosono,2020,1177037.688,1471075.8280246416,1184869.9521834888,15571703696.0,0.9793612517696832,-355097.66626405914,-541508.913690846
3518090,Kertosono,2021,1349895.932,1680292.083010223,1364746.232005941,26779354363.0,0.9650261464467047,194981.3375919034,-521013.8962641356
3518090,Kertosono,2022,1198530.72,1801330.3488056576,1240625.4654938506,42718982370.0,0.9453467088301407,52749.68562143747,-366552.35802888265
3518090,Kertosono,2023,1972672.726,1560702.383429525,1811412.8771156128,366000000000.0,0.6687534184281332,-76765.96499482857,-600749.7069528236
3518090,Kertosono,2024,2169374.278,2076598.1090017827,2129547.3840104965,428000000000.0,0.6332215770818843,259152.9536397315,261750.34873311874
3518090,Kertosono,2025,1597497.318,1389207.0832732823,1591775.2987689786,16073311442.0,0.9787105743481863,675021.6067092494,255686.45411841292
3518100,Patianrowo,2018,730162.7896,597577.1610539685,725246.0913683398,21913698551.0,0.971197670149753,24899.691084736827,-11710.760561790317
3518100,Patianrowo,2019,706622.4017,639910.6586752401,706042.8202368824,4986882296.0,0.9932963357321508,209048.73778409522,29110.41011770186
3518100,Patianrowo,2020,739452.381,715273.0853179117,739410.8875335736,978158746.3,0.998677976667902,324524.7615596134,-15958.673723453656
3518100,Patianrowo,2021,793918.6582,1071069.2758275177,794211.9661523516,602830465.9,0.9991848353623441,349713.6883043194,-11083.750164198922
3518100,Patianrowo,2022,762664.4286,1081711.5154824182,771133.1624626289,15515817096.0,0.979433800530462,161321.97106362128,-264134.81654857495
3518100,Patianrowo,2023,907131.786,984326.1812406207,907899.3229035311,5714531187.0,0.9923256933596178,416703.7982278779,-338500.5051211505
3518100,Patianrowo,2024,1286387.205,1136534.6467442196,1276363.2961419355,40791370355.0,0.9476838153645887,338821.5470377201,-95573.32234751049
3518100,Patianrowo,2025,974240.3308,810370.4863568664,974014.7392447587,784421393.4,0.9989395433021623,859959.8577302959,169321.6969124321
3518110,Baron,2018,643853.4761,1522359.245849342,647480.5839734365,2359065486.0,0.9968175617752664,-779677.5484274329,-448599.21824977605
3518110,Baron,2019,1002712.84,1130142.2584474394,1006974.9150039575,19690324016.0,0.9740441177398467,-279978.4028566022,-1254831.0809874902
3518110,Baron,2020,895955.68,982313.6426832958,897455.8416930388,10059436354.0,0.9865690894650702,-277124.60166442435,-531207.3688601732
3518110,Baron,2021,829211.7484,1374537.9445462236,831011.3506273205,1884009432.0,0.9974567944048519,-413687.1600940008,-345084.02565005503
3518110,Baron,2022,1253342.429,1359297.6017304887,1253834.8912530974,2657060039.0,0.9964170000585578,-592836.6631814947,-749986.5774522506
3518110,Baron,2023,1338391.596,1285989.0456050634,1335784.6781518038,29789515573.0,0.9612472217515251,-384495.73887994833,-393080.0149457189
3518110,Baron,2024,1239925.258,1461196.5729583001,1251391.1018348467,31096861702.0,0.9596151956358309,-293422.17020711576,-168588.5396283858
3518110,Baron,2025,1040122.094,976266.96197038,1039096.2638964962,9290531369.0,0.9875829496514216,540758.480559816,-330068.4696916817
3518120,Gondang,2018,712392.7859,1569632.3826885698,716044.289185913,2434168826.0,0.9967165781590559,86751.08997279264,-18329.3887385375
3518120,Gondang,2019,1055427.349,951888.2942564059,1054871.4709750172,3071429636.0,0.9958605427618183,84229.1302385673,-832181.2265112258
3518120,Gondang,2020,633823.3217,772302.6008453971,634044.4292151283,909997173.8,0.9987699866321033,185989.5956799412,-62174.93795955554
3518120,Gondang,2021,1174875.828,1352507.4388206375,1191291.351125232,57939360648.0,0.9272900877282839,196788.903188522,-107181.00940572238
3518120,Gondang,2022,1176877.323,1334828.071907271,1183481.6451179555,24830383337.0,0.9674887510787318,-73894.24501646668,-82554.9036691892
3518120,Gondang,2023,1320635.144,1341844.5390306758,1322469.4040749078,53869572110.0,0.932050352853688,95115.48423343601,-109252.29123360966
3518120,Gondang,2024,1476203.218,1306404.7244303469,1465835.695378116,37002379215.0,0.9523115710117918,-71417.72178249576,41976.69049459207
3518120,Gondang,2025,1373808.333,954496.8559234003,1367124.3580149205,9217305754.0,0.9876796119247825,795819.9395639347,222219.60045290412
3518130,Sukomoro,2018,1000124.566,1212875.2556482248,1000312.4226859756,502882677.5,0.9993198957094407,329609.2023031751,206926.17955869733
3518130,Sukomoro,2019,918583.0252,849867.7466457259,917742.8965522483,7043075457.0,0.9905583755819914,374596.602508339,-230737.46000286087
3518130,Sukomoro,2020,775278.8279,515332.431055083,771733.4028510568,7868210874.0,0.9894638912274887,111442.27627595843,-9971.790326291462
3518130,Sukomoro,2021,974922.9488,922792.4306023251,974584.324680684,3720346956.0,0.994990358812098,360841.2638420164,178725.19093151914
3518130,Sukomoro,2022,980729.2016,1069774.1851905603,987084.010657144,43729644447.0,0.94412594592488,275832.5830979633,120552.04165181913
3518130,Sukomoro,2023,1083642.943,955685.2040311339,1080441.290530796,14602922986.0,0.9806203906201854,147973.71432169963,-4768.036268804804
3518130,Sukomoro,2024,1429137.462,1031372.9565135585,1396471.8022238028,50910612676.0,0.9355421261478968,19025.25117976508,106165.96840243856
3518130,Sukomoro,2025,1359191.319,505472.40670986276,1284509.0584975253,54549015034.0,0.9312522405780862,631549.0273209423,402389.097082376
3518140,Nganjuk,2018,750563.2714,1114943.5767976397,752544.2010558348,3110347851.0,0.9958083113830948,248186.8254796927,-691501.2165900588
3518140,Nganjuk,2019,784328.0596,1463202.1196878578,797157.5724628534,10960597718.0,0.985383485475172,252781.1747294443,-511789.3198961979
3518140,Nganjuk,2020,1138284.097,1716163.1193334833,1158289.855158083,20405479988.0,0.973126729636024,251471.59705109836,-754150.046635679
3518140,Nganjuk,2021,946830.3925,1679340.9441762718,949846.8594067121,2352903628.0,0.996825847890373,-13.502090983558446,-657855.1002335425
3518140,Nganjuk,2022,1264840.581,2037812.181659907,1398533.8637770787,119000000000.0,0.8612919533267225,-35363.980060738046,-860536.1970757622
3518140,Nganjuk,2023,1449547.46,2163163.7324294387,1509901.7251379583,52571202898.0,0.9335793022197115,201355.341607803,-871253.3910569579
3518140,Nganjuk,2024,1367095.568,2511256.0084209004,1441470.881112214,39560302176.0,0.9491824631624757,448222.2006259005,-782907.7655858202
3518140,Nganjuk,2025,1417131.016,1648595.8108618343,1438149.5334633214,56831377270.0,0.9285812269274901,965009.6078048651,-1055978.267665939
3518150,Bagor,2018,736915.3069,629847.3293561639,734459.3261279557,13358903714.0,0.9822420171490351,-290895.6319320763,124677.53346974855
3518150,Bagor,2019,820227.2517,481940.2592967515,814284.3668438543,10175053038.0,0.9864168200121728,-304599.79250936746,-141226.1579018419
3518150,Bagor,2020,1105965.553,600015.4809443129,1072770.2163416925,39954761150.0,0.9487017505098857,-295872.03293924493,75556.86228602577
3518150,Bagor,2021,1114974.989,1259360.4950548976,1117908.1505453864,11799216815.0,0.9842827215366016,-478341.65750320867,334951.2633366396
3518150,Bagor,2022,1049947.036,1141860.637627899,1052430.8823285408,15804109491.0,0.9790596712143184,-646523.2531952268,-247754.17762185237
3518150,Bagor,2023,953226.4722,900192.8004664755,951319.0159816577,21229427423.0,0.9720719260119329,-352219.9660107185,-312467.4758964579
3518150,Bagor,2024,1153693.395,941974.8497527109,1145617.6320090804,22565340529.0,0.9703665633927607,-299138.63618836843,-168683.16425489332
3518150,Bagor,2025,1665675.108,433449.8310275085,1451070.1843355238,120000000000.0,0.8602891883444586,446303.2213260141,82563.92389234295
3518160,Wilangan,2018,1046489.807,771604.5620335127,1043706.1990556723,5821089299.0,0.9921837100973614,99957.47262656808,81665.7255408901
3518160,Wilangan,2019,629130.3334,659856.4131421885,629130.3334,1.53e-22,1.0,139465.0237328599,66381.37670643942
3518160,Wilangan,2020,800713.264,724862.690052255,800713.264,1.91e-21,1.0,203330.577816376,-174237.2201698484
3518160,Wilangan,2021,869989.7737,963079.1297940083,871165.5451022651,7278980193.0,0.9902452173787913,-180008.54257897765,-44589.39198229252
3518160,Wilangan,2022,596724.0355,989540.1585266006,599346.410009528,3824210210.0,0.9948512216184225,-112789.95798623763,-258607.21514755022
3518160,Wilangan,2023,839184.9376,490982.5183580419,824692.7840165646,24711022161.0,0.9676399773069932,16817.95970986283,-531027.5077272779
3518160,Wilangan,2024,1247676.33,620323.0409814828,1246690.3885776028,895672730.7,0.998789325071623,31918.28174720236,102477.65485357074
3518160,Wilangan,2025,1154650.189,518954.20616424317,1154650.189,3.58e-20,1.0,797766.7911099457,565893.1485545693
3518170,Rejoso,2018,652898.6608,1052979.0672562695,658387.6267679832,7915351889.0,0.98940143500409,-285335.1050313384,146818.30145990616
3518170,Rejoso,2019,824649.6574,666528.6533838026,824160.7327632133,1764918544.0,0.997617170947506,-182846.9732805074,-524559.8115859127
3518170,Rejoso,2020,1030158.818,555501.0365562411,1018552.225233856,14262744173.0,0.9810632945288672,-95962.67943373689,-60555.8534094136
3518170,Rejoso,2021,1240311.454,1186627.940000191,1238267.8719617785,22518204789.0,0.970426632774859,-193151.7575821213,401805.91334994277
3518170,Rejoso,2022,1036912.327,1036620.4708478098,1036905.7999653305,13016588495.0,0.9826891794626192,-419515.3861713266,100293.96483634552
3518170,Rejoso,2023,1232740.173,947374.0519175947,1222682.2194150477,20788247578.0,0.9726364324537626,-376602.4322614529,-50312.8626852138
3518170,Rejoso,2024,1159837.963,1011512.1201982361,1159189.2649186607,2499520342.0,0.9966287234483859,-271033.85313301627,155275.4566834923
3518170,Rejoso,2025,1109642.485,223914.4055919014,1080369.3180832064,19448788492.0,0.9743543456541854,415772.25839378015,107516.31539964373
3518190,Lengkong,2018,679339.0205,124910.71117445332,675801.7690492754,3653655195.0,0.9950797208857588,-451856.3082340713,232981.29816370583
3518190,Lengkong,2019,555645.5603,187151.11079763647,554520.1110795869,1743214169.0,0.9976464052103059,-321605.039397276,229635.64368357445
3518190,Lengkong,2020,784718.5225,507533.5577100899,784684.6864607931,69468867.16,0.9999059944069676,-178795.4253678943,141583.91312984907
3518190,Lengkong,2021,1598191.576,737660.0186308168,1598191.576,2.57e-20,1.0,-328437.5599825978,126470.91325436672
3518190,Lengkong,2022,760962.486,817848.860821641,760962.486,1.52e-21,1.0,-612257.1071161896,692578.6659590227
3518190,Lengkong,2023,999864.6448,233720.82724361512,999864.6448,2.4400000000000002e-21,1.0,-625003.4937265343,-161559.57504633942
3518190,Lengkong,2024,899069.8612,491751.0887202223,899069.8612,2.42e-21,1.0,-718038.4460699242,405954.18086832075
3518190,Lengkong,2025,753071.6683,571665.0301289927,750839.999517761,7087282569.0,0.9904996765605729,295560.40002162685,158376.647342648
3518200,Jatikalen,2018,591238.5721,62288.516299901574,579409.2818299965,13016495125.0,0.9826893014862843,-292739.55903489835,271826.4309495328
3518200,Jatikalen,2019,359054.0931,96407.57501967068,359054.0931,1.35e-22,1.0,-149202.68419871418,198711.93438147055
3518200,Jatikalen,2020,447444.5421,346924.40552288346,447444.5421,1.1e-21,1.0,-9227.603560158575,30439.844350632397
3518200,Jatikalen,2021,869020.4813,366091.9654951606,865803.2147112659,3663492204.0,0.9950665390052167,-226638.64014821767,-71884.48973502748
3518200,Jatikalen,2022,727713.5208,542243.4581893904,727090.4042017497,1918158052.0,0.9974108168756037,-328060.2524965594,263270.54920689424
3518200,Jatikalen,2023,1076005.85,279771.64969973615,1072055.2057678222,2837361220.0,0.996174797038203,-228388.58397049177,29683.746758944937
3518200,Jatikalen,2024,1076938.902,665727.6175773955,1054819.4320297218,32348188913.0,0.9580582830125874,-119354.56807265674,560672.9302260901
3518200,Jatikalen,2025,1321024.277,747149.7519534805,1296834.1998947698,25040970228.0,0.9672220604500099,832567.1838408004,343423.89581152494
3519010,Kebonsari,2018,867193.7705,1792970.3504194196,887216.9062535849,12579096438.0,0.9832612631721407,-364694.4434928734,-502678.84204478806
3519010,Kebonsari,2019,807262.673,1104656.374302416,810240.9356717946,5756119047.0,0.9922702748176166,-323306.73346870474,-1165050.0678582862
3519010,Kebonsari,2020,1025303.314,852858.3955531897,1023630.7695727305,5572978861.0,0.9925143674884427,-202961.95651542646,-692031.8025783466
3519010,Kebonsari,2021,1021792.875,1561364.4725041445,1023814.291224859,2139755166.0,0.9971125626080372,-184229.53910365608,-48546.13889559894
3519010,Kebonsari,2022,947598.3172,1569166.9051899961,953604.4474280648,5552006534.0,0.9925423274624998,-314299.2853474966,-570087.3579822376
3519010,Kebonsari,2023,1103905.509,1514585.049832852,1120173.3653732848,23469719869.0,0.969215468578403,-39748.45439354153,-753623.2732185287
3519010,Kebonsari,2024,1043092.635,1706712.988507064,1058744.8383171326,13745140081.0,0.9817379695341488,-76416.37119633285,-530225.844428207
3519010,Kebonsari,2025,1184030.868,805693.6319615659,1171327.6363738463,19769468206.0,0.9739425080109746,408064.61890652403,-696632.4929751907
3519020,Geger,2018,1001997.311,1636370.8059342203,1018284.5295582116,14994264664.0,0.9801113683849106,208567.88260225096,-342816.73370204703
3519020,Geger,2019,1085381.116,1248897.642120569,1091641.2037648472,22651623563.0,0.970256624299056,235157.19405682932,-691957.6117652911
3519020,Geger,2020,892854.8275,1203630.0594877258,900470.9901574774,14295290804.0,0.9810209023603395,241242.54110986082,-293367.7302675252
3519020,Geger,2021,1127183.878,2013545.2436647075,1133832.2707828502,4300342259.0,0.9942138838121186,291391.7107218678,-306413.89061125147
3519020,Geger,2022,1196125.95,1754637.0264990265,1205874.7150767588,10108638767.0,0.9865042831711258,-65546.89862912628,-781633.410434078
3519020,Geger,2023,1119768.408,1544760.1200016362,1122220.8607088232,3302637622.0,0.9955503234153464,164868.91135946615,-626079.5641162891
3519020,Geger,2024,1203506.648,1526948.6908766474,1211045.66199145,13579635357.0,0.9819538937661998,129405.4098024365,-447954.14929766045
3519020,Geger,2025,1406841.071,909742.9844228452,1398111.7069123394,10170963944.0,0.9864222046278064,610766.0027291421,-287880.31738678133
3519030,Dolopo,2018,902336.3472,781153.8540396367,901072.0236943716,5999299866.0,0.9919463443602302,-332657.0588172213,-287789.6704279737
3519030,Dolopo,2019,1045450.656,770967.138487547,1041871.0936119796,7518685853.0,0.9899272162865393,-227111.4228118916,-107432.37222329993
3519030,Dolopo,2020,1047778.263,1030070.1499882098,1047295.9732148962,15931454462.0,0.9788945012198448,-65075.34187413371,128444.89338789228
3519030,Dolopo,2021,901554.3584,1705754.827322999,930911.0052025381,21558553703.0,0.971651222954631,-277881.68585880863,19198.80782967864
3519030,Dolopo,2022,763095.8945,1516755.0521629192,785490.7333798986,17426128340.0,0.9769600248375987,-460830.1301146984,-808880.4617992777
3519030,Dolopo,2023,887073.3452,1275901.280913056,896480.917392666,14108611441.0,0.9812641030417864,-232282.89749636917,-941157.8801818792
3519030,Dolopo,2024,1141414.24,1384765.0749762703,1147800.8991492386,15336222240.0,0.9796670130014417,-163642.90314946603,-573561.4742290416
3519030,Dolopo,2025,1126420.737,1051750.7408254438,1124807.2986729213,12566678728.0,0.9832775108333265,544042.9249784325,-295918.6036163508
3519040,Dagangan,2018,701212.8079,1330961.3015816389,716306.2131101231,13972788948.0,0.9814411246026995,-70825.85300242786,-720868.0511220167
3519040,Dagangan,2019,801489.961,1254960.259895678,805945.903969134,5646856432.0,0.9924158876282848,-7409.608491502371,-826665.1231396658
3519040,Dagangan,2020,600756.7055,1442326.8392957172,606098.6955094158,3635010256.0,0.9951047066091407,122488.19992747127,-622790.7752957159
3519040,Dagangan,2021,935826.4062,1724629.1314508226,943329.6515933303,5464607377.0,0.9926588635973523,-69370.84167522941,-904752.0808253038
3519040,Dagangan,2022,760273.5123,1827634.7849221039,764452.8015686108,2236774342.0,0.9969820376962781,-156193.4989445628,-892263.9349830461
3519040,Dagangan,2023,985641.4773,1649481.1473253334,994832.6218996178,7988932536.0,0.9893039651776634,96386.99398357459,-1147640.2480236958
3519040,Dagangan,2024,1116101.526,1839029.2464615991,1120169.6491097647,3220159331.0,0.9956609650686986,128209.24109607465,-765460.862244228
3519040,Dagangan,2025,1023204.804,1120856.4468326846,1024943.5464241076,10315388176.0,0.9862320590072717,691392.0133158591,-698968.5051357294
3519050,Wungu,2018,1072625.712,727755.8708290617,1051015.03114741,38040389773.0,0.9510392883895732,377343.15327652293,438644.2860965882
3519050,Wungu,2019,811693.0811,391328.82712995994,808502.6870679768,4351656286.0,0.9941452449514184,442705.26331001153,366710.4987066381
3519050,Wungu,2020,820799.6076,307120.6497945915,815645.0355628595,5767773250.0,0.9922547459406308,274185.80486146885,499280.9423921823
3519050,Wungu,2021,757777.8813,758513.1357180472,757781.0639838143,2473814927.0,0.9966632784391526,139917.41110937556,617854.9645667246
3519050,Wungu,2022,945725.6089,781205.574591284,943945.4425344348,6224349650.0,0.991646753830455,58012.624600299256,128795.71150075458
3519050,Wungu,2023,997455.8159,703107.7353871985,988581.3021379133,17689111319.0,0.9766204507415147,373722.266510569,222176.89054790302
3519050,Wungu,2024,1086774.695,1007127.3123521751,1086386.4209905975,2787510330.0,0.9962417511895207,551191.2233481631,422089.7028082616
3519050,Wungu,2025,1324544.459,780659.6823445141,1308076.1864698774,17767309949.0,0.9765195230839337,924852.6870505317,331082.2599728706
3519060,Kare,2018,604732.1623,298206.0924005554,604594.0052390781,256583548.2,0.9996528778461743,-446050.46632511116,168760.83105118957
3519060,Kare,2019,604746.3947,438308.46220735693,603217.1444032082,5276699971.0,0.9929095079340994,-199474.27413805723,131072.80831588642
3519060,Kare,2020,627461.0013,760627.4700684368,627995.0803718589,2291307173.0,0.9969086868611173,22422.740119756607,108580.64339185879
3519060,Kare,2021,1155650.592,822698.1450367348,1145352.0118771186,18162173783.0,0.9760102075140609,-65737.48816925101,-85216.09303090221
3519060,Kare,2022,857176.2525,863874.7578337312,857312.3524711585,11801095604.0,0.9842802582159409,-423660.92886312085,353542.3627562162
3519060,Kare,2023,954405.6965,670054.2319058592,948829.3200267226,11382180632.0,0.9848298119311755,-255122.18051088625,21410.654427725472
3519060,Kare,2024,1122814.073,772125.8923854674,1118655.1538225703,6829169886.0,0.9908425016635289,-388314.67242656375,241987.16381403513
3519060,Kare,2025,1055014.93,1189891.6289831055,1056111.603486871,4664589375.0,0.9937268632693622,640500.6584820512,340276.3108415194
3519070,Gemarang,2018,767322.7973,225631.0506485515,751870.3162070831,16708686857.0,0.9778876158431904,-72714.78970504434,333073.1734503807
3519070,Gemarang,2019,675078.2894,225495.1141984426,670098.1430675727,6373779512.0,0.9914479299228625,-67487.9778785928,381457.2135164992
3519070,Gemarang,2020,706296.346,463817.4147896354,703454.4408072005,6748123363.0,0.9909501965661232,-111260.86577313792,372632.7199126891
3519070,Gemarang,2021,821675.4555,493485.8810363983,818421.9385918875,5697476075.0,0.9923484222011262,-233682.93782451225,197153.33325436414
3519070,Gemarang,2022,898699.3315,643169.9767876066,890227.1382647156,19513076820.0,0.9742717545116627,-325250.06316031865,246846.89152451896
3519070,Gemarang,2023,694137.0309,332899.17984718474,681364.093249096,20857347903.0,0.9725479726522276,-107265.90693732414,191654.9189202214
3519070,Gemarang,2024,876649.2006,513485.5237003665,867125.8745322126,15323366554.0,0.9796837109813061,-24852.43378451906,274853.80996063136
3519070,Gemarang,2025,946484.9605,573186.5157599018,933311.6398091243,20814653830.0,0.9726026262006146,587478.177343171,374426.519267155
3519080,Saradan,2018,864135.5995,211830.62952787857,855865.8645615134,7306498687.0,0.9902087000956655,185374.12756227408,626408.2001125219
3519080,Saradan,2019,810567.9335,164751.45889893442,801328.5475816396,8258847611.0,0.9889465820631802,155913.1336789685,686134.869597674
3519080,Saradan,2020,764571.3398,392437.9618072881,757757.9181517194,10612537014.0,0.9858410701652391,102386.6389728509,737172.3368889105
3519080,Saradan,2021,859566.485,724912.8380503866,859319.5171890506,1045554921.0,0.9985870165656412,41346.21234563978,518371.1835956822
3519080,Saradan,2022,1161460.645,723564.0471077472,1118078.7923576643,62570871493.0,0.9219316114324118,-99840.19958892367,259460.4928809494
3519080,Saradan,2023,968613.8647,499086.1111279321,961739.6630904117,8454612617.0,0.9886875394209205,170396.4453948824,510384.14446056227
3519080,Saradan,2024,1168692.579,598603.0692415301,1156896.8757456539,12022322601.0,0.9839902889188964,218535.74000437272,596773.0658719032
3519080,Saradan,2025,989327.2751,446277.7648966558,973192.7942670871,17423755098.0,0.9769630903373154,654444.5565287656,770005.2107895348
3519090,Pilangkenceng,2018,723572.379,392366.41390463675,721579.7219499621,3444153717.0,0.9953605419572158,494272.38370637404,470149.98712169135
3519090,Pilangkenceng,2019,1071534.751,386586.6012371295,1027868.5253470658,38745744041.0,0.9501766785088773,487741.6708815291,379513.21352545545
3519090,Pilangkenceng,2020,822309.0855,673109.4737361696,820394.809934245,7395580940.0,0.9900905056329629,429735.51780774724,765180.6732109725
3519090,Pilangkenceng,2021,997265.9899,692929.8186186876,994308.99015167,5582971384.0,0.9925010461691836,320311.77735295135,348775.6229710169
3519090,Pilangkenceng,2022,845000.8753,811418.0788675413,844523.4066014254,8206809701.0,0.9890154631619119,309095.8965744737,418898.95559472754
3519090,Pilangkenceng,2023,905113.5892,610052.1360978059,901668.2222716501,6722817977.0,0.9909838272474676,534270.6534021941,194681.23706761352
3519090,Pilangkenceng,2024,879722.0981,804905.6680985874,879062.0731073796,5064528999.0,0.9931926689392983,626400.9799865335,421916.0788062331
3519090,Pilangkenceng,2025,1090795.583,474105.1543026956,1085238.4148139781,5174220940.0,0.9930462551403308,810005.8449915067,317675.31070038513
3519100,Mejayan,2018,946633.0216,742198.2883418391,945769.3784360198,2414046251.0,0.9967436328770498,-465268.5149944896,264347.9044815685
3519100,Mejayan,2019,752406.2447,654890.1375368112,750736.83058944,9910927421.0,0.9867647476465279,-426974.1722483543,-92213.30374634685
3519100,Mejayan,2020,1331713.701,823567.1132664436,1278363.733510841,66748925574.0,0.9171506225527257,-377456.19224106846,-193681.51016290428
3519100,Mejayan,2021,1113452.065,1027026.1858688333,1104241.5676538257,67874494414.0,0.9158710898741833,-95147.21444586193,273564.2184414081
3519100,Mejayan,2022,1579140.291,957185.7565637638,1332076.6594729228,375000000000.0,0.6633501608909136,-370014.22595872695,58329.53726819833
3519100,Mejayan,2023,1310361.329,768518.4815221257,1264948.9032973298,52052747961.0,0.9341912330313327,-96763.25017942206,497828.8162908035
3519100,Mejayan,2024,1174442.302,878655.7149687696,1164708.853615559,19361872765.0,0.9744660284562877,-208790.65976354267,527703.5090840249
3519100,Mejayan,2025,1159059.927,631412.3661703843,1148209.0687285655,11947353284.0,0.9840885344587125,487085.00781827606,311485.97609584604
3519110,Wonoasri,2018,1146900.663,323885.97997838055,1068703.9951377204,59740028250.0,0.9251994017039954,-308758.32845688995,568519.7793681745
3519110,Wonoasri,2019,894571.6316,285964.71000081644,872675.5985907572,21235800655.0,0.9720637760197375,-186781.18237463286,616059.995011653
3519110,Wonoasri,2020,1006325.771,425899.1715282269,994844.0319291875,11483250624.0,0.9846971670755941,-174889.24675195693,500683.3724217758
3519110,Wonoasri,2021,1459120.403,419388.7918629556,1459120.403,1.79e-21,1.0,-286094.59117226244,505660.72245253646
3519110,Wonoasri,2022,1221013.265,617548.6683666052,1221013.265,1.3400000000000002e-21,1.0,-561777.4762976993,951259.9828885748
3519110,Wonoasri,2023,998100.9091,424829.9953605224,998100.9091,4.39e-22,1.0,-286096.60373553773,571407.5772201011
3519110,Wonoasri,2024,815769.4604,665165.9125419285,815769.4604,8.53e-22,1.0,-292177.6595850267,504752.63787052897
3519110,Wonoasri,2025,1130597.234,450561.05353401887,1122410.5607100881,6933664206.0,0.9907036837879432,321706.2886277403,122578.84197349858
3519120,Balerejo,2018,997294.0629,473915.8822638729,992612.6299396236,5135617057.0,0.9930977776231881,102601.56025533259,439385.5355546312
3519120,Balerejo,2019,728870.2575,475287.56423470704,725798.8163945653,6976575579.0,0.9906466884562828,276127.9696209497,429971.78281481005
3519120,Balerejo,2020,705397.4452,479166.5581037131,703981.6730101409,3583399424.0,0.9951738758345385,35749.373365087624,226771.73336349463
3519120,Balerejo,2021,1200703.622,483620.5370426957,1167426.4270189698,27691164724.0,0.963878336121587,-155187.61135642556,152980.40526083484
3519120,Balerejo,2022,885410.3065,652954.9586597554,880437.0601122906,12439991777.0,0.983443302089377,-238415.56555143555,572679.1276771502
3519120,Balerejo,2023,1190661.186,517329.6589146849,1155924.1348710093,30952457748.0,0.9597951900697642,-9095.876366900397,194726.65471495595
3519120,Balerejo,2024,1452098.94,726455.7729137668,1399564.2724610192,44410765862.0,0.943305006879145,93443.98640099897,583949.1915264176
3519120,Balerejo,2025,951245.5694,650201.5469980012,949076.527416998,4129578693.0,0.994442369479999,568333.9862477583,778115.4691971953
3519130,Madiun,2018,1298067.591,251330.65330964478,1246745.872376915,29337578441.0,0.9618126896174835,-35782.06395357882,532599.0256995433
3519130,Madiun,2019,1035345.672,431087.60324599175,982780.8844041707,54215637388.0,0.9316436740414784,23113.164358764,906631.0324116047
3519130,Madiun,2020,1172175.767,702767.0582303313,1130104.909749465,56019257497.0,0.9295298804936841,16401.766706420793,592206.1954190137
3519130,Madiun,2021,1234239.37,680207.2279069426,1230351.8627129218,4020885287.0,0.9945878585191252,-219109.1253957117,479534.98280354275
3519130,Madiun,2022,966249.8138,691823.1035991407,961609.1465953592,9787872326.0,0.986926929601066,-415987.12324348296,459555.74969032547
3519130,Madiun,2023,982853.2194,586432.4060089117,967649.5335125143,22693622840.0,0.9702031191717134,-228097.82858285887,166930.694490848
3519130,Madiun,2024,1177482.84,746634.9824691779,1174905.4479594359,3424441145.0,0.9953869733452534,-244274.31129946146,254805.50314946135
3519130,Madiun,2025,1632319.556,735167.9099001333,1613868.6800985248,11948223279.0,0.9840873942380626,399492.88723021955,343602.9468736602
3519140,Sawahan,2018,872809.4044,573320.6269303662,866435.6327753023,12373307183.0,0.9835305925963965,-51287.6715315013,511686.83017519064
3519140,Sawahan,2019,1232879.455,566901.8090795795,1211318.9950398265,19037865599.0,0.9748825888141395,200562.54134789784,323953.12549204973
3519140,Sawahan,2020,846432.6693,831196.6564770213,845859.2852813451,22251592240.0,0.9707665415670047,156839.10498373164,754849.2671312427
3519140,Sawahan,2021,1079893.496,707903.0486186203,1077129.7528018886,4259238231.0,0.9942688723730523,-61979.75182858425,225143.0722840277
3519140,Sawahan,2022,882652.2053,758208.3491216626,882619.8352830525,148050472.5,0.999799678715955,-319882.1438036847,438126.18486437073
3519140,Sawahan,2023,1540450.559,602686.4737055709,1396720.1118096728,103000000000.0,0.8776601585345595,65805.20454049895,191333.48699680506
3519140,Sawahan,2024,1129214.105,828025.2701279321,1102696.5887535762,54934715555.0,0.9307997827211791,-89134.22964506582,997915.7557274594
3519140,Sawahan,2025,1253872.029,989710.9215395235,1253809.4650576555,134798621.2,0.9998176060054489,622860.2285338611,503900.8909870316
3519150,Jiwan,2018,969650.082,107937.53854745612,965454.3395620881,2784155782.0,0.9962462569671706,-66438.4414437568,772250.689881013
3519150,Jiwan,2019,825449.9633,234847.05977102296,815508.9377575925,9741710613.0,0.9869877827417612,174193.64710361476,794404.4507052206
3519150,Jiwan,2020,1139214.504,463683.91581540037,1104550.1234083222,30778214438.0,0.9600124681222192,-60260.326436745236,621115.2464154302
3519150,Jiwan,2021,1128090.186,322217.3658846314,1115189.629248454,9257160761.0,0.9876269985406226,-273833.56830782566,685994.3908525812
3519150,Jiwan,2022,835882.6204,447744.2005258332,830267.0034078191,8353481192.0,0.988821342874749,-369345.2937182649,773642.1764850877
3519150,Jiwan,2023,1465116.644,470205.21334763785,1451280.5320543007,8024889592.0,0.9892563410511043,50466.328917489824,385088.1746888751
3519150,Jiwan,2024,1248059.509,712257.5918199213,1221898.6910351124,29208834240.0,0.9619738973136442,-94738.83057211398,1006363.958324318
3519150,Jiwan,2025,1439287.083,532417.4166499187,1399611.257798867,26033774119.0,0.9659667355603204,650625.6533375438,674416.7438393993
3520010,Poncol,2018,375874.2623,863752.5328699236,376571.1738873699,813981195.4,0.9988996254761546,-247462.71350693714,-216385.9238596703
3520010,Poncol,2019,751839.9817,770619.8602358031,752340.0650781101,15566767674.0,0.9793676589960397,-26596.55166613921,-591849.5566920277
3520010,Poncol,2020,815444.1865,897983.0593516278,818433.4566060111,21382303656.0,0.9718764678795258,-78702.96831903096,-86706.73094489018
3520010,Poncol,2021,637298.5338,1242264.8532199652,639563.3814497711,2138277620.0,0.9971145506912449,35942.78959992707,-28508.478079129593
3520010,Poncol,2022,636532.0637,1204215.9482524027,642397.9451420379,5941074224.0,0.9920238849144012,-272564.2478883095,-461090.81231948955
3520010,Poncol,2023,930220.7548,1158132.3948213367,936305.5121600917,15608329964.0,0.9793137114906996,207144.88455678732,-556137.1838584149
3520010,Poncol,2024,839948.2398,1290243.7021154608,846662.9599368813,8613557995.0,0.9884773175112241,95850.0474390159,-140453.6563902127
3520010,Poncol,2025,1159168.306,1140009.1235558921,1159163.6563362228,138126604.4,0.9998131038028485,865246.6022340223,-289179.32425117295
3520020,Parang,2018,670422.648,821500.482960003,672680.8699061947,8634432406.0,0.988449715557486,234246.55214026544,95588.97475117787
3520020,Parang,2019,899672.2905,549528.933750873,894815.0594421409,8004551155.0,0.9892832781853246,397447.43922275543,-191832.299262268
3520020,Parang,2020,925953.315,638324.0745920875,921695.6021213903,8549633713.0,0.9885618533214255,219041.0774354305,345937.3232602016
3520020,Parang,2021,1080569.921,1035579.7121713528,1078341.8460673015,29648161830.0,0.9614240133735945,151427.16281675373,411855.28020824573
3520020,Parang,2022,741193.2602,1109495.6242296104,745102.9389209591,6105184164.0,0.9918053666340715,23297.18567770487,207822.81675162725
3520020,Parang,2023,704920.1327,779837.4156871993,705457.6989760201,4112489903.0,0.9944652404637376,444835.8927718108,-240775.91797507228
3520020,Parang,2024,654523.9309,900723.5266153101,657871.1259970883,7842706721.0,0.9894976844759965,379339.8168360918,14361.285572631285
3520020,Parang,2025,864169.3688,846470.5561001034,864066.7858332724,3317286493.0,0.9955306750545908,732777.1893467195,-91903.72317267826
3520030,Lembeyan,2018,626122.0195,631491.4203971215,626212.490882611,9751978006.0,0.9869742469991324,-77507.32438206988,185561.006545936
3520030,Lembeyan,2019,749654.6184,455330.53319909895,744230.3479122266,10683693585.0,0.9857474882558044,259980.29964791294,-173060.5665763662
3520030,Lembeyan,2020,693372.8277,516106.482838781,688886.5004806761,14774907871.0,0.9803966229648912,79674.17642525442,187338.6855042572
3520030,Lembeyan,2021,1292891.575,1010567.5317135458,1229726.643363292,164000000000.0,0.8183664848722855,-78763.28362433889,155297.49358760356
3520030,Lembeyan,2022,827844.338,1151259.9875903702,837868.044125438,18199851604.0,0.9759616364978951,11388.930630476534,273232.05371810065
3520030,Lembeyan,2023,1169413.636,866856.5460524012,1156339.646300433,25698766143.0,0.9663899632109645,246094.7813711556,-240187.6706541609
3520030,Lembeyan,2024,978084.7902,1031526.2695407427,979089.8509997479,10906531607.0,0.9854545366574698,89805.42257090044,274040.15105984744
3520030,Lembeyan,2025,1470095.356,694827.4778624669,1375184.4059095928,79379225699.0,0.9029945182365704,602785.333093616,17952.94597571448
3520040,Takeran,2018,746029.82,543362.8280486559,745654.9570643076,1054437556.0,0.9985750295040062,19240.849153893898,112287.77733960446
3520040,Takeran,2019,933393.6021,484641.85840590805,920780.1700861019,16456458603.0,0.9782141442148331,42419.02337093441,61359.44423018524
3520040,Takeran,2020,902088.8196,692068.8148468311,900477.5783792716,4399182064.0,0.9940816817957191,46765.80808388295,300627.56453616824
3520040,Takeran,2021,851593.9383,974730.1493810366,852480.0712122326,4124554729.0,0.9944490932523233,16132.989255684646,168841.95775612094
3520040,Takeran,2022,903239.2426,947435.8849880818,904319.3374740849,14254279683.0,0.981074320174662,-148464.8388815408,-155610.36803300516
3520040,Takeran,2023,1016945.387,869128.1709704539,1015781.318386758,4516630266.0,0.9939246360399993,117086.3692471444,-148106.30731331953
3520040,Takeran,2024,888446.7153,996132.901565139,888952.3103214875,2684194545.0,0.996380542079562,255466.67832048197,74010.00290278601
3520040,Takeran,2025,1147370.817,630858.6739696553,1121841.9639687194,29586387458.0,0.9615012952187516,553516.9028823143,-59854.76368186064
3520041,Nguntoronadi,2018,1063782.538,362273.7500872333,1049155.9276512503,12116823814.0,0.983866475230153,74785.11133745062,589907.2021710012
3520041,Nguntoronadi,2019,963097.9519,530234.9302698815,958199.4135623537,6513075789.0,0.9912626610447838,325852.4566390085,604945.2078159974
3520041,Nguntoronadi,2020,824798.3587,718121.2419858421,823858.9278599331,5055479584.0,0.9932047497784733,271941.7925147166,418141.47762122203
3520041,Nguntoronadi,2021,1020143.144,574448.9048765315,1015632.1416087662,5818102977.0,0.9921876886660893,142965.30112354667,122094.97809251363
3520041,Nguntoronadi,2022,1208757.452,651305.2938205762,1181574.8303421128,29169031628.0,0.9620237472901801,-117986.20338655965,374102.2483406046
3520041,Nguntoronadi,2023,1582366.774,706371.9398355301,1569299.092499295,8616913934.0,0.9884728798940946,390371.5086245151,485023.01350869134
3520041,Nguntoronadi,2024,1745426.054,825431.8780373398,1718378.2791906937,17235881505.0,0.9772058263702471,179923.7499032311,932740.5080841857
3520041,Nguntoronadi,2025,1269506.155,861239.3825893628,1259237.5742907962,14681034899.0,0.9805187474036436,609527.3008264184,1041707.3954436736
3520050,Kawedanan,2018,1006637.661,430847.1252174569,957417.8172719755,53187661491.0,0.9328527404843854,-517137.88123590907,239263.90188403387
3520050,Kawedanan,2019,713028.9797,480815.93214199785,710731.5864165977,5685833709.0,0.992363938234684,-296395.44808118884,252054.7846703336
3520050,Kawedanan,2020,778248.5811,699580.7273565789,777614.5569493229,4623280347.0,0.9937820719627344,-312803.82210399455,23933.40483177756
3520050,Kawedanan,2021,980429.9124,792571.8361268379,979024.6594724806,4288573757.0,0.9942296269759258,-358058.4229858362,-93439.38691985968
3520050,Kawedanan,2022,1131252.832,824625.1763493905,1106208.1359392446,50610047534.0,0.935898277758504,-494487.94148361235,12536.337175884517
3520050,Kawedanan,2023,1061964.761,694095.7910892963,1051896.8608778676,16011226925.0,0.9787910624874064,-105363.86710399216,148174.95910630375
3520050,Kawedanan,2024,1066740.091,750054.6986141976,1046444.7578184698,38963673983.0,0.9499104783851002,-198449.33827459265,287237.52704585844
3520050,Kawedanan,2025,1505189.29,733248.1999730786,1451485.6902234955,42546386022.0,0.9455555009237017,581453.1402616482,275347.7654716732
3520060,Magetan,2018,1124337.466,1685962.2158029682,1157672.935530194,35905594940.0,0.9536595960668703,204728.24418447653,-143453.8189195741
3520060,Magetan,2019,1365485.34,1533832.7926761943,1383343.6867149803,67524835879.0,0.9162681949155091,284776.85039784346,-604874.8561034964
3520060,Magetan,2020,1247267.973,1799127.0574304082,1253896.325618468,6917555089.0,0.9907250817777521,262405.2662041699,-240411.41145573533
3520060,Magetan,2021,1208697.119,1893547.0618089032,1218476.0786816338,8242720308.0,0.988967928288631,226614.41610342058,-492046.96425254294
3520060,Magetan,2022,1777885.87,2095854.1806660574,1900469.3090094468,357000000000.0,0.6742454223121012,220587.79045251606,-641833.9796050251
3520060,Magetan,2023,2331517.576,2075938.8722718246,2180789.0964849875,818000000000.0,0.47460271359224,325759.404877679,-250643.94452447095
3520060,Magetan,2024,2145799.256,2336390.745005005,2223423.9833437987,391000000000.0,0.653956902816568,198616.66929232317,375499.5210378156
3520060,Magetan,2025,2162924.205,1878231.3492226072,2115060.560883654,115000000000.0,0.8653264994940989,730299.759346636,59719.99718937138
3520061,Ngariboyo,2018,827958.7581,324025.3235494523,819103.6318025239,10177666374.0,0.9864133787403468,-86206.75307041916,146607.91164926515
3520061,Ngariboyo,2019,1024492.446,462862.796354834,1009736.0412368642,15353989232.0,0.9796439367665339,123931.1263571139,339974.17627109133
3520061,Ngariboyo,2020,704458.5294,869286.6287740527,708583.3986499403,14605382315.0,0.9806171900942023,233727.42444710757,542599.5127576503
3520061,Ngariboyo,2021,901795.3002,1069902.0209815695,903794.9661487844,6850097015.0,0.9908146974238601,216502.32427186862,-35324.48867142259
3520061,Ngariboyo,2022,788556.5808,1162219.5940732707,803955.1921235055,24457116278.0,0.9679618240363844,227169.58779960877,-107805.29777644912
3520061,Ngariboyo,2023,1010122.476,783510.157172911,1000246.9402545396,25927186474.0,0.966101351358999,235843.61226171715,-277055.08971760876
3520061,Ngariboyo,2024,993549.6986,915124.306949338,983848.7862918248,80320882122.0,0.901956589520967,161617.6620834199,214144.53619028907
3520061,Ngariboyo,2025,973868.0639,987840.4778801874,974298.8474291462,18101538196.0,0.9760883838650335,819423.5870256298,174704.15754465293
3520070,Plaosan,2018,937247.8982,1311532.6022418232,960849.4299889406,38295929326.0,0.9507265965572478,121226.46550876976,10505.23315586707
3520070,Plaosan,2019,934003.0418,1276771.953358474,941797.6475801193,13240671426.0,0.9823964165731986,423221.3732796118,-228216.26237866713
3520070,Plaosan,2020,1018946.441,1100461.6870213496,1020323.3053923941,9776377208.0,0.9869420824538968,121451.95982682508,-110364.17666432075
3520070,Plaosan,2021,1334484.633,1452388.3143750746,1336982.4451868373,12315703732.0,0.9836060083114925,56507.00196458862,116220.94958011655
3520070,Plaosan,2022,1208720.456,1566594.002106258,1210470.5446710433,2796319694.0,0.9962299187803659,143258.3355400137,159085.482267695
3520070,Plaosan,2023,1214716.068,1463091.549019136,1220934.878686115,14612961791.0,0.9806073264335463,328752.61491537845,-3042.101241292432
3520070,Plaosan,2024,914035.2485,1475859.3765917306,926715.2712038448,13138961921.0,0.9825292777563394,280060.8472348179,58534.74957122514
3520070,Plaosan,2025,1161833.368,1295987.1538929683,1165481.2813776692,15905298043.0,0.9789284222800256,720443.4734548385,-226093.92113533523
3520071,Sidorejo,2018,1090355.548,735860.5005132344,1087585.4337159246,4481484306.0,0.9939716262253223,-12698.661629330985,278676.8562016203
3520071,Sidorejo,2019,599822.9794,904172.9834855124,604186.15103686,8276132863.0,0.9889237041903852,321072.68216454575,392169.0206117134
3520071,Sidorejo,2020,1026224.32,807368.6504058259,1023663.2228605461,6737639627.0,0.9909641291011356,120259.73804805998,-107820.60474518326
3520071,Sidorejo,2021,1066185.489,923512.7046827398,1064465.1675595497,6944872584.0,0.990688796071,-32776.08269003581,308918.42425648856
3520071,Sidorejo,2022,1224000.591,1101286.6620188758,1216596.3550719963,36537748453.0,0.9528821693812042,53538.78889159922,307189.6934706997
3520071,Sidorejo,2023,976864.0291,1074238.5683401856,977955.3174021089,6449352332.0,0.9913474068587452,304520.2796346379,352874.60118398955
3520071,Sidorejo,2024,1130180.361,1085447.0602627527,1129777.7494234364,5167840777.0,0.993054770024779,145469.93920820433,139990.77443031652
3520071,Sidorejo,2025,1151682.139,940662.2958697825,1143347.7124383578,23398098844.0,0.9693065282985696,632861.2029512252,228752.6321408369
3520080,Panekan,2018,723446.8012,972923.9937983373,732345.0343504901,21046190046.0,0.9723063056471213,-435549.2197597782,124384.85047679971
3520080,Panekan,2019,777054.5347,683670.5587142106,770101.1376405088,45778014944.0,0.9416613965887948,-211165.70917102596,-351070.61053095164
3520080,Panekan,2020,770345.0088,640611.5465663611,766399.9914271405,17845779440.0,0.9764182668043668,19452.175770390022,-17257.456877551973
3520080,Panekan,2021,1007839.736,1161990.296612662,1008590.7401643317,2785772137.0,0.9962440858987284,90569.19280144305,187420.3430676486
3520080,Panekan,2022,994812.1401,1252914.7514570358,996955.9857186207,4765965011.0,0.9935914027451929,55351.934725167404,45644.86777887726
3520080,Panekan,2023,928098.435,1098566.2081401364,929803.5537111616,5749176232.0,0.9922795261420171,295469.05135136313,-46684.083926372
3520080,Panekan,2024,1004650.073,1187498.5081170883,1007175.1337554856,7967960188.0,0.9893317445900155,207451.42349758616,5428.769092711853
3520080,Panekan,2025,1559801.289,808960.9236423684,1490841.8248214247,57545676621.0,0.9277484384807145,756776.0581291766,21895.538433606154
3520090,Sukomoro,2018,1129361.83,220478.19757807348,1111679.9997761021,11289598815.0,0.9849513482198805,-59010.131481058226,603615.8843098194
3520090,Sukomoro,2019,1225811.764,353135.63068085606,1193154.983783902,22121339477.0,0.9709326895877552,75300.17008950541,771163.4205780977
3520090,Sukomoro,2020,1065142.924,476784.6675135001,1059377.301802912,5631298393.0,0.9924366250926149,244416.99257926864,823425.2771042739
3520090,Sukomoro,2021,1033219.887,637807.9674610235,1032049.8509151852,1688744097.0,0.997719780102874,398.69317020893504,648262.3277116916
3520090,Sukomoro,2022,952929.1108,573984.5966419828,944121.9041273436,13539501519.0,0.9820062683222345,-257608.09331497736,381321.0406586819
3520090,Sukomoro,2023,794547.6827,438920.1220164017,791975.1757506398,4146116234.0,0.9944202372684728,-91268.8340898437,276417.52331952425
3520090,Sukomoro,2024,1011161.307,366701.95017538534,999961.9729514143,10063231778.0,0.9865640900705247,-225297.17374206617,232569.94870702433
3520090,Sukomoro,2025,1440120.488,364722.3781394018,1359480.3547209804,46127631499.0,0.9412420314038462,268897.316209893,506425.77226842806
3520100,Bendo,2018,987604.7695,555002.3486156092,965052.7756477813,31295004976.0,0.9593683268777596,126191.56127060954,428311.07031189895
3520100,Bendo,2019,874490.009,400521.5046867406,867169.3552665388,8926638435.0,0.9880634971996383,210896.95619895108,315726.6355459293
3520100,Bendo,2020,1029388.197,607720.616499724,1017458.1576134677,16567747596.0,0.9780700453983668,233092.68924756022,389895.98785501113
3520100,Bendo,2021,1167359.184,904501.4789450539,1152127.7840916964,35000189225.0,0.9547752823318981,94644.74280441445,445943.22580386756
3520100,Bendo,2022,904787.5025,901453.5136418785,904773.4588220149,2407006700.0,0.9967530978707354,-104706.62338764491,291057.69666227547
3520100,Bendo,2023,1310236.871,534752.9532696061,1256330.8696722472,42509033745.0,0.9456006986092432,82411.02626811716,-10757.778464455856
3520100,Bendo,2024,1337995.998,694444.6421678727,1300003.5994578777,35699951726.0,0.9539127710174573,33427.80604501368,691436.3869574794
3520100,Bendo,2025,1066554.044,775420.9671350757,1057230.56054207,18825641334.0,0.9751556283824802,580309.9802290322,712565.8670123406
3520110,Maospati,2018,894758.4592,507697.9749937798,891555.58634599,4747848922.0,0.9936156071818901,19139.85177374217,718165.9108812984
3520110,Maospati,2019,1626086.756,269796.5097351804,1530490.4162573512,43147830034.0,0.944828325085487,94421.68594747329,282610.38227686123
3520110,Maospati,2020,1156399.68,531724.0580042099,1145258.8240197445,10332531357.0,0.9862094935566854,3020.0561912803387,1221941.1019079525
3520110,Maospati,2021,1273073.547,647145.7102636788,1261961.0730050409,10284741861.0,0.9862724011128995,-41148.38668870773,715129.6849473742
3520110,Maospati,2022,1670777.447,768108.9547301559,1665657.4498230496,3245929982.0,0.9956263920281512,-66777.54934293308,646744.2084582371
3520110,Maospati,2023,1467777.834,772513.18607963,1451652.037427259,13511076410.0,0.9820433663967988,197968.64792439772,950326.7621385688
3520110,Maospati,2024,1200621.44,897647.0672007,1200197.2616073505,797771385.1,0.9989215149566513,69506.83035531125,814321.8557039484
3520110,Maospati,2025,1219903.369,774388.0265264818,1213001.8359840114,8953454231.0,0.9880280689957317,570284.7247668082,422842.64977158234
3520120,Karangrejo,2018,1202393.436,661113.9413130367,1172276.758552292,33525491348.0,0.9565980781814497,-168811.96382721147,156914.70706241473
3520120,Karangrejo,2019,1067227.565,785355.2342874418,1062463.10163703,9783460248.0,0.9869327455427664,257804.85641648932,388847.59881817806
3520120,Karangrejo,2020,860179.7446,962781.1074311798,860616.8549784096,2434554525.0,0.9967160596027076,318792.00241073477,295188.11028817156
3520120,Karangrejo,2021,813489.7858,1043439.6081781363,815564.3679583023,5180370816.0,0.9930380477321947,158837.77365418215,-34945.07735256117
3520120,Karangrejo,2022,1069345.251,950989.8877594349,1067727.900384753,7883502897.0,0.9894436302565204,-66824.89157321819,-236758.27220726758
3520120,Karangrejo,2023,980558.5139,768027.9164898413,974495.3642574573,16709907535.0,0.97788603611411,-13014.594131632155,17388.908895944944
3520120,Karangrejo,2024,1032452.966,760428.2639335716,1031211.7668217283,2608234447.0,0.9964826089461871,-205509.7378357843,125602.15525689267
3520120,Karangrejo,2025,1152491.954,807113.2574250107,1152491.954,3.08e-21,1.0,514772.7973086358,162005.17041662696
3520121,Karas,2018,1189847.457,513466.85013969213,1152122.57746732,33611539083.0,0.9564915279544114,-717305.5657071902,111950.0750240269
3520121,Karas,2019,854661.0057,514333.01415306743,851580.0817960972,5198285625.0,0.9930141400316069,-375280.3432514033,269867.5999398406
3520121,Karas,2020,1032163.616,655253.5756131645,1030005.0617556218,3277532087.0,0.9955839989819137,-163445.86362889493,98491.66449041315
3520121,Karas,2021,1119846.251,1209734.2904821706,1122904.672078769,20042723481.0,0.9735918505286643,-62958.431816169556,226120.1151492427
3520121,Karas,2022,1186721.062,1251696.5521235864,1187599.953999232,7802394044.0,0.989551103869554,-94547.86281032788,-106630.21230581915
3520121,Karas,2023,1239617.254,1059854.0976619667,1236994.3689681732,8425376134.0,0.9887262174685323,97977.97309835069,-108249.69951212103
3520121,Karas,2024,1221036.716,1196830.7998967995,1220880.1124005332,3705325994.0,0.9950104844002756,46887.297509730735,113206.7161484242
3520121,Karas,2025,1032591.069,972561.9609358269,1031909.2099169166,6537645792.0,0.9912299892724115,898111.0897755013,48187.35310180881
3520130,Barat,2018,1467466.652,400338.028481905,1336246.7600945493,79779906975.0,0.9025525806099399,-973980.3840299279,495099.59867816325
3520130,Barat,2019,1030326.245,227929.75895990856,1006271.9228138402,17585305409.0,0.9767544608634432,-692496.7577711517,645159.5243598499
3520130,Barat,2020,1531644.547,256970.79421266943,1474227.4395720328,26840246777.0,0.9649494083328284,-559752.3888122808,508230.8312711078
3520130,Barat,2021,1342719.55,749347.8330363642,1290004.2171047071,55480832216.0,0.930159895238425,-728276.3719848618,1044825.0894511525
3520130,Barat,2022,815762.1568,771756.5235807989,815756.0252341073,79295947.19,0.9998926977836324,-843369.3370374377,472240.6703057282
3520130,Barat,2023,1449240.531,631126.3476926081,1427300.4342441089,15680425708.0,0.9792201459120872,-729029.7299961601,-193432.6689918579
3520130,Barat,2024,1395811.511,984137.1028964348,1369248.3652109008,39248280563.0,0.9495630576539705,-566352.7927949766,443020.92258875584
3520130,Barat,2025,1533192.783,757906.2864906975,1475964.3743792505,45350224378.0,0.9421750401748158,35344.726755915326,258389.29858162836
3520131,Kartoharjo,2018,703947.1021,224913.63899633585,702880.1764724625,1270176295.0,0.9982839797448917,-875866.4642990717,433136.2666832201
3520131,Kartoharjo,2019,808200.7031,69516.62660550131,798436.752909893,7622070518.0,0.9897901259599223,-743305.4546950432,48939.74374741502
3520131,Kartoharjo,2020,924769.4066,249136.7221618427,909155.0480759375,13461563427.0,0.9821079932944876,-718538.870124331,299354.8090591922
3520131,Kartoharjo,2021,1022529.282,692870.9605075481,1021827.2796490798,1214304717.0,0.9983593389360869,-666208.7248947327,344325.5855194264
3520131,Kartoharjo,2022,1168750.567,624008.5354942231,1158084.953699569,11363438874.0,0.9848544126531231,-864288.8327040969,84034.58789066935
3520131,Kartoharjo,2023,1567090.105,539011.7255540922,1512463.0714787254,31931602637.0,0.9585760421398509,-702601.5276852469,208977.78548911447
3520131,Kartoharjo,2024,1590487.946,619026.1053602975,1545291.4817388463,27764917002.0,0.9637856142044571,-818512.9738911148,716172.7380785432
3520131,Kartoharjo,2025,1536554.776,623175.615455162,1481267.696869591,36662080027.0,0.9527294147061476,62789.66049160309,755339.8080980902
3521010,Sine,2018,705320.0878,707819.7138631115,705377.5988210393,13400231721.0,0.9821880583935317,-239835.5626486131,-250226.53206536296
3521010,Sine,2019,807036.2034,889212.3090808336,808995.2534325201,13896523283.0,0.9815405519528453,-2464.43822070428,-167109.47411681607
3521010,Sine,2020,698517.1041,1180668.9949212018,699430.404643282,1079892734.0,0.9985406794909022,-72778.10494351131,-120340.13753290137
3521010,Sine,2021,812666.8565,1239665.8537786945,813042.7210462057,501319168.8,0.9993220087828899,42285.42887676436,-465958.92998150864
3521010,Sine,2022,658653.7834,1282156.9158726314,659149.666239806,452911479.3,0.9993874359319346,-209640.50991455192,-409741.1061409463
3521010,Sine,2023,901065.672,1120122.8133360373,903322.0402009184,5922110314.0,0.9920491422482639,89827.47787322107,-639894.0119918113
3521010,Sine,2024,1080735.823,1327902.4737884959,1088277.2657836291,17908090751.0,0.9763378758422049,153447.36910275475,-255737.10998668103
3521010,Sine,2025,975553.1101,1068142.7245060091,979060.6174090999,22404510133.0,0.9705715548762381,675285.0791636759,-155801.48529277672
3521020,Ngrambe,2018,883938.4906,1492152.7703543704,893097.8960946584,8700175811.0,0.9883627940064451,-16929.487224897544,-126053.9386443732
3521020,Ngrambe,2019,647307.5318,1119452.4842109142,649127.9524153505,2202426694.0,0.9970282434546947,239347.14547307807,-721520.5098393253
3521020,Ngrambe,2020,721531.2512,914324.81025675,722439.3403845441,2692859919.0,0.9963688998269734,-22503.446899944334,-578088.8350369653
3521020,Ngrambe,2021,971025.7931,1062385.1698658844,974404.8208776372,21854125392.0,0.9712737210230196,-81732.32574890615,-290466.0415990618
3521020,Ngrambe,2022,784591.7816,1120890.1394650582,791710.5836447789,12305560802.0,0.9836192888578649,-282209.9195619633,-122899.63706882659
3521020,Ngrambe,2023,1410725.169,909002.8664205781,1364385.1650390306,57903827320.0,0.9273314391828499,9712.95819400996,-380717.4881974143
3521020,Ngrambe,2024,1266190.643,1247902.90863235,1265749.0729368697,14079333102.0,0.9813022569867595,153530.87051413773,436212.43022005213
3521020,Ngrambe,2025,1227072.013,1046279.1424219322,1220894.213378643,20131653273.0,0.9734777849635461,500529.83210714755,192712.2198046313
3521030,Jogorogo,2018,403763.6087,592638.1217533763,404307.65274465684,1643769136.0,0.9977803725704458,254346.82117540215,-257348.31803841406
3521030,Jogorogo,2019,820042.6186,689417.7917570147,814584.5705807543,24812791455.0,0.9675110363774518,376618.015112834,-212762.7369956118
3521030,Jogorogo,2020,500906.7871,988491.535250969,501178.87912353093,317713353.6,0.9995702131936784,534145.5620799237,201961.9397572562
3521030,Jogorogo,2021,942689.6764,1714077.6526267366,950763.9281561461,6019030784.0,0.9919200709494674,435748.61332054203,-221917.10793170083
3521030,Jogorogo,2022,648254.1646,1660268.1487458644,649342.4696837927,612574308.5,0.9991716703730396,210989.46534944716,-517751.12202937785
3521030,Jogorogo,2023,754865.4074,1389117.9881341453,756307.596837485,1296809124.0,0.9982480615764656,544697.7197106885,-855719.9086384228
3521030,Jogorogo,2024,861284.6265,1585782.4081432344,879532.2938294335,14701991680.0,0.9804914809531322,668899.1333334481,-523922.4013402307
3521030,Jogorogo,2025,1102979.437,912499.2249092987,1100110.840030866,8700358776.0,0.9883625521236407,1023148.0366571699,-482935.288531014
3521040,Kendal,2018,600962.9654,540911.2589773595,600479.7305821636,4616035181.0,0.9937917556151474,31264.48067048865,342283.0398321004
3521040,Kendal,2019,502866.5619,430829.80393784045,502468.2810200068,3163519109.0,0.995736960128355,192872.69799704227,51228.043746137526
3521040,Kendal,2020,685086.2402,422998.71640642034,678668.6939932923,14282907379.0,0.9810370314087296,-62419.17129492905,96744.39756390348
3521040,Kendal,2021,992642.8716,645201.0997655967,990302.2678495552,3859302460.0,0.9948042201662886,-55729.54232896846,273117.2770137916
3521040,Kendal,2022,726450.8418,869057.0453402553,728828.7177239978,9648966177.0,0.9871100667109715,-207235.09855603194,440482.83081796335
3521040,Kendal,2023,1016105.093,692907.792806137,1004658.1441096348,20893449184.0,0.9725017634631086,53728.77855570772,-17653.071804976906
3521040,Kendal,2024,1274212.476,1102480.322992206,1271394.0442150957,9494452963.0,0.98731386040702,242900.46595217235,372023.77638286166
3521040,Kendal,2025,1430795.625,710127.4608373725,1395124.059249384,29632009661.0,0.9614442190881018,724284.0602876296,400533.2164970015
3521050,Geneng,2018,792244.1344,620115.5426236948,788107.130842684,14012825290.0,0.9813889373896073,211649.9115414876,548015.999071402
3521050,Geneng,2019,949353.9719,461314.07353810116,947798.8438999638,1818964574.0,0.9975443822001642,292585.34973837505,174791.19483073696
3521050,Geneng,2020,806573.1984,649261.8635494291,805030.3043510177,5636168653.0,0.9924301333816222,307743.33713566104,467502.774180304
3521050,Geneng,2021,1022892.153,701400.8659382896,1020659.7833808211,3978784485.0,0.9946442230103948,246279.22594593032,259744.88644871092
3521050,Geneng,2022,1067616.026,700617.7068721611,1049856.2117364511,28936343298.0,0.9623152765031467,14752.533206948632,392264.335169832
3521050,Geneng,2023,989099.5345,625996.3392027961,969273.1602587027,32864434889.0,0.9574174361734142,351344.3505454882,419471.2241600014
3521050,Geneng,2024,1422859.63,749951.6543391325,1353226.8878531924,65678821375.0,0.9183704233887886,518812.9472228609,479061.68845859007
3521050,Geneng,2025,1633309.071,731460.3672470001,1500561.310141181,98213504833.0,0.8826783913755393,816937.956025156,874320.9601695449
3521051,Gerih,2018,707433.4067,252342.0799301663,690965.4907380228,21363587478.0,0.9719003930089609,-89715.75661167744,273677.6105215213
3521051,Gerih,2019,919124.3415,405404.0103603555,903474.541582445,17879085094.0,0.9763752958550029,89767.69295875031,243665.00353287475
3521051,Gerih,2020,841896.6605,814848.000376202,841387.135680635,10924609550.0,0.9854307783207465,179430.80381437863,398777.6029416752
3521051,Gerih,2021,802813.1425,856299.7477522606,803068.4058032412,2728653055.0,0.996320813298903,134466.75835877983,47664.706226557726
3521051,Gerih,2022,688810.4471,823861.9197325633,690909.8067150845,8985017835.0,0.987986371389167,-30793.05378790643,-77865.33792575565
3521051,Gerih,2023,917780.429,629410.4243048463,917196.1979362417,1155161411.0,0.998439123408389,356578.5318703911,-193147.26387260796
3521051,Gerih,2024,1298591.379,799156.5861870811,1246219.8145995026,66658255858.0,0.9172538503758002,449748.7566956755,258542.76423274446
3521051,Gerih,2025,1397541.773,830739.2343257145,1324982.263590645,83537434553.0,0.8984291108948192,690038.8617918013,622954.2829295376
3521060,Kwadungan,2018,876817.0105,399303.79189011484,851472.8071345718,31893721282.0,0.9586231511841102,169421.1426079295,253159.8194384067
3521060,Kwadungan,2019,906365.1806,383311.9440485636,899381.5977786307,7700116835.0,0.9896866599856148,214714.91608230505,323637.70671732666
3521060,Kwadungan,2020,1017933.43,631218.7520119221,998046.8979928956,30847768406.0,0.9599257238676451,100866.77906680653,422073.2046225095
3521060,Kwadungan,2021,971539.2412,871010.8408985932,969964.3750445549,9056068298.0,0.9878925219095551,152745.82167744174,349035.58900319645
3521060,Kwadungan,2022,657775.1027,807793.3389623975,658141.8745588425,1394576634.0,0.9981162303014549,17500.418014982337,100355.39205643372
3521060,Kwadungan,2023,821894.3088,718229.6112154489,821224.9074502314,3698252348.0,0.9950199621901739,401876.47902608896,-209173.62500111817
3521060,Kwadungan,2024,1232820.187,852797.3603765939,1212208.1832453413,32632955677.0,0.9577046790330469,578303.3998757239,39919.62859718944
3521060,Kwadungan,2025,1079721.692,849582.2785266398,1073328.3565757538,16259208776.0,0.9784696508799084,906788.0568990998,471044.3997520297
3521070,Pangkur,2018,728677.1637,120651.8059187492,724903.0675717593,3554043514.0,0.9952132231363819,74121.67620087223,370132.784692682
3521070,Pangkur,2019,1090544.394,116842.7940922532,1071933.568448525,11087875408.0,0.9852162634644991,159926.5221846148,436562.82373646024
3521070,Pangkur,2020,861130.5346,435361.97597590426,854885.5653704231,8470348245.0,0.9886667234169352,196345.4971668493,858177.539309521
3521070,Pangkur,2021,959111.1544,757474.344281663,958671.6538322509,1242981373.0,0.9983206586431566,38812.3115627004,477278.8846349289
3521070,Pangkur,2022,788927.8455,699498.9426997264,787830.0610190154,7071812007.0,0.9905202178677868,-84726.57116554862,199435.93867396587
3521070,Pangkur,2023,809314.8758,604024.2303515368,809032.1861595715,784632923.3,0.9989392576389241,213517.41252095858,29681.54746553907
3521070,Pangkur,2024,1115484.169,708452.6111859137,1101282.0065932393,20572062973.0,0.9729132883241111,311553.7949100544,114478.51018809283
3521070,Pangkur,2025,806115.9369,621045.2214815047,806115.9369,2.61e-22,1.0,813569.7163200346,426748.12371339323
3521080,Karangjati,2018,501753.9738,59436.94568354827,494205.15108923253,9879814674.0,0.9868057480337654,-453165.31045664777,181181.74058599127
3521080,Karangjati,2019,443811.9568,132575.27357910067,441805.5217150489,3692074820.0,0.9950282394431256,-376780.3066882731,115721.64503994712
3521080,Karangjati,2020,724803.4368,450236.9703269066,724421.2656633288,793126858.8,0.9989277870309206,-259407.75136165545,54039.11749487807
3521080,Karangjati,2021,997366.8362,715176.3151608654,995603.0025155958,3579032478.0,0.9951797288896637,-775535.8239765135,105899.22435156
3521080,Karangjati,2022,868578.2383,629146.1007742492,864927.7696446201,8809797692.0,0.9882178932488258,-935864.8125620468,19079.779469844187
3521080,Karangjati,2023,693916.0748,361887.91953895206,693908.6483741399,12727467.6,0.999982775809331,-709365.0656537625,-59530.05182126071
3521080,Karangjati,2024,1050832.106,316040.63093653874,1046805.8069710614,3135129843.0,0.9957750548091662,-893588.0174579493,4865.366057636915
3521080,Karangjati,2025,1073982.639,424043.1039628021,1057609.0556026811,14705481709.0,0.980486940293186,299380.57000951795,414167.7224070777
3521090,Bringin,2018,598724.488,14868.705088629547,595502.7468288653,3157297471.0,0.9957453085031812,256806.9124279183,675135.5159218254
3521090,Bringin,2019,419109.5144,245246.98501975343,418600.0252741299,1672363982.0,0.9977418473430248,475124.3140418512,544530.9450467143
3521090,Bringin,2020,988118.8516,643017.0761145721,968444.8758469506,34400506018.0,0.9555156802308982,353816.14821061376,230889.9432585438
3521090,Bringin,2021,1071850.081,682484.7377647869,1058667.9933987895,19939399815.0,0.9737244119340542,140697.18911465493,389765.9556264811
3521090,Bringin,2022,1205590.602,701806.6695804743,1170015.9418275524,43234266882.0,0.9447239105314055,-31479.779282242627,418588.38646611525
3521090,Bringin,2023,1505397.867,399973.31554726686,1395447.973897969,62848070900.0,0.9216128660976299,232815.8198536149,518725.2135843064
3521090,Bringin,2024,1463870.415,643748.1316522313,1443133.49182396,14760989705.0,0.9804147279407458,600942.5707092946,1155491.2760429294
3521090,Bringin,2025,1199769.054,646643.3836191479,1122837.349523466,91928212530.0,0.8893557979439136,807330.4395834843,1149510.0250753118
3521100,Padas,2018,652657.1007,6729.548922424583,652413.9615918598,214270244.9,0.9997101053151223,-555191.4088800938,711835.9499472738
3521100,Padas,2019,592205.8699,-199170.44371490058,579933.7165001723,8962983581.0,0.9880154797237973,-410208.78021354135,351615.5991928712
3521100,Padas,2020,903073.0624,3169.5301650602196,886182.450794774,10884429385.0,0.9854835853259037,-330083.7881997325,511257.26348966244
3521100,Padas,2021,1136314.116,187975.86574193783,1125591.8348296944,6507130927.0,0.9912705665028768,-649259.2448208828,748714.9719665368
3521100,Padas,2022,1047847.14,220056.7689631599,1015754.0302008392,22950454351.0,0.969876056096523,-830936.5957894949,789720.642418517
3521100,Padas,2023,1090878.251,152205.41762928493,994344.8359273103,65226041663.0,0.9188875197780522,-617382.1336807003,637584.0578949547
3521100,Padas,2024,1468384.875,288635.91371226613,1416802.7173974258,26016779523.0,0.9659881965200927,-575739.8833329278,713209.4730446911
3521100,Padas,2025,985218.5361,304775.47723968915,981652.526283649,2997782325.0,0.9959593983805989,194855.9183248505,1055912.3833209751
3521101,Kasreman,2018,857822.0059,-145870.42588291626,838616.6456109524,11100429696.0,0.9851997722641788,-146125.87314747076,712278.3400735084
3521101,Kasreman,2019,933240.8668,-123787.79153907983,927854.8592579415,2914245369.0,0.9960715524721221,95327.70205838335,816596.848752403
3521101,Kasreman,2020,1382968.581,114758.71417519305,1339332.878818628,20276090700.0,0.9732925796230626,4155.743350135417,1004947.3592649123
3521101,Kasreman,2021,821790.2794,669878.5280752376,821790.2794,2.98e-21,1.0,-99604.94983708233,1298950.3573410271
3521101,Kasreman,2022,651709.0201,596904.4482394144,651709.0201,6.3599999999999996e-24,1.0,-124740.66924046609,265080.0242330886
3521101,Kasreman,2023,595180.409,355515.3621053644,595180.409,3.92e-22,1.0,332937.78583810583,-5793.939521756838
3521101,Kasreman,2024,1590736.645,485475.38434298796,1590736.645,1.4e-20,1.0,250857.96639569165,205273.94350319408
3521101,Kasreman,2025,1238430.688,646042.3347539459,1167045.073320042,77964706143.0,0.9045581513759553,724290.8636481264,1129084.4481962193
3521110,Ngawi,2018,926790.1023,1596237.6606841267,956067.8077614406,26023707445.0,0.9659794477500728,551632.4707379525,-243397.90335965517
3521110,Ngawi,2019,974247.9477,1377421.116466671,998797.5732759981,36894752933.0,0.9524436826290735,646089.1918367534,-594364.9309211477
3521110,Ngawi,2020,731120.2126,1497748.687803373,741580.9490739182,7871753137.0,0.9894591978774323,637725.7670477733,-338389.70795457775
3521110,Ngawi,2021,1056112.514,1476574.5445652993,1065332.2023097107,12756918003.0,0.9830286556041424,275775.7667353034,-586453.8914072069
3521110,Ngawi,2022,838358.6756,1496146.7548905395,849327.4052391713,9649408173.0,0.9871094838653353,177561.37230743232,-370276.4236764414
3521110,Ngawi,2023,1021411.621,1358644.3184667097,1026726.3956670027,9111324227.0,0.9878195475144773,469043.03392578475,-574855.2240257915
3521110,Ngawi,2024,1415284.213,1572204.800590132,1432962.8124743665,72244533318.0,0.9109369407323229,825810.3729625056,-251120.36923162895
3521110,Ngawi,2025,1177901.818,940470.8309889653,1174395.7691362966,8528424129.0,0.9885899048462947,821256.8775647554,154100.5439553489
3521120,Paron,2018,683976.058,143528.98682969908,680747.3997345628,3419782924.0,0.9953932194753338,-69639.67009691028,649278.6361854122
3521120,Paron,2019,766839.0628,236063.3474548107,761932.0495731044,5309666620.0,0.9928655255051712,91904.25879960455,586602.9485845707
3521120,Paron,2020,1085991.086,554281.2975928459,1062559.6201078887,26231626520.0,0.965716955562571,57201.3719251996,635531.306029526
3521120,Paron,2021,1067268.159,626807.6698041558,1063508.5377202036,4898773874.0,0.9934139962717562,-265041.97286858043,702011.7549390804
3521120,Paron,2022,947524.1839,619353.0912753114,941547.7199131923,10554881453.0,0.9859169091881497,-414029.76092875726,563135.0990045307
3521120,Paron,2023,1106508.34,487820.4774071352,1091997.1290504078,13666807159.0,0.9818401540305928,-223587.5076035158,394304.45331398875
3521120,Paron,2024,1087124.532,694418.9806368542,1081801.6125595542,7818745857.0,0.9895294349547717,-82486.42983059061,657513.138654808
3521120,Paron,2025,1060812.269,309062.86062763666,1046243.1492656361,11245711746.0,0.9850089712175057,493136.73745493544,557460.059230481
3521130,Kedunggalar,2018,808252.3806,366550.9536625118,799804.8119508179,11094727497.0,0.9852072625533026,-7594.614454260562,444900.7858711146
3521130,Kedunggalar,2019,776213.7985,382859.3819775016,774358.6965857085,2696274575.0,0.9963643121842354,317196.48841969634,408839.26541623235
3521130,Kedunggalar,2020,804290.104,591379.9397934848,800701.9015432041,9754151393.0,0.9869713818201902,241196.7941570436,490341.92551403644
3521130,Kedunggalar,2021,837317.0985,723998.8152692642,836950.0331722639,1849182585.0,0.9975036894616669,-8248.266154362645,384907.87058865663
3521130,Kedunggalar,2022,758404.2171,629117.0509649311,757127.1500011276,5676711611.0,0.9923760957914705,-163638.08996906792,219998.71756804385
3521130,Kedunggalar,2023,794473.584,457601.06553148845,789551.0729259665,8438035888.0,0.9887094690303305,135959.96718952234,167632.66770164063
3521130,Kedunggalar,2024,990395.0699,583352.7259312241,979189.7345598177,16107784516.0,0.9786658881869688,279356.91117187974,400928.40596892266
3521130,Kedunggalar,2025,959499.7365,430914.1505378139,956355.8265640052,3404653575.0,0.9954135067053526,595024.6738638193,597898.8948650978
3521140,Pitu,2018,718853.6477,314830.61586363305,718536.868068694,446497593.6,0.9993961054919817,91467.90403038592,516892.7972267051
3521140,Pitu,2019,897511.3632,208600.02481566265,876236.337619765,18132491809.0,0.9760484743744318,203575.39885550403,275591.933334699
3521140,Pitu,2020,562675.6619,506351.0151422983,561987.1517249963,7041752346.0,0.9905601325404938,210105.99263601407,603032.1596560562
3521140,Pitu,2021,967440.0174,453796.8617491757,967296.720926536,158789771.1,0.9997851509144426,27259.445718613802,121245.18674936885
3521140,Pitu,2022,683125.0934,582045.8811195206,682837.8767832117,1621477277.0,0.9978104079813963,30800.73788525755,448437.83840931125
3521140,Pitu,2023,850171.5284,249424.12425435043,847757.6354123916,2295630757.0,0.9969028717712181,213348.72005998943,118853.97687751974
3521140,Pitu,2024,1098420.684,496562.47293267085,1056360.576124439,42752971829.0,0.9453056021971963,263580.3578301703,548426.1854446859
3521140,Pitu,2025,1563848.125,683014.599032548,1373370.026490492,157000000000.0,0.8247605648953626,1128639.587406144,696168.4238607218
3521150,Widodaren,2018,699383.1537,561063.3692617189,697850.4822773308,6375749203.0,0.9914453096828268,-79025.94759808542,367583.10216289514
3521150,Widodaren,2019,786602.7452,258326.47291776107,766603.2328654561,22389608630.0,0.9705905524438123,-39271.79219027038,74438.86773829872
3521150,Widodaren,2020,734631.5361,382130.8620602785,732893.9944601475,2818698539.0,0.9961998616143287,-29810.499343254538,429100.9598058656
3521150,Widodaren,2021,947545.5998,781194.9882464733,946171.9822900823,4737724262.0,0.9936291349912546,45412.22981772972,406939.39661630883
3521150,Widodaren,2022,805592.1029,846522.121059707,806044.006193582,6352615605.0,0.9914760847135241,42839.89351905498,273258.6323429735
3521150,Widodaren,2023,720359.276,661332.6423739053,719457.1402532966,8831612931.0,0.9881890624260873,341875.4150171173,69632.27643875848
3521150,Widodaren,2024,1251848.803,757340.9380879058,1247719.2424845507,4791813824.0,0.9935568688581137,272778.3212502065,177758.33089696744
3521150,Widodaren,2025,1085352.527,632524.6111739815,1077507.0188053295,10032417287.0,0.9866046808861663,740899.2368837137,643050.2895989784
3521160,Mantingan,2018,1258492.399,967027.2301077317,1252281.872888968,12388622494.0,0.9835105433977857,433592.99543364363,210351.01427405048
3521160,Mantingan,2019,1142738.669,734163.0087182367,1079090.0242498447,105000000000.0,0.8755801907340801,483744.8973634241,301951.0535818207
3521160,Mantingan,2020,900084.2467,804230.4532415041,899082.0281646993,6012363548.0,0.9919289487907387,404066.627433504,476648.476480803
3521160,Mantingan,2021,1071591.663,1342230.2044763258,1078157.2910782236,14147502190.0,0.9812134273126336,200488.63421594122,235593.68147115875
3521160,Mantingan,2022,986280.9516,1395693.528133269,989590.7031005522,4637529936.0,0.9937630269777153,171940.06585086463,-173137.05803240067
3521160,Mantingan,2023,1547901.474,1317820.2619130511,1541005.0787029269,17582670994.0,0.9767578622877766,539304.8838184661,-355605.0113571617
3521160,Mantingan,2024,1434540.392,1686376.8066062247,1450514.4533190685,38537547129.0,0.9504311291839042,788312.2516347832,303160.92003604607
3521160,Mantingan,2025,1361490.769,805641.7591627409,1351836.6836658695,10057518084.0,0.9865716162609527,837994.4034535784,73375.42363730865
3521170,Karanganyar,2018,640545.4436,-158530.75647691177,619956.6625118271,15048956490.0,0.9800402722359555,65086.730728143826,451587.28790335334
3521170,Karanganyar,2019,573341.5214,70852.54925971964,567266.2842450633,6963808112.0,0.9906636456533304,278080.52602253115,634109.7489376892
3521170,Karanganyar,2020,641756.5627,463445.95125959336,639936.363599189,5868473215.0,0.9921205864902325,243389.9454799278,497373.42043530877
3521170,Karanganyar,2021,899731.5933,561423.218660694,899364.6741669418,617811854.8,0.9991645940226684,-59869.51029177803,235596.98234593723
3521170,Karanganyar,2022,938631.4894,599698.6848591443,920144.3313606954,32827901911.0,0.9574627585424976,-171819.77124722349,270543.17353802186
3521170,Karanganyar,2023,837699.6358,327519.0857528116,821919.5547941336,18161750416.0,0.9760107533099626,223013.6576408184,280447.8001968943
3521170,Karanganyar,2024,1044111.412,526497.1854209241,1032389.8609794179,13184207805.0,0.9824701694853384,331433.1400987486,496363.75127640966
3521170,Karanganyar,2025,912924.5965,671850.0025737135,912917.1629297354,17546348.37,0.9999762545316584,846438.3709918043,614621.2060846236
3522010,Margomulyo,2018,653505.0415,329588.3152261011,653448.3562097739,99595646.95,0.9998652322030896,168934.78802500584,359377.1805048184
3522010,Margomulyo,2019,689708.1494,462400.7503778988,681394.8558159051,21600710758.0,0.971597362340893,429934.9227392128,201711.3288150619
3522010,Margomulyo,2020,705803.7068,795005.9870918159,705843.2436514347,252316706.4,0.9996586483242303,226767.98845566146,202505.47721689375
3522010,Margomulyo,2021,1053563.746,668152.3298207412,1045918.3082196526,11516138107.0,0.984654013052958,125705.52184968893,-91622.08318823832
3522010,Margomulyo,2022,854705.4404,814618.5604800559,854655.4243238618,710848277.4,0.9990389109622891,71513.0735235654,306130.8196658313
3522010,Margomulyo,2023,1132135.636,438926.5742839103,1099453.2288048626,28154708682.0,0.9632958613186812,316219.3296651627,46054.919964892906
3522010,Margomulyo,2024,1201744.09,679737.1257352727,1178522.287602965,26491695148.0,0.9653888267280957,385432.9979896088,656731.5120991498
3522010,Margomulyo,2025,1366616.511,751351.0224000406,1366616.511,1.19e-21,1.0,658721.0817419195,661480.5574163371
3522020,Ngraho,2018,657801.0032,412037.12450927205,657402.3186531502,924578510.0,0.9987503021480911,-79206.52618173874,-118280.66017374898
3522020,Ngraho,2019,705989.1832,322859.9200672946,697672.775418039,12625501772.0,0.9832005499544565,85384.64245793733,24742.414004473132
3522020,Ngraho,2020,1160338.208,478130.01518860145,1114592.8249694991,40897954325.0,0.9475542873340718,-32366.5718941238,268808.42263918393
3522020,Ngraho,2021,957218.7322,1370505.185262138,965682.1843164329,11896239814.0,0.9841555287162765,-208703.67874613148,631806.8558583895
3522020,Ngraho,2022,584194.6643,1228012.5079966309,587262.1193104377,2724060021.0,0.9963269835815762,-459554.4472618395,-373034.30049246596
3522020,Ngraho,2023,722437.0492,1003656.114746447,739228.1980041106,36132703381.0,0.9533801505995789,88824.01536919958,-830953.9905693653
3522020,Ngraho,2024,793814.7454,1211966.273120971,845815.5940908651,80812387343.0,0.9014157813643937,34058.59365170373,-463359.47796053975
3522020,Ngraho,2025,795225.2301,617421.4178393906,793201.3949210491,6551384459.0,0.9912117213245304,710655.1802047038,-500806.40452011896
3522030,Tambakrejo,2018,539048.2159,587337.851670993,539071.63340559,276073492.3,0.9996265204873868,60983.0146330664,66706.452665721
3522030,Tambakrejo,2019,427453.0266,491491.72418807825,427461.7916828423,77893340.66,0.9998945955719939,250940.2468832014,-205135.37016220286
3522030,Tambakrejo,2020,782903.5797,728128.7938775497,782350.2511806344,5806831420.0,0.9922027056410689,108614.53884686006,-163256.43336324173
3522030,Tambakrejo,2021,748005.1493,762225.9457503292,748094.7564763709,3608206861.0,0.9951406275206631,-71670.53134542242,-6747.706226613955
3522030,Tambakrejo,2022,640360.9562,856702.1826468658,642762.8640922206,6388414548.0,0.9914284615617864,-247778.21895684127,-79390.82874717761
3522030,Tambakrejo,2023,814332.1286,582692.6253623811,812886.8022908794,3572719528.0,0.9951881903123234,124520.27836939895,-296619.41204400815
3522030,Tambakrejo,2024,948341.8655,807133.9127333211,946072.0634675549,9295950777.0,0.9875757964546177,86036.28270839705,151410.53783943842
3522030,Tambakrejo,2025,1194741.867,495321.08442660305,1185738.7215969139,7420099619.0,0.9900579791656927,724733.1998059548,172535.52112484688
3522040,Ngambon,2018,725165.0188,130316.56559780202,725138.4984839456,25369918.41,0.9999656672600139,-8990.186370544512,336983.78727303253
3522040,Ngambon,2019,725165.0188,257092.8720454459,725144.1505919693,25369918.41,0.9999656672600139,183081.23487612282,354449.95799383795
3522040,Ngambon,2020,725165.0188,526244.5328701297,725156.1502652863,25369918.41,0.9999656672600139,63164.161629123584,367530.12693075533
3522040,Ngambon,2021,889355.6611,608475.4401830739,889355.6611,1.94e-21,1.0,148851.0933196052,127074.94475650019
3522040,Ngambon,2022,914795.6685,782104.8660281707,914795.6685,7.320000000000001e-21,1.0,19314.23565746253,209310.09409464
3522040,Ngambon,2023,856038.3382,473109.0953444424,856038.3382,8.930000000000001e-22,1.0,396149.0174904631,102456.918921364
3522040,Ngambon,2024,825693.8621,601819.0108217977,825693.8621,2.3100000000000003e-21,1.0,441826.350144161,360951.9493446042
3522040,Ngambon,2025,1311748.956,666925.4357474752,1311748.956,4.38e-22,1.0,782474.8949337589,289463.4337832702
3522041,Sekar,2018,770179.0891,248227.79330093815,770178.69574402,428828.3144,0.9999994196533182,177581.73482647433,440998.0756244631
3522041,Sekar,2019,947606.5516,152149.59035062662,947606.5516,6.550000000000001e-21,1.0,235099.2355462658,399740.7996093577
3522041,Sekar,2020,644347.8648,404157.38473769405,644347.8648,1.8300000000000003e-21,1.0,215262.81566025666,742542.3118354324
3522041,Sekar,2021,844570.4344,567471.0812327618,844502.0491753441,140462795.5,0.9998099433526892,45997.28100903603,323350.7070240961
3522041,Sekar,2022,838199.5188,689140.7348522651,836556.6448723389,6341430377.0,0.9914909653034998,33543.87208308709,235244.7474964735
3522041,Sekar,2023,901662.3861,267884.80809794035,894632.2068185615,6382652634.0,0.9914361262977494,333626.54094487766,151593.94601056527
3522041,Sekar,2024,729023.5059,402128.08157627954,728453.4029142027,994099579.7,0.9986564608967475,287369.41291208536,619503.2146245039
3522041,Sekar,2025,896770.0029,527325.0735050685,896770.0029,1.49e-20,1.0,656379.8989636456,437292.83867722476
3522050,Bubulan,2018,1250716.157,-259680.59038309817,1248924.396595673,675821097.0,0.9990862255280711,-971298.3396446855,615501.4086834008
3522050,Bubulan,2019,1250716.157,23982.545183883427,1249260.9018055503,675821097.0,0.9990862255280711,-436079.2265357793,1038878.2489961798
3522050,Bubulan,2020,944059.1111,423119.37159122515,943663.9447122235,431965858.8,0.9994157483921553,-85644.82150508958,1066872.5664123073
3522050,Bubulan,2021,953594.2795,578554.6931135808,953366.6515959015,345572687.0,0.9995325440914051,-139353.03589289828,538924.0707171627
3522050,Bubulan,2022,963129.4479,619441.9582256366,962972.9749468808,259179515.3,0.99964936709213,-342886.504330085,310681.6227771889
3522050,Bubulan,2023,972664.6163,210020.79486729205,972433.105121775,172786343.5,0.9997662174041747,-90821.11405540831,231893.93648724293
3522050,Bubulan,2024,982199.7847,524178.29456517013,982130.2547380332,86393171.75,0.9998830950369145,104225.8029759083,605201.662459453
3522050,Bubulan,2025,991734.9532,604464.5517590541,991734.9532,3.82e-21,1.0,660615.9676768722,492271.46561376174
3522051,Gondang,2018,509749.7434,535097.7468793405,509829.7902001075,1802607613.0,0.9975664104994052,138409.84938330122,225401.80008572832
3522051,Gondang,2019,1003418.042,552441.1307979953,1003418.042,1.3300000000000001e-21,1.0,214386.7104759027,-41215.205408108945
3522051,Gondang,2020,706172.1509,785592.3839235189,706172.1509,3.3100000000000003e-22,1.0,212497.1477948967,396465.9376355603
3522051,Gondang,2021,884648.1958,648811.0047969588,882293.2549689941,5739228006.0,0.9922927824873968,9096.71742587331,-7140.878618607763
3522051,Gondang,2022,932902.9864,696043.5694219515,915333.9484581887,45588547097.0,0.9418888195098616,-139297.06172113706,184587.82168542023
3522051,Gondang,2023,1220913.503,773020.6505078216,1191100.4183421298,40576549298.0,0.9479449880486714,237287.26120043447,209129.4121374872
3522051,Gondang,2024,1041736.0,784361.4841963147,1008678.882593457,83855078492.0,0.898082258409974,146014.7167097555,509596.7721181096
3522051,Gondang,2025,686713.4543,821068.940802275,686713.4543,1.07e-21,1.0,778371.5360252097,360079.78749290877
3522060,Temayang,2018,764377.9665,624463.0560326895,762758.2714939585,6664283087.0,0.9910616284553886,-19764.05963667015,37609.92378385478
3522060,Temayang,2019,517148.2475,457890.50393223256,517117.7237605771,293253861.4,0.9996032876506755,161121.12973773753,-39069.71988372982
3522060,Temayang,2020,623967.2118,517917.0044540663,623331.1777160557,3433276108.0,0.9953751269075025,198409.33191484757,-33325.624110719946
3522060,Temayang,2021,847501.9559,935379.7906655174,847720.7825060947,1420466256.0,0.9980813261517967,-57509.42931161503,67144.22589045775
3522060,Temayang,2022,804956.708,956955.7170789004,807946.6592605192,11417704245.0,0.9847831864585963,-224725.2614696075,-141297.51957010792
3522060,Temayang,2023,771842.0271,662816.4759509455,771390.5786315255,2365970276.0,0.9968082767712605,240323.39218410692,-244787.31200933375
3522060,Temayang,2024,715553.4215,822126.5834724345,715712.5111592414,850687864.2,0.9988500608963528,169745.0034548325,38245.18258300668
3522060,Temayang,2025,1062611.062,483396.87196303444,1038270.0865615753,24961550972.0,0.9673226210037872,662200.4295443255,-90874.09204033774
3522070,Sugihwaras,2018,956646.5626,929250.0630706399,956233.2223199484,8716502958.0,0.9883412097098533,66479.81145138832,-430814.33183418814
3522070,Sugihwaras,2019,675653.8164,782008.3517977013,677950.8063784466,12560671920.0,0.9832853704929607,214741.19427055703,-172920.45929073135
3522070,Sugihwaras,2020,670252.6212,851214.4422044769,670576.8137842952,1021226798.0,0.9986198486924606,185851.04417520337,-180785.3986478832
3522070,Sugihwaras,2021,889128.7237,1820989.9155947235,897497.9721796967,5156804891.0,0.993069498722706,-23285.386533011973,-235690.95522725943
3522070,Sugihwaras,2022,756048.5699,1691782.8394301846,759678.5122756845,2215963260.0,0.9970100330415228,-414942.1761574338,-958993.6634204187
3522070,Sugihwaras,2023,920766.4316,1390872.5042014942,922212.5827634921,1755833072.0,0.9976294082292034,30154.247562038916,-1154529.6128982357
3522070,Sugihwaras,2024,1017868.162,1641818.398892243,1020451.3617455548,2365577210.0,0.9968088053300327,49553.716301667504,-693741.693229116
3522070,Sugihwaras,2025,1397230.315,861240.4743977388,1384919.1981009329,13377035346.0,0.9822183433613079,800708.006808165,-700673.1394541336
3522080,Kedungadem,2018,730025.916,1389917.6418286317,732188.3048682319,1870742155.0,0.997474658542864,79379.5813426685,-945412.7147905689
3522080,Kedungadem,2019,702411.9345,1157707.8364617738,703650.0383297586,1551576800.0,0.9979046016038344,172640.91949174885,-852493.7701140074
3522080,Kedungadem,2020,849009.9658,1296538.5492816288,857461.9286314261,10953290713.0,0.9853930874043865,202908.7011161023,-570071.5972295022
3522080,Kedungadem,2021,909819.9618,2356191.1404875596,919531.655907532,3846524469.0,0.9948213340900034,13984.288207469886,-460873.6787124524
3522080,Kedungadem,2022,830955.169,2402779.5486865775,838512.0402863226,2748896254.0,0.9962936194925228,-109621.65773690335,-1388292.552404563
3522080,Kedungadem,2023,932836.2893,2148964.978604196,961858.1176345116,13911126596.0,0.9815215120920874,19875.120336620806,-1651750.595462391
3522080,Kedungadem,2024,929226.6444,2547968.927922554,951943.2391415063,8098987005.0,0.9891582155346889,172324.66281089708,-1394917.4493539706
3522080,Kedungadem,2025,1082723.583,611468.3302782776,1079804.0304481657,3547205765.0,0.9952223885851565,519613.577569423,-1645559.1369868875
3522090,Kepoh Baru,2018,1054262.2,1807176.9111653785,1063089.2216110835,6750212104.0,0.9909474207458961,165208.45057444705,-512089.57927213935
3522090,Kepoh Baru,2019,1023855.492,1295893.4040425601,1025714.6949370741,3915642408.0,0.9947287695060858,154563.9502452237,-854900.688686413
3522090,Kepoh Baru,2020,975091.7318,1198057.7779197185,980492.6519911323,14125564949.0,0.981242011505124,127876.43777927692,-457310.64936400286
3522090,Kepoh Baru,2021,886584.6657,1532905.196673484,890126.6125213467,3135508531.0,0.9957745466402326,-43829.833405131314,-306127.1718165437
3522090,Kepoh Baru,2022,952231.6769,1744655.9549914966,960165.5977016247,5754765087.0,0.9922720789603422,-170109.09945923163,-697246.699989076
3522090,Kepoh Baru,2023,1236893.9,1558887.6929771367,1239625.9245305152,4869283138.0,0.9934533846123187,133713.0039024356,-884698.8782521904
3522090,Kepoh Baru,2024,1250979.942,1952203.669814463,1264054.5099006295,10811155396.0,0.985579900646083,183430.5585247186,-441858.3377375838
3522090,Kepoh Baru,2025,964446.0388,875449.2019134099,963591.6009834434,5515983311.0,0.9925903567295803,593193.9193180244,-659582.5155648459
3522100,Baureno,2018,731732.4605,2522940.5831613005,733286.7137591441,494174227.4,0.9993316652458082,478322.9770448073,-992312.3231347617
3522100,Baureno,2019,794186.9351,1817998.8398082496,800911.0069106969,3761847907.0,0.9949347586792185,522560.7983641585,-1754055.3758603656
3522100,Baureno,2020,1150760.251,1427986.7440941986,1160130.7378709798,19906188687.0,0.973767028559223,262749.7242434844,-1146596.3662709678
3522100,Baureno,2021,1876009.4,2702839.015238448,2245624.870356733,460000000000.0,0.616320415947422,367315.74389547604,-371557.9670302477
3522100,Baureno,2022,1062697.402,2901474.557085639,1095504.0991544437,10336635849.0,0.9862040909954656,428860.9206726363,-625086.6530391192
3522100,Baureno,2023,1312442.24,2672354.3622744475,1339032.6126608988,11347934213.0,0.9848747652403579,695280.8694045952,-1604915.4992827622
3522100,Baureno,2024,1436140.838,2840252.005882147,1461442.0586352902,10441536595.0,0.9860660348699658,620783.0572892908,-1290910.7640763994
3522100,Baureno,2025,901112.4847,868045.9538695851,900954.499586921,2731711455.0,0.9963167046861999,818718.2728414071,-1276351.3530276292
3522110,Kanor,2018,1048186.198,1296807.3917360045,1061758.9646977743,32857792589.0,0.9574256762110253,-3773.0279286073055,-358920.7351560609
3522110,Kanor,2019,873644.3331,1036109.707679688,878071.2763205761,15939275986.0,0.9788843583006687,35775.436427755965,-360877.1033965029
3522110,Kanor,2020,827115.8639,1017093.9480653949,828084.8941751632,2917306681.0,0.9960674420049861,227675.20127427438,-281021.2189441415
3522110,Kanor,2021,982250.11,1848509.1230086114,992859.0836208491,7055122255.0,0.9905423789310497,227098.8383182535,-215965.07458586153
3522110,Kanor,2022,1016827.111,1825894.2665186499,1024318.5855247872,5318021923.0,0.9928543789031454,66821.54108835483,-787457.8408581576
3522110,Kanor,2023,1146504.187,1795156.0811419808,1157086.4291413713,9437065180.0,0.9873895728958663,540596.8217044526,-833145.2768259486
3522110,Kanor,2024,1312743.765,1802233.673402897,1345535.422013727,40856519121.0,0.9476046379821353,397930.2866848541,-600531.4614080656
3522110,Kanor,2025,1070998.668,690349.8187535893,1059820.924420366,17214761544.0,0.977233121278721,1001615.9103355214,-424009.9058993533
3522120,Sumberrejo,2018,717928.8007,1293866.201754244,721278.2159296209,3328542514.0,0.9955155780111014,-263146.93729537626,-637693.6913999743
3522120,Sumberrejo,2019,789906.7078,1167292.3433025572,793281.0802230239,5133761412.0,0.9931002543853464,17838.76934170167,-805362.9328907365
3522120,Sumberrejo,2020,974233.8535,1340747.61732812,974572.1917444436,525762062.6,0.9992889753678528,106737.14278249217,-561309.9638818791
3522120,Sumberrejo,2021,1039593.669,2021761.0071618364,1050259.8983814127,6247337486.0,0.9916161621745255,-24207.515055247146,-428914.87804597034
3522120,Sumberrejo,2022,990994.8081,1982353.3529585374,993382.779406442,1373956818.0,0.9981440314937803,-246384.81890787143,-969867.9221934902
3522120,Sumberrejo,2023,996452.6191,1667612.0388583473,1011187.0812829685,12772518861.0,0.9830082534450085,-26518.91787723669,-1108210.1025356776
3522120,Sumberrejo,2024,1301314.497,1836221.4408024354,1346565.9965395124,52585951529.0,0.9335619061815575,-20362.308258149715,-826073.1396265875
3522120,Sumberrejo,2025,1139184.295,1136533.7621299024,1139041.8692827031,32312434316.0,0.9581026990883937,695667.163924684,-594322.7926744451
3522130,Balen,2018,766849.6684,1536463.3920145659,767853.5385944326,743188466.4,0.9989952299517982,222431.2396947978,-924949.0329235027
3522130,Balen,2019,1129428.394,1400893.0272638684,1135574.2175444409,13180727928.0,0.9824747152709898,340928.8821544452,-901472.6002686772
3522130,Balen,2020,806115.0487,1480400.8411680493,807030.21426999,773344237.5,0.9989545028162365,284453.38673269236,-352372.9365944406
3522130,Balen,2021,1169211.999,2689458.7120306776,1177279.0019447317,3035541383.0,0.9959087125436965,105745.74241901073,-641743.9269652393
3522130,Balen,2022,1024324.65,2625630.982509961,1033101.6950715949,3136088064.0,0.9957737689544164,-150381.45903798073,-1452777.6519516406
3522130,Balen,2023,1299145.995,2553346.738634921,1323039.0113287997,11050567384.0,0.9852652742091221,247145.2077307892,-1722986.4888823973
3522130,Balen,2024,1183766.122,2592702.614410847,1216903.3005698698,13705276085.0,0.9817899690516549,-31122.48156362379,-1368580.278427742
3522130,Balen,2025,1351470.09,792650.8527993266,1334893.3277087908,17395364169.0,0.9769997641889425,673304.4467894046,-1504634.2010069154
3522140,Sukosewu,2018,725679.8437,999046.3680234499,727243.3495246149,3273200260.0,0.9955898097529003,27267.56673853853,-192929.06195432084
3522140,Sukosewu,2019,630945.8653,682856.2603812944,631731.6974116017,8746363283.0,0.9883017371494738,-9186.034582636268,-452507.33650676336
3522140,Sukosewu,2020,1104579.246,716878.1113591573,1078536.998200775,40973840712.0,0.9474620866544372,74523.78705432033,-270473.81417032564
3522140,Sukosewu,2021,915417.1265,1508342.4552176616,916640.8739243683,1176837259.0,0.9984098811532209,-74675.00704306364,254653.9271334618
3522140,Sukosewu,2022,737333.9633,1355816.9709536214,742241.079071603,4550775024.0,0.9938789887174958,-258706.72530885434,-587897.8657631809
3522140,Sukosewu,2023,834323.6579,959109.8195469454,835831.1888189849,6958342077.0,0.9906709055818981,-322848.70501978224,-774014.2442976064
3522140,Sukosewu,2024,924307.0618,1120002.9710905522,933035.0496449918,26562832384.0,0.9652991116444947,-122000.11018172695,-439400.7729447868
3522140,Sukosewu,2025,1650163.584,651520.5917161886,1494593.1983234028,105000000000.0,0.8755801907340801,420500.8907013319,-332761.98971743113
3522150,Kapas,2018,894066.5935,1008090.4712879326,896446.2180058536,12128285407.0,0.983851460588053,79497.33503457683,-142802.04079286085
3522150,Kapas,2019,791072.56,822361.5820770769,791511.0264542898,8087247443.0,0.9891737606714954,118238.9791355388,-237970.1379155526
3522150,Kapas,2020,846602.7351,847823.9019043706,846611.1444851559,3945641772.0,0.9946885989197167,238803.4061666375,-131740.1930855594
3522150,Kapas,2021,1217068.977,1390306.4286821242,1224432.2920533456,25259343366.0,0.9669456644310326,54843.753790788585,-10774.534517960157
3522150,Kapas,2022,1146362.828,1447548.5549481001,1177196.6892022258,64897189768.0,0.9192634497907072,-268013.3336016353,-153181.1335090096
3522150,Kapas,2023,1070871.255,1465444.740533799,1085902.1253516655,22534655964.0,0.9704056666939305,147922.1724495153,-353997.7469223954
3522150,Kapas,2024,1032652.447,1519603.8690545799,1051204.1814754356,22536956790.0,0.9704027344950967,-51942.92467213473,-427518.80418580235
3522150,Kapas,2025,1531804.16,979451.1971756073,1529969.3484085642,1896475259.0,0.9974400099871829,786948.8517570742,-549209.0604602924
3522160,Bojonegoro,2018,1846399.253,1416917.9207205793,1789807.3031053063,86357883413.0,0.8953586513189034,-76301.48272494393,-336331.6917873257
3522160,Bojonegoro,2019,1534591.783,1745591.70137716,1543608.416424177,25401322680.0,0.9667660451981257,32753.144563289912,349393.6160278502
3522160,Bojonegoro,2020,1540678.156,1794299.4478776152,1560513.2302872878,48277222451.0,0.9386717823661609,108610.51673564265,-100614.63038282515
3522160,Bojonegoro,2021,1946230.678,1925414.5246434554,1942120.4096693308,140000000000.0,0.8407130707634936,-224934.10046137142,-171308.8730553114
3522160,Bojonegoro,2022,1346581.386,2082653.0452845334,1441819.751580582,84565693705.0,0.8973072683931863,-338756.00748608063,42431.63972011325
3522160,Bojonegoro,2023,1367822.442,2317557.1250461587,1398917.8428672792,19260985151.0,0.974595696616412,-165439.99958322677,-659141.2655224111
3522160,Bojonegoro,2024,1040851.285,2409177.7274191575,1056751.1961203017,6689726516.0,0.9910278090125713,-197842.80980318718,-972005.4172082029
3522160,Bojonegoro,2025,1792122.201,1757964.0962603507,1784698.7706648852,158000000000.0,0.8238410143605055,801416.5081957241,-1407613.6001991155
3522170,Trucuk,2018,859778.8417,86754.3731542954,857915.9824506269,1374554584.0,0.9981432255187415,-209677.12866174197,344652.44173538964
3522170,Trucuk,2019,882988.2257,239729.13060474646,872442.0779943906,9484500788.0,0.9873269896157172,-121216.30721815962,565628.5649131809
3522170,Trucuk,2020,845759.5507,469523.2293564268,841523.6419265552,6479336358.0,0.9913075293030545,68145.82234691162,541035.0571555572
3522170,Trucuk,2021,857921.3145,575785.9539149881,850463.1757592567,15450237541.0,0.9795189458340227,-254359.56787436834,380135.79832508054
3522170,Trucuk,2022,740361.1705,538075.0271217289,739302.3355321541,2994116580.0,0.9959643193647894,-497433.07070994365,179025.69943269424
3522170,Trucuk,2023,806417.8441,407611.89321487496,802468.4541140428,5691385604.0,0.9923565390433398,-402142.38303665305,25299.917842125986
3522170,Trucuk,2024,941421.3904,521005.4457338501,925176.6735940735,22870417880.0,0.969977955194103,-621565.5479777809,151090.77812400262
3522170,Trucuk,2025,1299264.547,707216.6867872032,1298962.6116181684,290339471.1,0.9996072286746915,496748.6690778071,177789.30695688527
3522180,Dander,2018,749960.2772,487676.5804080907,748007.4545947029,4268393658.0,0.9942566238070997,-459843.3456194906,-92445.1758044346
3522180,Dander,2019,899900.3698,621107.9298062599,892957.9381390981,14531472077.0,0.9807133846536764,-216207.63696492446,8194.570726232487
3522180,Dander,2020,869988.8486,910064.8356639515,870759.4904180425,11156508624.0,0.9851261142268964,-45921.46834016754,173557.18912806013
3522180,Dander,2021,777043.7053,1208379.7127897798,780218.4712309138,4219215511.0,0.9943224202159455,-485434.5632636617,-1368.6066565957153
3522180,Dander,2022,674296.2354,1300123.4147535227,678206.3123404032,3577504201.0,0.9951817772686795,-604935.9947288109,-488580.5142792461
3522180,Dander,2023,835650.9592,1119439.3902771876,848989.3352273811,28063590297.0,0.9634103022277143,-395164.90034606506,-750719.0327357688
3522180,Dander,2024,1095531.209,1330801.038223308,1111941.7850456133,42666425685.0,0.9454102775850064,-475130.0743972331,-482235.4529032073
3522180,Dander,2025,1204934.201,120818.40825984949,1187772.2754107295,9152668264.0,0.9877649530746526,211249.90275025967,-354307.29236703925
3522190,Ngasem,2018,528629.1013,1584579.6814750643,533333.5373204667,2546422715.0,0.9965656802196393,-72233.64399208542,-1326345.5798524802
3522190,Ngasem,2019,627479.869,1290710.448125896,632413.5766469492,4264606545.0,0.9942616903505039,-30231.918830526316,-1301680.2589352035
3522190,Ngasem,2020,505562.1592,1173315.2187724453,506151.8324449787,502928871.5,0.9993198332786384,56015.71830289159,-920433.4149640368
3522190,Ngasem,2021,843337.3764,2473856.6507918704,850651.2858626082,2563914034.0,0.9965421715272254,-183123.07004884043,-817236.0755532844
3522190,Ngasem,2022,921438.896,2413207.307584379,995342.7681796486,29659225211.0,0.9614101740185073,-296694.5685419166,-1710955.8645970565
3522190,Ngasem,2023,1037847.493,2510258.014682048,1072488.341407661,13709655762.0,0.9817842558304262,-2712.323281143137,-1734159.8176725132
3522190,Ngasem,2024,917573.0103,2617832.4821020924,957439.0838562468,13662174082.0,0.9818461984984865,-123642.0571036902,-1653699.2243573626
3522190,Ngasem,2025,915000.3566,1530844.3296625833,920042.3474931158,4697090935.0,0.9936834298931894,692464.6252348679,-1865498.9419302738
3522191,Gayam,2018,832291.9174,1153478.9808858372,840571.9149308179,15057129511.0,0.9800296486764137,-318536.32434593,-990593.811435737
3522191,Gayam,2019,791075.547,2374402.1617431794,791075.547,5.84e-21,1.0,178364.29763535527,-688497.9096381328
3522191,Gayam,2020,909964.4087,1713056.3616466864,915822.6756666227,4181295558.0,0.9943731600123846,289960.1118417156,-1578663.6747459054
3522191,Gayam,2021,1011983.584,1710465.685729688,1013409.8367160978,1164276838.0,0.9984268258426284,198217.04396874656,-964646.8360683986
3522191,Gayam,2022,783433.9903,2075843.2301076136,783962.5024913352,232787651.7,0.9996850602735942,-20349.60717943925,-763185.9430029925
3522191,Gayam,2023,976824.3795,2725321.2475279863,1085289.582464611,37632714779.0,0.9515385673119829,305904.8484571138,-1289314.5498487193
3522191,Gayam,2024,1135606.738,2268934.9905887893,1148817.7989541371,6711221651.0,0.9909992394464947,155730.51269193695,-1741665.3434898078
3522191,Gayam,2025,1351983.396,1133927.969577704,1339117.2270473975,35679764497.0,0.953937631506003,1051845.4000149625,-1264702.185856488
3522200,Kalitidu,2018,967510.4834,1027585.786592135,968428.4712284331,8829900607.0,0.9881913253571734,-320073.0102826547,-362433.8396364216
3522200,Kalitidu,2019,921913.9904,909816.450803477,921825.8378834275,4176776349.0,0.9943792074049168,-366828.99680767406,-353443.232566864
3522200,Kalitidu,2020,1014342.681,956099.099506162,1012882.6124032761,14631146291.0,0.9805836625807093,-255219.70234392775,-265129.638023817
3522200,Kalitidu,2021,888257.2724,1477384.5700683265,895977.3364573215,7555580240.0,0.9898782891648878,-346679.5085428106,-112315.72770383616
3522200,Kalitidu,2022,817243.2123,1500439.6083943807,824225.653919194,5875577154.0,0.9921111235018136,-331778.0868555125,-692824.2829488345
3522200,Kalitidu,2023,1085419.426,1487829.169149315,1085610.35632481,270109513.4,0.9996345857673303,-89628.56807338452,-838127.7106035508
3522200,Kalitidu,2024,1156782.279,1658506.0713062799,1171104.1943968716,16720191825.0,0.9778727269984997,-215516.51654304477,-598222.3173686143
3522200,Kalitidu,2025,1528073.709,880663.4296413895,1433067.305332235,97864123512.0,0.8830469361604979,237075.43653627974,-641849.0319367042
3522210,Malo,2018,619027.1191,185289.73363988422,614424.7320927047,6102623102.0,0.9918087760406733,-261414.44108325077,262156.1667666732
3522210,Malo,2019,752802.1759,443525.7206163973,751252.8286041049,2864905968.0,0.9961378058670763,-13656.27588503132,179045.25751354534
3522210,Malo,2020,794686.2216,803114.2321220727,794716.3353530439,2040430007.0,0.9972462252874384,-90891.19848430666,165295.5410538707
3522210,Malo,2021,1191564.92,805509.6263998421,1189993.9900281571,2324906503.0,0.9968634985618396,-211857.7643703762,-102716.40167290345
3522210,Malo,2022,1080535.034,850845.2286533541,1079620.3845853996,2274956777.0,0.9969306782633096,-486907.41477926035,228659.81110009365
3522210,Malo,2023,1434743.735,659695.3739179319,1419497.6175773025,11417894809.0,0.9847829363513325,-118811.80388924474,104517.0426103624
3522210,Malo,2024,1431356.144,947194.8321133135,1430445.2117203113,1072608507.0,0.9985505088132013,-140232.10716676904,633486.3360894404
3522210,Malo,2025,969588.0813,872744.120793703,969358.7665571342,1350567703.0,0.9981755683388004,765652.6591813122,490423.8406534549
3522220,Purwosari,2018,1042071.834,939166.4126810695,1042069.6675037736,11979982.24,0.9999837873712561,97961.3459226318,72358.03406167953
3522220,Purwosari,2019,914801.843,913823.2277066818,914801.843,8.5e-22,1.0,142576.61153834144,81514.1798208293
3522220,Purwosari,2020,810803.9032,957890.8320176116,810803.9032,2.12e-22,1.0,30125.507583063416,-13390.392334960052
3522220,Purwosari,2021,1158366.366,1083543.7196591843,1155670.8812030202,21265000347.0,0.972026437644844,19569.166408454097,-155406.79958617222
3522220,Purwosari,2022,1157709.244,1255667.8043758871,1168480.145575473,70294992729.0,0.9131315552683568,-74874.79081804643,49604.43658731063
3522220,Purwosari,2023,1245156.079,1130373.3844810536,1233519.535965226,64194570932.0,0.920067686447076,451446.4416870521,-49766.35076560057
3522220,Purwosari,2024,1373865.783,1313934.6187965162,1364157.0404273397,110000000000.0,0.8704231487271622,650753.4406196163,214938.16000771627
3522220,Purwosari,2025,981670.5548,1320848.697027909,1006073.3156746121,44112894419.0,0.9436638483525374,1124588.5640138458,301062.8108111941
3522230,Padangan,2018,955847.2871,574947.7200776201,867041.5321209903,173000000000.0,0.8102897653287607,-249245.3967886103,-272674.3918547917
3522230,Padangan,2019,670018.8561,737823.4069215154,670213.2073876467,1635695857.0,0.9977912500659833,-50121.9834090691,81981.10319567588
3522230,Padangan,2020,866828.2004,857159.8551231833,866795.8014835768,1913213606.0,0.9974174737902579,85532.70249483151,-204105.08570072358
3522230,Padangan,2021,1102070.401,1576713.0770862054,1127021.632108883,31572189606.0,0.9590231927258416,-217852.46888558625,-86723.43823815743
3522230,Padangan,2022,850831.6774,1483291.7979319282,855409.8041801247,4148939821.0,0.9944164585569664,-352046.5855370002,-575517.6104865219
3522230,Padangan,2023,997200.452,1317871.698577003,999860.0995206714,4758920748.0,0.9936008142621835,-234738.42971849215,-822706.6781046785
3522230,Padangan,2024,1465178.894,1505928.8709683886,1467540.9962920605,35013214284.0,0.9547592136952896,-238028.5907638101,-602103.0742464708
3522230,Padangan,2025,1256855.043,1137053.257434476,1255092.5732496053,8496153247.0,0.9886325889566064,585335.7947713104,-228056.64569026814
3522240,Kasiman,2018,629450.435,168802.1675108015,628698.9731266752,929766526.8,0.9987432986263611,-116660.84566661701,316054.8060319503
3522240,Kasiman,2019,620172.6458,130094.91348018331,606777.5644410705,15989812047.0,0.9788188284170685,-37295.225095685804,237791.73493549234
3522240,Kasiman,2020,903164.4033,534219.1643822182,902176.6508867901,1527487992.0,0.9979370663337348,83927.1957090823,308287.1750383742
3522240,Kasiman,2021,1260085.057,640419.3419822002,1257757.1981828476,2145660848.0,0.9971046164119536,-277005.59439728194,321069.3339190786
3522240,Kasiman,2022,1284541.019,799184.4647127262,1284540.8989502327,140743.349,0.9999998095275786,-455535.38689274015,504673.72286634054
3522240,Kasiman,2023,907537.2596,728185.754873558,906874.5383471814,2110381422.0,0.9971520873643446,-228758.71862288192,400584.24910051085
3522240,Kasiman,2024,1441083.506,951258.5532774687,1427496.9393470793,16233519047.0,0.9785029377776046,-16960.710265477624,61075.76337292639
3522240,Kasiman,2025,895246.627,846838.5076462403,894327.6672085448,11011066227.0,0.9853171713400237,617816.728354926,411265.3756053796
3523010,Kenduruan,2018,987711.4513,-76376.2707112331,987015.8604208922,372209784.4,0.9994965302511997,-563813.6480955041,450738.7357490341
3523010,Kenduruan,2019,511000.5547,72253.41881261725,508179.4666703498,3682401739.0,0.9950412006546749,-367249.3370315973,737444.2945694348
3523010,Kenduruan,2020,528539.5305,340238.55822947447,525702.9777166893,8702772163.0,0.9883593615965535,-119636.18617956748,276912.1807819753
3523010,Kenduruan,2021,812829.0275,297351.1074883358,812722.036153941,118128879.2,0.9998401579782439,-291878.8115852579,81302.25309091702
3523010,Kenduruan,2022,1036391.413,364383.9249105307,1029063.9787853834,6272874960.0,0.9915821797350513,-554320.1264523157,346793.67925386474
3523010,Kenduruan,2023,887346.7592,112490.88266416934,886868.3707201208,351524292.4,0.9995244971874921,-257081.51254435474,511000.07370257785
3523010,Kenduruan,2024,755700.3172,264527.66435852036,754858.6989923384,976681787.7,0.9986799702055377,-196262.33013962398,639675.8058961993
3523010,Kenduruan,2025,962125.5442,631765.4780215616,956827.5960259625,9274034215.0,0.9876047252486874,552078.7910303737,438231.5629188202
3523020,Bangilan,2018,913919.1341,476652.96944273973,912819.4258815695,1434671783.0,0.9980621754284811,-644839.8743601504,522605.35496531543
3523020,Bangilan,2019,848291.942,218665.21400545054,848291.942,1.32e-21,1.0,-688362.9627197827,200603.81040001626
3523020,Bangilan,2020,894013.9894,406695.00187875686,887266.7309092942,7989074643.0,0.9893037769518456,-290217.46097310586,351383.9284991037
3523020,Bangilan,2021,1018577.141,415353.22710709245,1017320.4382214193,1187919710.0,0.9983949308031408,-481823.29345989996,401662.43013350334
3523020,Bangilan,2022,1134250.857,530322.5073986717,1127385.5416095294,6542860468.0,0.9912230553741915,-639470.9961712466,494743.63370358787
3523020,Bangilan,2023,1123921.221,90186.57425693549,1110586.9453660646,7435773791.0,0.9900371869367457,-737319.3669556348,507865.7043459036
3523020,Bangilan,2024,1084642.474,364583.9279567096,1076718.5650401607,6331472377.0,0.9915042135912392,-507689.26657721197,824176.0157022951
3523020,Bangilan,2025,941562.9273,671062.2339922296,936304.2199650902,11281428091.0,0.9849620757349535,880056.8690645342,684997.9180055942
3523030,Senori,2018,606341.1354,349459.7992744787,604074.081614087,5066480921.0,0.9931900631899684,-697476.0368944928,45758.137857350855
3523030,Senori,2019,645302.6602,233772.95075022013,640218.332578564,7118011467.0,0.9904588782595592,-355537.75211885304,-100906.2300588605
3523030,Senori,2020,810754.5065,548702.3910252672,806066.4932529288,10364973805.0,0.9861667926127882,-247645.1003076366,153993.5847827497
3523030,Senori,2021,962083.9327,992955.0641537235,962236.5806643914,2827604047.0,0.996187901075571,-410945.2778544546,148203.75740914058
3523030,Senori,2022,837676.0909,910933.0242866215,838703.4415617338,8093398938.0,0.9891656150058671,-665763.2648506932,-117988.56954686088
3523030,Senori,2023,753136.2813,380698.98902269703,752631.6168981832,772086114.1,0.9989562019192141,-439555.26441552525,-245699.44817645405
3523030,Senori,2024,773722.7166,635677.7050237872,772124.9428196694,6663123926.0,0.9910631692688499,-345083.48557224456,120315.55656553723
3523030,Senori,2025,833269.68,681592.560327218,832464.945361941,3035081015.0,0.9959093304871932,593340.8085942534,39516.561050988734
3523040,Singgahan,2018,754739.6755,834089.0455743374,755619.9282691979,6383163691.0,0.9914354464638324,141314.66505924918,216440.6544001457
3523040,Singgahan,2019,813171.4003,752848.811308534,813099.1463734836,682384786.1,0.999077358983634,447317.9022454098,-139968.47210905724
3523040,Singgahan,2020,851083.3935,836809.9796647816,850960.4274051395,4944729609.0,0.99335262321722,231538.05291517996,67818.2595358243
3523040,Singgahan,2021,1492612.506,1185221.7083816547,1462529.1433996088,61729422434.0,0.9229005265542913,-9364.755126037518,45436.19155307114
3523040,Singgahan,2022,1297010.001,1322409.455937163,1300934.9129655883,104000000000.0,0.8766189408428282,-258988.02966347066,300949.2400345858
3523040,Singgahan,2023,1632736.996,1020122.5770077038,1550767.7876087292,87896957224.0,0.8936919850333933,-88542.11992598919,-26345.60298783821
3523040,Singgahan,2024,1421899.504,1290334.9009267378,1419137.8835523624,12200156979.0,0.983757319554913,-44416.60107706877,530365.2318122694
3523040,Singgahan,2025,1420419.959,955052.3453068237,1407853.983003232,15791216428.0,0.9790763969855439,599020.39965872,221178.29455890087
3523050,Montong,2018,476702.7266,981323.6935896456,478679.8355089113,2238193148.0,0.9969801291567576,-89761.20486482652,206936.3916082995
3523050,Montong,2019,750907.3509,492844.03434552485,750644.5490726291,580058706.2,0.999215603835003,274250.9348895073,-623871.4836016323
3523050,Montong,2020,501402.6137,427067.59582319594,500673.45379388885,5636866508.0,0.9924292031973826,65712.5280913508,115855.62117095618
3523050,Montong,2021,803094.4143,456101.30519235873,802470.6707643189,1024693385.0,0.998615170212626,-203458.59989220032,71336.98344116082
3523050,Montong,2022,638832.5446,648453.3153333399,639257.5106025973,26296127458.0,0.9656355538692094,-235117.86756227328,280364.0021398688
3523050,Montong,2023,780777.8286,212102.12869739428,776082.9989184698,4736775669.0,0.993630402448764,-45911.48002374899,1550.3487918467727
3523050,Montong,2024,684117.4103,419775.30717819044,682517.1756653343,3465626300.0,0.9953317522748006,-68877.4977967653,493823.9500547301
3523050,Montong,2025,1084219.927,350121.81449723616,1078184.2522250246,4717202867.0,0.9936565552661153,480961.5417316688,320768.86259610776
3523060,Parengan,2018,842014.4477,303980.5934775855,840434.8824229995,1675452830.0,0.9977376859818927,224494.77799477748,356925.8429845936
3523060,Parengan,2019,848355.6884,523005.3179243192,847368.3860268886,1731992991.0,0.9976615200177915,506453.63555252866,512283.7860845995
3523060,Parengan,2020,601029.9756,795561.7549146946,604822.2498314674,11313225209.0,0.9849203299459007,472840.79803862504,478572.2617263425
3523060,Parengan,2021,1117777.185,1203265.735829842,1118506.4000820823,4895481874.0,0.9934183929694171,438677.2837697809,4513.423241365119
3523060,Parengan,2022,1150352.778,1371374.6535473184,1163001.9109138488,34541977506.0,0.9553409092113211,352351.8526844685,71167.94922322407
3523060,Parengan,2023,1441282.88,1023548.5265326379,1428235.3697489803,18345768563.0,0.9757735784707676,663502.4498579833,-40855.67500081216
3523060,Parengan,2024,1412205.308,1209857.4742237316,1401735.4388978453,31048705491.0,0.9596752131505543,486624.63292537985,591227.5219328863
3523060,Parengan,2025,1210150.082,916494.3657391742,1209112.7601345363,2017154941.0,0.9972775519169198,1083902.504606133,479036.18700459134
3523070,Soko,2018,717356.1194,1212976.0043912001,720715.9565304944,3883747482.0,0.9947714818995711,12572.706240197906,-668519.2578166832
3523070,Soko,2019,635889.253,1055859.0560551852,636606.5449613344,973526191.7,0.9986842295251801,86703.60275031309,-593311.7706852863
3523070,Soko,2020,768828.2538,926858.7740383061,770374.0592809295,5620957081.0,0.9924504096093287,163506.2101170898,-474225.71205968293
3523070,Soko,2021,1166930.309,2122384.466468041,1232799.0405387678,42132670784.0,0.9460563534331453,-3395.7000243796792,-168136.92015524232
3523070,Soko,2022,820023.6506,2320839.63384916,831364.6961627931,4332586520.0,0.9941707520165163,280584.06623071263,-829332.2280408489
3523070,Soko,2023,985187.5516,1989556.7673723851,1010085.6999987452,14464478764.0,0.9808005931066442,326300.1498018824,-1358251.2747520155
3523070,Soko,2024,910102.0594,2178817.351582778,920398.652331333,4655815154.0,0.9937385893279229,236700.01907383365,-1024258.7385704498
3523070,Soko,2025,1230948.624,1092817.3935117244,1228090.7924201407,12021303937.0,0.983991623722827,891856.4364591413,-1208111.109743726
3523080,Rengel,2018,744267.4521,535218.9315479286,738794.1070151455,15298729354.0,0.979715713312433,-194857.22503118517,444064.1193792425
3523080,Rengel,2019,1065671.174,386687.44359125604,1035210.122337397,26726806800.0,0.965092377986243,-29319.012508101994,85954.4397235422
3523080,Rengel,2020,1043026.41,459961.14724056894,1025182.167857191,17964169822.0,0.9762655367238682,164702.0280078649,555479.4738574678
3523080,Rengel,2021,1036003.397,1176939.7489546426,1037834.765220501,7491354223.0,0.9899634649726239,-114643.8401692214,643312.9379694553
3523080,Rengel,2022,1646399.983,1139981.4231672392,1578569.3198129772,88002856572.0,0.893577534533047,-183613.8329175809,-52448.208275528974
3523080,Rengel,2023,1385347.142,1129678.7698871228,1372689.2372450638,29639044022.0,0.9614354192806998,250368.74667531243,494290.1726555519
3523080,Rengel,2024,1390782.837,1121279.7240272167,1382236.7265863817,18634892562.0,0.9754011689520559,25366.481244401133,399965.32256543776
3523080,Rengel,2025,1175343.308,501229.4394313392,1146133.9823663444,25772315727.0,0.9662970136006204,999525.3791187406,367895.48042275826
3523081,Grabagan,2018,659668.1753,77974.66513463514,645213.4716757461,14500086927.0,0.9807542382985559,112800.17089982578,873891.6093151681
3523081,Grabagan,2019,858143.2026,-12550.369438098729,858143.2026,7.750000000000001e-22,1.0,259527.20157426107,554359.8338509599
3523081,Grabagan,2020,608099.6977,213311.84629907904,602256.0576370655,8549160974.0,0.9885624785426423,319655.53022710374,856449.369393114
3523081,Grabagan,2021,872168.073,622363.8562677685,871427.1749258469,1692684605.0,0.9977144716083685,78891.26591307005,522974.91522341035
3523081,Grabagan,2022,1038935.209,735337.997714506,1034987.8317533408,7495868186.0,0.9899574781277204,65092.72447805613,326543.5290524886
3523081,Grabagan,2023,1796041.232,295576.6505276096,1625786.5671454985,72829308753.0,0.9102807092240729,161423.07975386636,389330.2019758008
3523081,Grabagan,2024,1400945.174,568655.4703385073,1390455.0280911482,7263450391.0,0.9902658267513008,70194.0373661143,1526689.9338438723
3523081,Grabagan,2025,1566963.166,264647.6237586177,1566963.166,8.02e-22,1.0,736759.0358194282,1085588.1462287775
3523090,Plumpang,2018,1112777.008,875778.47601365,1112164.8155739598,1473645172.0,0.9980096384841541,-38300.59473098439,551442.6560498076
3523090,Plumpang,2019,1102223.975,577673.9896825892,1096728.1768244158,6024838721.0,0.9919123374480108,284194.5450887678,230314.46972922212
3523090,Plumpang,2020,1146514.103,393873.9557530679,1131434.889178792,11633439703.0,0.9845001240250496,178296.95119378442,567939.3432511806
3523090,Plumpang,2021,1049765.242,1002836.8148362283,1049608.5096305932,1906790331.0,0.9974261218470074,96006.64534683345,854874.2507947872
3523090,Plumpang,2022,1271441.57,1160219.1509874256,1268026.0460814205,18027609482.0,0.976183715745426,111056.71333380524,263711.1277132473
3523090,Plumpang,2023,1258843.781,1226282.6524762942,1258047.103241484,14271469423.0,0.9810519294826093,579271.4433059014,285224.23811389576
3523090,Plumpang,2024,1515337.167,1284032.9057220065,1494685.781343756,55783936004.0,0.9298051266045769,340761.48426741385,298247.44563004724
3523090,Plumpang,2025,1427915.657,306772.0795186186,1375366.8676736853,27981887878.0,0.9635129401986015,816250.713050544,431114.5025072587
3523100,Widang,2018,937910.6354,679842.7811269881,935701.8343762794,4912280472.0,0.9933959576670479,130316.16838288822,400546.8666439194
3523100,Widang,2019,1047657.371,544849.6436931986,1039252.5123809985,9673347277.0,0.9870779171817752,233499.40644198935,248015.04603274493
3523100,Widang,2020,742722.4171,631970.8057304189,741301.7252631733,7394081501.0,0.9900924948573351,347172.30191160965,471873.03426948166
3523100,Widang,2021,1058313.047,814529.8254298136,1053886.8351405652,10522365808.0,0.985959684792143,71882.3637677253,200604.18674204266
3523100,Widang,2022,1210481.641,1036798.6657441726,1207285.2116162472,10668475187.0,0.9857675013121426,90093.38446333497,251286.94709433324
3523100,Widang,2023,1050126.997,843947.3230420843,1040261.4594401219,28595423277.0,0.962742725632888,150747.78150992744,252467.44263394817
3523100,Widang,2024,1306826.748,958280.9999271547,1303702.9165119862,5145944023.0,0.9930839942649388,218916.62564337638,240753.92451229203
3523100,Widang,2025,1403343.035,660940.8566547531,1360955.033458462,34455888624.0,0.9554472540616844,1077628.0289541269,406919.3213011478
3523110,Palang,2018,1364897.306,821253.6169365281,1361032.2546619554,4074430582.0,0.9945161813858655,160427.4775727101,746129.948803775
3523110,Palang,2019,1030804.891,608429.447158324,1016908.5357804504,19357908269.0,0.9744711232659794,254799.4371599538,655498.1919776739
3523110,Palang,2020,912871.8551,681706.9603392202,908694.7998590887,10471164360.0,0.9860270498263081,532572.9241694589,547722.9153483546
3523110,Palang,2021,964677.8272,829205.7899718259,963920.630236827,3198311591.0,0.9956902771442077,234325.14234227763,480841.78830744105
3523110,Palang,2022,1181267.202,967148.2137511146,1177116.5260599384,11248443186.0,0.9850053846850905,156979.88725139832,322835.49960317626
3523110,Palang,2023,1577688.16,680073.1133342639,1372142.250689933,169000000000.0,0.8138596498411496,370289.6476291747,411273.59966990957
3523110,Palang,2024,1184650.457,792039.8552277379,1157356.5022451386,42513254573.0,0.9455955910291861,269083.5406481111,1107593.2965953227
3523110,Palang,2025,1510683.839,195676.42095197202,1398659.714351674,52988217705.0,0.9330876823226376,688519.6351336311,720106.2119490665
3523120,Semanding,2018,1140807.402,852360.4716765066,1132607.7591895624,16648720616.0,0.977965226880804,261429.44712802602,1085083.3169746457
3523120,Semanding,2019,1138013.009,102892.06098375258,1076848.7419939076,35734316812.0,0.9538704535372696,222879.12396048784,427577.18732529983
3523120,Semanding,2020,1403724.28,-153021.5642413471,1249726.0037186146,62468874930.0,0.9220489504712572,242930.26134235575,1059894.0868666838
3523120,Semanding,2021,1208578.928,730007.1079287066,1205471.3990949444,3718986658.0,0.9949921813514103,167749.61671897653,1777399.333115164
3523120,Semanding,2022,1171402.366,673045.3288292071,1159748.3488322536,13625076879.0,0.9818945994395316,51971.08044698645,881322.6526620808
3523120,Semanding,2023,1210023.05,338493.24405221606,1165362.725609128,30733516816.0,0.960068221051597,298559.7785827628,761267.7603611918
3523120,Semanding,2024,1138109.689,434671.8099927518,1128169.3892878452,8156087543.0,0.9890826118722603,276900.23986058024,1105187.5280661592
3523120,Semanding,2025,1264539.588,217096.3378303851,1232683.2578681035,17848675484.0,0.9764145301787247,923574.9028590018,1027319.5317269207
3523130,Tuban,2018,1322903.28,2279575.766914665,1564265.1037971717,192000000000.0,0.7937517662361364,12048.69966325628,-298050.6453381776
3523130,Tuban,2019,944295.9873,1959294.4366036407,950713.6419147201,3620703780.0,0.9951238792926617,209749.3663908085,-970791.4330196364
3523130,Tuban,2020,1098678.081,1616749.9564985917,1103538.6361934752,5389109409.0,0.9927595529774876,250316.25472175507,-1067439.0506170196
3523130,Tuban,2021,1998854.771,2291177.90085028,2067310.8569025388,174000000000.0,0.8094021822193258,35233.941066211526,-550904.1338314957
3523130,Tuban,2022,2115704.839,2368955.2961243405,2189278.28365949,233000000000.0,0.7602676103770044,157675.3541672717,-219497.78940177266
3523130,Tuban,2023,2431316.097,2457207.7619310413,2442635.476046495,442000000000.0,0.6257146129115866,228990.03277494854,-50758.49700800469
3523130,Tuban,2024,1886242.824,2385722.276110831,2098933.1628428055,422000000000.0,0.6364942738006838,264096.2466349731,200796.34579777997
3523130,Tuban,2025,1604550.247,1562002.2840419007,1600240.5111494153,64132807655.0,0.9201384496679689,974744.4532278379,-207125.61401470564
3523140,Jenu,2018,1005155.582,1109601.3903494196,1010784.4454743771,32412806868.0,0.9579780219343549,-223049.35543465003,9761.414652862688
3523140,Jenu,2019,1175907.966,1434704.7958148497,1176359.4262297247,994365768.9,0.9986561016219017,-83233.8671331257,-275197.1052533231
3523140,Jenu,2020,1050044.026,1588728.4889149212,1054570.3778331794,4821762668.0,0.9935168603515676,-76559.9201865115,-344606.9907133267
3523140,Jenu,2021,1167756.534,1354351.413127014,1170623.2686825686,8878491040.0,0.9881271144319623,-57887.24205759967,-560439.7718253927
3523140,Jenu,2022,2176316.885,1409144.9225142677,1908602.74514975,305000000000.0,0.707831195748397,-193862.87409167402,-264126.7320547793
3523140,Jenu,2023,1318110.079,1666316.4888981266,1349446.6310219327,56272683887.0,0.9292336400014395,90193.13033659161,719349.9308731705
3523140,Jenu,2024,1559599.442,1664289.40178824,1561893.6030741353,12748794411.0,0.9830392796382726,11967.323298234434,-149638.67342663184
3523140,Jenu,2025,1628583.556,922610.0870487435,1554235.7237430282,66978576062.0,0.9168892685040615,849185.5674234487,-48930.53387002996
3523150,Merakurak,2018,832800.4722,245902.6825856029,826263.4901901438,6409240412.0,0.9914007591256656,317061.38889758126,801082.0704675759
3523150,Merakurak,2019,841220.6755,400651.97406941804,840381.2282826528,1086263992.0,0.9985320822859147,711599.7602640738,613434.2177984873
3523150,Merakurak,2020,893963.0574,597977.7636686298,891011.2476621182,5731898106.0,0.9923025500520446,699749.5688688584,584514.0311965526
3523150,Merakurak,2021,1140952.329,921042.2331613994,1139149.1665915533,4704275223.0,0.993673829700759,527015.8127219084,494230.9346277341
3523150,Merakurak,2022,1379604.666,1013819.2511244543,1372625.8253529712,11067518053.0,0.9852430058772592,377529.7266242199,417462.423865609
3523150,Merakurak,2023,1291439.083,812810.7597083776,1273689.6703162005,21914143461.0,0.9711971022241056,631455.8793410456,547145.0912596928
3523150,Merakurak,2024,1761024.057,997908.3078967895,1672011.251968697,75136958680.0,0.9077002794779481,710135.7589629301,683430.4572945525
3523150,Merakurak,2025,2179120.892,789634.1046060281,1972673.5057525218,99297320352.0,0.8815370836647743,1365513.3865734362,1049169.2419836558
3523160,Kerek,2018,772583.4568,8544.49190789467,751350.6413005908,16265201376.0,0.9784618864268653,-209760.36489760087,973611.7934889739
3523160,Kerek,2019,798040.1629,-135827.11803650888,794131.5923204753,2391561983.0,0.9967738646188874,38534.59036053429,690975.755623016
3523160,Kerek,2020,717136.943,84886.23938340397,707142.5844380496,9139300172.0,0.9877826048632333,269033.4161569957,896570.4411456654
3523160,Kerek,2021,897449.8154,377835.6981065194,892477.9202271558,5497229885.0,0.9926153622540363,126194.01080859869,773007.6406704278
3523160,Kerek,2022,1098611.706,579841.8986166235,1091671.0493431399,7716189645.0,0.9896653549532021,231459.12035398165,640404.9959258863
3523160,Kerek,2023,1275477.556,199214.1795946945,1273652.0743580007,966770748.6,0.9986933479221239,274395.16909929115,716624.2848823867
3523160,Kerek,2024,1431442.772,422912.4432656703,1409581.6902100751,12607454399.0,0.9832241608768559,110772.42280423724,1210360.273584676
3523160,Kerek,2025,1312034.695,124209.1441222146,1204584.4419143377,56592665037.0,0.9288598705322411,606399.0112853766,1232178.4342438695
3523170,Tambakboyo,2018,879671.9646,778188.2580253998,879400.9730669089,1523519425.0,0.9979424150142423,-26434.11854950487,207809.8050990316
3523170,Tambakboyo,2019,826508.1205,742636.2159154485,826473.3083212193,236277488.7,0.999680340362689,188289.5721690147,-42034.50673364813
3523170,Tambakboyo,2020,900672.2841,859554.6884389636,900672.2841,4.81e-22,1.0,312539.8110783032,-2852.817246237886
3523170,Tambakboyo,2021,1138191.701,957683.4957526212,1131632.5208271926,21456303842.0,0.9717818840309331,229681.99925118807,38580.424140927615
3523170,Tambakboyo,2022,1365414.049,1216909.4374449125,1363155.79091441,8786499259.0,0.9882486861051676,286852.7003641783,190734.91926776362
3523170,Tambakboyo,2023,1240028.449,896427.4079908788,1239291.1670418698,1223599732.0,0.9983468010963227,416811.06007638184,266159.22333624354
3523170,Tambakboyo,2024,1250656.975,1094201.53255179,1247933.092099656,10082140595.0,0.9865391838226257,505500.36018923775,434238.36702089175
3523170,Tambakboyo,2025,885205.2261,796651.2592074649,882609.3656738973,17183904349.0,0.977273003085901,945289.2219062492,323587.3148329413
3523180,Jatirogo,2018,671454.2556,609619.7398925751,669893.403017312,14735390512.0,0.980448029531854,-124440.52489472111,247100.71563093248
3523180,Jatirogo,2019,657103.1338,490754.54509356973,655799.8702766988,4493206323.0,0.9939559533825022,-29273.204716818494,-74750.55283577135
3523180,Jatirogo,2020,748473.9587,682976.3637280687,748250.6444896496,1946711586.0,0.9973723757955386,-77138.68062688742,50590.233085536165
3523180,Jatirogo,2021,1066600.359,1042700.4399555076,1066422.5095247796,4266063954.0,0.9942597405673569,61331.86910719921,14392.079562769039
3523180,Jatirogo,2022,1152862.051,1189453.5829952178,1153945.110867791,17355927482.0,0.9770507109163681,110485.86567646664,59669.0216509786
3523180,Jatirogo,2023,1231474.298,795231.1190718424,1221355.9734951532,13511360656.0,0.9820429954088218,214950.77931614066,68373.98179018218
3523180,Jatirogo,2024,1190298.706,984919.4772607399,1147679.3983715184,149000000000.0,0.8321915342899014,257526.92008051358,485247.9344986498
3523180,Jatirogo,2025,1324288.446,728677.08284651,1292750.2923797804,31814722514.0,0.9587214085148118,919726.1875821586,371985.59508773417
3523190,Bancar,2018,712560.2857,304078.69448891206,707581.4260661772,7021190435.0,0.9905874374939466,489246.2089419884,252276.10474324753
3523190,Bancar,2019,865273.5638,438752.20703174523,860063.1895768688,7037096156.0,0.9905663155426632,438127.8360047469,419759.3514909742
3523190,Bancar,2020,678667.7421,759525.6735657698,679484.9094071571,5809344161.0,0.9921993579037051,618077.0698173721,506182.30241555703
3523190,Bancar,2021,762382.7867,1122727.8265458257,773703.6022562205,18456506211.0,0.9756309079638079,660137.0315437301,122207.25852810766
3523190,Bancar,2022,885765.302,1128371.3062476618,889120.8502009786,7980646170.0,0.9893149408904569,400736.31364291883,-157620.33560908923
3523190,Bancar,2023,835148.6859,844431.0831386208,835157.2241090105,523882197.9,0.9992915158385723,878730.5441611623,-118231.2012238506
3523190,Bancar,2024,956484.5533,798158.6581001775,954384.7855689519,7647948215.0,0.9897558175090942,597745.6624323454,193176.37281110988
3523190,Bancar,2025,866941.0544,558580.2154547503,865978.3861878198,1781979492.0,0.9975941922561568,1059779.8649332642,334377.4357194095
3524010,Sukorame,2018,1058794.403,723147.541443001,1042279.0319339873,29447336846.0,0.9616752977409746,444892.2472914657,345910.5451826877
3524010,Sukorame,2019,473976.5998,506221.01413162943,473976.5998,6.87e-25,1.0,612869.2323701374,261334.19781349483
3524010,Sukorame,2020,1082874.881,563093.4521047452,1082874.881,3.82e-21,1.0,642535.2013374517,-33505.63640397496
3524010,Sukorame,2021,1728056.204,1175110.898896253,1728056.204,1.44e-20,1.0,391133.3883080833,538261.6347277993
3524010,Sukorame,2022,1457975.666,1224472.4601040583,1457975.666,3.31e-24,1.0,165538.75476888867,659292.2148420501
3524010,Sukorame,2023,1381782.893,953518.1199291172,1381782.893,1.36e-20,1.0,652031.8431988588,366502.4473277733
3524010,Sukorame,2024,1082520.589,1146282.7692008312,1082520.589,1.19e-20,1.0,574268.0742337891,558536.0622910336
3524010,Sukorame,2025,778411.1143,816067.2904528517,778411.1143,8.42e-21,1.0,1171496.402587148,113910.9083156411
3524020,Bluluk,2018,550705.8365,487773.496315589,550705.8365,4.53e-21,1.0,-368885.6212816145,297318.9536365961
3524020,Bluluk,2019,833869.3048,263949.73364082293,833869.3048,2.06e-20,1.0,-202174.73521804227,-265553.6700890141
3524020,Bluluk,2020,879476.0774,562393.2576827715,879476.0774,9.73e-22,1.0,-104134.33601909195,219795.25743053528
3524020,Bluluk,2021,1292471.223,780165.43421662,1239922.0792917758,65037670515.0,0.9191028203289329,-159353.7060548893,145867.69363184017
3524020,Bluluk,2022,905194.9686,839866.0674171402,904789.1505159823,3556801344.0,0.9952095265363864,-407473.5031625223,340220.09680767823
3524020,Bluluk,2023,1214150.117,377699.3292633275,1214025.8475954935,84550406.23,0.9998855883333545,-23045.143845533865,-63429.27917097579
3524020,Bluluk,2024,1058846.573,593573.7768461993,1057032.4836874013,2227280774.0,0.9969948083756346,-193187.7694558549,648149.1540496927
3524020,Bluluk,2025,1421509.211,672940.7641320237,1421509.211,4.860000000000001e-21,1.0,606544.1877005289,393647.58811065997
3524030,Ngimbang,2018,894597.6003,1121857.7244109376,894693.1814913809,239419347.7,0.9996760911208168,-643922.3089772128,-44138.12061484692
3524030,Ngimbang,2019,773074.6027,516891.0049034208,761405.2278324997,27156313526.0,0.96455128925986,-535862.5356043386,-582234.3649135318
3524030,Ngimbang,2020,838215.2531,399959.1838000048,835576.4808543345,3446863940.0,0.9953569080939089,-406757.2382690609,-148471.4617544309
3524030,Ngimbang,2021,1230008.794,1069466.4444458215,1213361.2195356833,65831430216.0,0.9181962678021375,-373708.835528914,188088.75732181047
3524030,Ngimbang,2022,872124.8534,1112975.830856548,876262.753469857,9946839166.0,0.9867174273739181,-785433.7293759166,29657.878783888416
3524030,Ngimbang,2023,1138285.016,730141.3869947073,1135999.6058292175,3204181877.0,0.9956824010906173,-484858.2093018578,-448992.4586891931
3524030,Ngimbang,2024,1015897.95,996431.0152034353,1015789.8972745842,3176016868.0,0.9957201906948504,-685602.8348319124,108421.20312767255
3524030,Ngimbang,2025,1311598.405,712862.6177747038,1303997.2113656953,7316826714.0,0.9901949954082575,349467.32050668285,-193488.3105771707
3524040,Sambeng,2018,582240.9817,1156118.7905424342,583952.922663195,1702527698.0,0.9977012116346162,-566664.8465712727,-279047.5455337583
3524040,Sambeng,2019,607733.819,729048.3793699688,611255.2373636466,17010808965.0,0.977496782962318,-491911.02945610567,-916673.6636113449
3524040,Sambeng,2020,789988.1089,801476.1592898618,790060.0389992599,3585250230.0,0.9951713952041783,-180645.95593347828,-529781.7959731017
3524040,Sambeng,2021,1000386.192,1143561.5897867396,1002696.9748285194,9334360467.0,0.9875251016226271,-768011.0979374727,-220037.78286886343
3524040,Sambeng,2022,1002573.035,1268281.9760531331,1003309.1792829247,1580843955.0,0.9978651608054463,-884653.4963088227,-422430.7776931089
3524040,Sambeng,2023,1215437.261,908150.4488788925,1208785.260243067,12590424457.0,0.9832464417599008,-616596.6829385068,-547176.3062081818
3524040,Sambeng,2024,1144563.472,1151731.7170235044,1144663.939983714,8088578314.0,0.9891719983519098,-767837.2048099102,-8648.465436513769
3524040,Sambeng,2025,1406500.513,782385.2961114877,1394484.6713900126,11170165497.0,0.985108177989987,36416.21552470497,-227242.3348335866
3524050,Mantup,2018,1388639.155,1401378.435495183,1389413.4701780314,36824230238.0,0.9525302693506139,-407529.2395556996,-18070.03838669468
3524050,Mantup,2019,778016.4584,1023321.5104102939,780859.525905369,6672227797.0,0.9910510680874639,-130684.0320315919,-246612.95114475698
3524050,Mantup,2020,960790.6788,904603.3621006476,959394.225857256,14502587939.0,0.9807509826386904,75716.67603063291,-454892.5733844553
3524050,Mantup,2021,1224717.156,979674.5421635744,1219201.7540285133,13102363977.0,0.9825770937438012,-129072.45139991623,-120332.56978058757
3524050,Mantup,2022,1655532.0,1348398.0563402434,1620539.2920492846,73166208226.0,0.9099030717303201,-478145.0682555111,113945.9053191347
3524050,Mantup,2023,1616917.163,1285363.38937859,1564852.4650036222,106000000000.0,0.8745438994468053,-60160.96235871168,190504.27187071205
3524050,Mantup,2024,1571682.334,1629676.1962432545,1578533.9238067395,76232240167.0,0.9064806411759356,-259418.48026315786,276434.91160370247
3524050,Mantup,2025,1176778.324,1155193.8220704377,1175322.0403172267,41168780223.0,0.9472253206658015,625894.2585399793,-97558.42057195562
3524060,Kembangbahu,2018,920377.5111,1387220.155784383,920446.7221244704,84371641.08,0.9998858302066295,-448932.1005965831,-510901.28398109635
3524060,Kembangbahu,2019,752486.7443,1038715.8896431285,752614.0372603218,253169314.6,0.9996574952513337,-301209.31322672765,-794001.3924393367
3524060,Kembangbahu,2020,1233374.386,946822.8845242753,1227944.676552118,10990296948.0,0.9853444604804313,-262355.33442555624,-643086.6991730853
3524060,Kembangbahu,2021,1259606.161,1984259.498349721,1270151.30645013,8402642923.0,0.988756294183422,-599081.6563683557,-27830.958602024708
3524060,Kembangbahu,2022,1432432.808,2008461.8994906785,1482749.6065488504,54461828408.0,0.9313545784921677,-809898.693322902,-891439.9438552575
3524060,Kembangbahu,2023,1557933.124,1783273.714743089,1566394.2212942732,22199109213.0,0.9708334811072217,-154630.7734155003,-911417.0075077873
3524060,Kembangbahu,2024,1621711.051,1905479.1007158968,1637220.38124569,32897776478.0,0.9573760767475126,-492097.10887953185,-455132.1763818599
3524060,Kembangbahu,2025,1156183.498,1094296.536913779,1154068.14619322,20137938300.0,0.9734697245013229,495248.2092252032,-485901.2108476097
3524070,Sugio,2018,1162594.643,1199015.8963745092,1162594.6592985142,254636.5107,0.9999996553924171,-1010694.9884754338,-748063.5767941726
3524070,Sugio,2019,1140736.652,1141705.9015780576,1140880.2249847623,98944146116.0,0.881908668102251,-754432.7922423977,-548885.9391472603
3524070,Sugio,2020,940467.3455,1271498.5312075976,942415.4815380948,3368535402.0,0.9954619415898833,-470217.72092093877,-386321.08226164617
3524070,Sugio,2021,1072126.798,1715711.5890814331,1080283.3042765283,7304070914.0,0.9902119216634255,-997059.3756445898,-561202.6249508739
3524070,Sugio,2022,907083.471,1939917.6593809254,913921.381983944,3792320265.0,0.9948939378563758,-1031057.5685923565,-989370.7613685536
3524070,Sugio,2023,1166923.054,1586973.8468891417,1177502.9545230186,14702320923.0,0.9804910525937195,-776573.9834592757,-1407813.898971044
3524070,Sugio,2024,961779.6094,1858891.9237467574,972786.5790171482,7068215150.0,0.9905249937791676,-924671.3680722583,-889682.2497943118
3524070,Sugio,2025,1316907.554,1117498.9808322778,1315186.6837287159,4953313617.0,0.9933411602699997,123941.2588608274,-1269814.1638545496
3524080,Kedungpring,2018,1176643.914,1096073.1984826801,1174384.0070500434,16420871350.0,0.9782602321347702,-1024007.0046156574,-663184.7579735916
3524080,Kedungpring,2019,774373.1061,1086280.9076052736,787027.8999203432,24062674632.0,0.9684622363492752,-786235.434463122,-443816.7599689297
3524080,Kedungpring,2020,867352.7216,1128602.6661164097,869035.7012010023,3689408823.0,0.9950318116477889,-624122.4870405528,-702630.761704878
3524080,Kedungpring,2021,1100554.74,1371223.931605178,1104544.3964962151,8512814399.0,0.9886105510928048,-1259196.4742022082,-620889.5374084595
3524080,Kedungpring,2022,831385.9242,1566693.9438772767,834940.0637693994,2763737513.0,0.9962736833533656,-1294455.8703348069,-731100.9682972878
3524080,Kedungpring,2023,1134983.411,1263119.7059241133,1142836.5880702185,37150790736.0,0.9521294554814796,-996553.6978995337,-1173929.6880536275
3524080,Kedungpring,2024,674878.6654,1550696.760661235,678829.9611549901,2578794568.0,0.9965221726566762,-1002886.5413436536,-624317.7868419047
3524080,Kedungpring,2025,986167.2833,660321.8453689648,983251.053143532,5138564574.0,0.9930938435455812,160165.2623108757,-1212281.1769640746
3524090,Modo,2018,932457.6934,1186543.4129701548,932541.6665912499,188118412.2,0.9997454781579658,-1143262.972914848,-1194255.2963150926
3524090,Modo,2019,723974.308,977208.447385781,723991.938331784,39618298.26,0.9999463861694886,-844099.5536046093,-914639.9443740593
3524090,Modo,2020,829101.6443,990915.7655586061,829612.6766968052,1802740012.0,0.9975662321906916,-515192.02733183117,-783003.7307874523
3524090,Modo,2021,1007604.311,2548590.5204760404,1021403.2322782396,5141385703.0,0.9930900781883742,-990047.1190167492,-514120.89558056416
3524090,Modo,2022,1078983.248,2368772.9185986724,1086191.7340089476,3198059535.0,0.9956906153258468,-1152710.147982307,-1895594.918630414
3524090,Modo,2023,1186838.546,2045477.6731260747,1195046.7214297552,5492055543.0,0.9926222618623722,-751702.7213937031,-1892037.0152172947
3524090,Modo,2024,1103752.878,2200307.8281283434,1155215.2004840528,28019601011.0,0.963465560677747,-989226.4298447657,-1435233.2294173604
3524090,Modo,2025,995769.5949,1216189.1398281478,1003018.120058926,19348568388.0,0.9744831262421845,-50300.115515828016,-1607530.7603767659
3524100,Babat,2018,1249788.923,1760400.2867451943,1285341.6429616068,42584637674.0,0.9455092194377595,-1389722.521508995,-1217032.8020743951
3524100,Babat,2019,1211818.022,1697365.9126810469,1237251.0340648342,31452767824.0,0.9591718593195863,-1098801.8071666001,-1120948.1368245967
3524100,Babat,2020,1035149.67,1819781.635552429,1063646.1560033874,21444653897.0,0.9717967732675308,-748131.5835157013,-993693.8084590968
3524100,Babat,2021,995628.5768,2458435.2654870325,1002613.5434984021,2730131047.0,0.9963188277804468,-1342358.202268947,-1148793.1194654866
3524100,Babat,2022,1031983.822,2516580.6883680252,1053958.946146623,8549223310.0,0.988562396100087,-1297194.613439026,-1934976.1744190324
3524100,Babat,2023,1367955.469,2232763.41864498,1408968.125940071,28328654535.0,0.9630774680236979,-1298603.0835345108,-2021880.0079480256
3524100,Babat,2024,1396756.291,2421600.901459969,1399859.3610047207,1728135818.0,0.9976667156945945,-1340032.4920183537,-1489487.1187440013
3524100,Babat,2025,1686100.844,951525.1665390183,1641372.374787254,36894231885.0,0.9524443223063755,-161854.81343749515,-1525409.1367697658
3524110,Pucuk,2018,1015994.11,887184.318276194,1011259.5110395497,21713287801.0,0.9714535611397698,-581673.5395215101,3074.167906484232
3524110,Pucuk,2019,794968.9925,719306.0282781679,794680.1883488422,2180260038.0,0.9970580651547757,-503191.2618085436,-190340.260852381
3524110,Pucuk,2020,1055743.857,769578.8854188581,1053871.4520394448,3747672463.0,0.9949537492698365,-260595.96372691196,-269944.28076034354
3524110,Pucuk,2021,1059633.346,1285416.5647592053,1059990.4059762203,901289289.0,0.9987817424556238,-594659.5683753553,21399.51424780721
3524110,Pucuk,2022,1718735.824,1369950.7978720833,1694552.1831037938,42393440668.0,0.9457405980395837,-723402.1895347688,-428407.61153071304
3524110,Pucuk,2023,1329224.013,1238092.0592212135,1319520.5548506442,67807459728.0,0.9159471940822562,-465395.34390877193,77017.87612783886
3524110,Pucuk,2024,1857926.721,1265345.5165964456,1828618.075538991,29607688452.0,0.9614746455457451,-665424.4054932257,-95521.37850586581
3524110,Pucuk,2025,1340010.459,911276.5789611986,1319907.9808355654,27992727114.0,0.9634993222421168,259042.58049525085,345226.5210518595
3524120,Sukodadi,2018,1009166.37,1432809.8722465192,1010096.9675951524,1252690456.0,0.99830756329835,-1396956.0791056189,-509608.27310952207
3524120,Sukodadi,2019,865144.65,1135106.9340704673,867223.1907775543,4415089778.0,0.9940604079048615,-899138.21936862,-1051383.2902741116
3524120,Sukodadi,2020,907839.5853,1096840.500236731,910125.241254515,6965597843.0,0.9906612685750974,-494199.8065724458,-875394.1972891862
3524120,Sukodadi,2021,992154.332,1144576.9423548523,993658.0391471134,5669528889.0,0.992385668837365,-1169836.8689597892,-624453.8269811334
3524120,Sukodadi,2022,1093160.583,1542323.6653437964,1095540.7752964697,3031397312.0,0.9959142750815758,-1091733.94847929,-652992.3511954251
3524120,Sukodadi,2023,1541656.418,1221054.2991707542,1532039.478323982,17596429296.0,0.9767400985204556,-1151788.8601449314,-860188.5729539893
3524120,Sukodadi,2024,1373389.521,1575093.1396887503,1377614.5893059361,12174220205.0,0.9837912907803056,-1196063.3095174718,-235976.03625846957
3524120,Sukodadi,2025,1882925.335,853700.8133082687,1773379.7317329354,67777581668.0,0.9159811185980646,-315177.3322750746,-601097.0721142502
3524130,Lamongan,2018,1813877.987,2378991.1755544506,1873187.2543881615,66721794254.0,0.9171815092295639,-422214.60582404723,-1188450.4336508648
3524130,Lamongan,2019,1454042.467,2387669.730024031,1456976.5994247447,1793909589.0,0.9975781247265499,-223241.70307076152,-944036.4594741894
3524130,Lamongan,2020,1680311.875,2308450.7211906505,1809965.9714116186,148000000000.0,0.8331298311939952,-10325.17127284735,-1185178.019713343
3524130,Lamongan,2021,1320897.97,2855382.5944240424,1353389.525473534,12309202696.0,0.983614520338245,-138462.70329002824,-856913.3874219158
3524130,Lamongan,2022,1402916.99,2856443.2891937997,1407816.8418602888,1924659418.0,0.997402063949604,-20232.78391289893,-1626696.4344150897
3524130,Lamongan,2023,1571825.389,2748303.565956658,1597492.4717570832,12691116181.0,0.9831147178349947,-9522.930154606009,-1616970.9386113
3524130,Lamongan,2024,1539853.27,2868122.6121026743,1571981.7391466924,14104742949.0,0.9812691440808414,-46102.78944922904,-1394052.5910698157
3524130,Lamongan,2025,1467099.964,1943064.9926237152,1474548.0049525762,9045739205.0,0.9879061643443184,685243.5315123938,-1455921.008176194
3524140,Tikung,2018,1188415.827,1604813.0242372889,1221358.0277992284,48883867477.0,0.9379489594474831,-223061.65905807074,-321150.1260974868
3524140,Tikung,2019,1182101.228,1527832.597153561,1203679.8695870885,37879284784.0,0.951236530787217,-180274.73062958926,-697513.4652266402
3524140,Tikung,2020,1213717.742,1655635.7115920442,1220659.079528975,9080391753.0,0.9878603975230982,155944.70987937733,-652727.5555465925
3524140,Tikung,2021,1071120.49,949877.9166468258,1069333.4650043237,8512392686.0,0.988611108884471,-205659.19080980014,-603409.7000682838
3524140,Tikung,2022,1283663.758,1431453.0280435546,1287920.7470604824,16876418891.0,0.9776705948145834,-154992.58389572485,-127441.65811882564
3524140,Tikung,2023,1085127.373,1182307.9548363062,1087133.161346974,11991969346.0,0.9840300637875892,-116809.74267559186,-228119.73220739025
3524140,Tikung,2024,983032.7426,1403901.2242075938,986578.8559523716,4835131606.0,0.9934990018962832,-196146.47704032372,-265162.42383998586
3524140,Tikung,2025,1322220.021,758339.0157136363,1310471.846616068,12107491182.0,0.9838787012801546,434952.0439198009,-558688.8823441598
3524141,Sarirejo,2018,1275689.034,615798.5594454949,1274834.842658859,737518958.0,0.9990028873259116,-537242.1558346907,229819.27847586054
3524141,Sarirejo,2019,1076552.896,606832.8775428648,1076024.1896608297,641197624.6,0.999132999171477,-451589.8521329487,317283.31177439494
3524141,Sarirejo,2020,810549.5331,616291.4753458424,810458.7978797485,265905368.0,0.9996402712461981,-403382.0716277567,197536.54071077448
3524141,Sarirejo,2021,1377326.231,1045988.9495092704,1376903.214427559,727393208.8,0.9990165636978545,-652492.4956027045,-74897.038887184
3524141,Sarirejo,2022,1451892.705,1221749.344359667,1448617.9988161265,8213441980.0,0.9890066836696487,-707946.9575913853,58963.12574960664
3524141,Sarirejo,2023,1490891.119,896929.3688580774,1463927.2698141234,27059999687.0,0.9646725717918322,-342592.42988467845,-14353.719403965399
3524141,Sarirejo,2024,1429704.89,964721.8837612427,1416686.627422832,16389881657.0,0.9783003694385342,-585256.3599126993,360012.7127910217
3524141,Sarirejo,2025,1432211.552,765221.7529103679,1343172.0292322861,87663679819.0,0.8939442025559753,292965.1693386052,252190.3048839462
3524150,Deket,2018,783967.9118,506131.12089708936,783967.9118,4.78e-22,1.0,-559589.120516632,290383.27391344565
3524150,Deket,2019,1329589.746,534727.3779405735,1322535.2907458215,5095308613.0,0.9931515807959437,-353278.4420488948,-36137.00483043189
3524150,Deket,2020,631608.2394,817954.1160435638,632078.3354475731,1439100564.0,0.9980562050604102,-22664.75085010982,521173.2077264198
3524150,Deket,2021,1195366.299,961217.3036662536,1178618.4642882464,43835317528.0,0.9439984871013045,-595095.6244675028,-192904.2589859633
3524150,Deket,2022,804599.9314,970435.7435004156,806184.6018765214,5489817648.0,0.9926252459621365,-567491.419209573,2111.3691517203115
3524150,Deket,2023,2315810.571,958924.3570777669,2212256.1468600486,47014297544.0,0.940180148151191,-180081.83655107935,-354350.486117124
3524150,Deket,2024,1472861.695,1122785.8652733583,1472620.6053183856,392141709.6,0.9994695836232463,-365964.4352232963,1142115.782076282
3524150,Deket,2025,1251399.788,568156.9017970187,1241602.4290647027,8278161507.0,0.988921019250662,522459.6419016131,385013.0887792702
3524160,Glagah,2018,896282.4333,2221421.941704223,897215.6207646099,400996506.2,0.9994576129973993,-273959.52468613524,-1000948.5769203919
3524160,Glagah,2019,882188.3091,2115295.611300853,910994.1904799087,13610476130.0,0.98191365043215,-103906.08298849696,-1485772.0267474954
3524160,Glagah,2020,775459.69,2058579.975306913,787374.6564372585,5333403861.0,0.9928338588965324,9917.52562944547,-1440689.447999989
3524160,Glagah,2021,1445152.264,2162141.84638803,1448249.4363473551,2468652481.0,0.9966702184438606,-172163.83910280946,-1424881.276925146
3524160,Glagah,2022,1057203.0,2308815.060314253,1059026.799256213,830362909.8,0.9988775048336105,-291471.4375606572,-853969.1644169479
3524160,Glagah,2023,1247253.876,2325887.807067196,1271506.2288439777,13088305322.0,0.9825954629110384,31192.698174340647,-1317221.2088688938
3524160,Glagah,2024,1472676.315,2207227.7798912493,1480394.6709398967,6042510996.0,0.9918888068455218,-134119.2580511779,-1149112.0673758353
3524160,Glagah,2025,2026964.866,1719894.4754595181,2026964.866,2.0900000000000002e-21,1.0,626504.2739920133,-828927.6633886849
3524170,Karangbinangun,2018,1244054.112,1123309.1146781945,1243408.8168016525,3057340802.0,0.9958794524624826,-781058.4178428457,178029.52207062638
3524170,Karangbinangun,2019,903375.5555,887405.8913121237,903339.4960678857,1287751878.0,0.9982602762744552,-435866.9738381146,-192028.34203579975
3524170,Karangbinangun,2020,1017901.705,739511.7415888576,1012337.7044638242,11604563666.0,0.984538002296644,-435840.68712414516,-277340.35182099976
3524170,Karangbinangun,2021,1000683.76,1054056.166129824,1001307.8619249462,6732469102.0,0.9909710007004378,-324946.62664291967,29236.3459000719
3524170,Karangbinangun,2022,759242.8751,896937.7994763106,761109.3752530451,7819243117.0,0.9895287760161305,-645595.8906327614,-166368.797701224
3524170,Karangbinangun,2023,1604702.029,1035107.8390953881,1467820.5213203435,180000000000.0,0.8041172514138337,-213805.5232387851,-385844.1046521723
3524170,Karangbinangun,2024,1693653.523,1235761.3985821842,1671157.3513725945,29400287539.0,0.9617341876727104,-241486.46650973262,377422.385817857
3524170,Karangbinangun,2025,2157810.034,726087.5143292025,1998921.1165034361,71031228059.0,0.9123015273277513,625225.793446728,400932.52808939526
3524180,Turi,2018,699905.545,1554821.4916143834,701341.8655872949,957603172.4,0.9987057224468746,-106330.88723016906,-440556.2189395482
3524180,Turi,2019,835660.3334,1079696.0363132516,837036.8048750785,3227734075.0,0.9956508027971956,-38992.19716190474,-1078627.0244707423
3524180,Turi,2020,1245450.37,969781.8173785241,1235186.181919129,22006140931.0,0.9710796821272702,28878.97093775063,-588795.269282601
3524180,Turi,2021,1020953.286,1704861.9887743911,1028510.811423509,6358207770.0,0.9914686451833564,-197164.10120949912,88057.73625969654
3524180,Turi,2022,1386073.678,1750608.8825217998,1388404.2067174115,3661236264.0,0.9950695620001124,-67609.17805806328,-719418.5728894352
3524180,Turi,2023,1382791.173,1838406.2925151803,1398490.9344553498,20307257633.0,0.9732526249696106,124787.18582299248,-461921.28393912385
3524180,Turi,2024,1371673.753,1861156.6213852582,1392595.6697241324,25407546263.0,0.9667581732172267,-69774.03244934922,-525645.6196384816
3524180,Turi,2025,1078358.875,734093.4325602448,1073949.5090334658,7382584990.0,0.9901077469203511,629690.5952158441,-617333.2088212736
3524190,Kalitengah,2018,898522.9102,948810.8145140854,898703.1614859777,2046923723.0,0.9972374855458502,-361195.64973768167,258141.72095088215
3524190,Kalitengah,2019,756601.0701,739349.5686487879,756601.0701,1.3300000000000001e-21,1.0,-104994.44356861575,-265844.99240124715
3524190,Kalitengah,2020,1098793.869,779481.6758205215,1085893.959428193,23955643607.0,0.9685981115810781,22718.16050945042,-224972.8920806892
3524190,Kalitengah,2021,1145011.465,1147448.156231015,1145061.102627704,11832491327.0,0.9842390964328028,20128.084346186253,179883.55677938636
3524190,Kalitengah,2022,1583328.205,1077746.8913500428,1540355.5816069625,52857355282.0,0.9332419006355548,183533.05486573832,5359.735463292571
3524190,Kalitengah,2023,1366237.744,1111187.5166349506,1365942.7249121775,658952929.8,0.9991090125751617,176535.79893485672,527423.6237754158
3524190,Kalitengah,2024,1311616.466,1092785.1478637015,1300359.9888604332,30857101478.0,0.9599140853166125,64253.65444268614,323330.56493780715
3524190,Kalitengah,2025,1543166.356,389805.96641856036,1262502.253528304,183000000000.0,0.8015005824623979,575898.1294499054,228333.86206508917
3524200,Karang Geneng,2018,609856.9001,1105268.9357309886,625134.8667101464,18106327944.0,0.9760822080751688,-56462.5817142865,29011.141090905716
3524200,Karang Geneng,2019,737326.2597,767058.8294323778,738355.2201828894,20398091511.0,0.9731361985955441,40040.75550209904,-656895.8711258331
3524200,Karang Geneng,2020,1421449.843,812291.1368802501,1413944.9874568302,7097787381.0,0.9904857290997621,91816.59037605143,-294323.4479170133
3524200,Karang Geneng,2021,1434897.839,1253992.2929847916,1424135.9726286794,35991431739.0,0.9535539589656767,-190509.12845815756,488204.056164196
3524200,Karang Geneng,2022,1335874.427,1211797.9002226433,1334250.9937557185,7543832256.0,0.9898938681113254,-405003.7208574078,192613.84058640501
3524200,Karang Geneng,2023,1453092.823,1091837.3717090697,1451702.9674030098,2197640756.0,0.9970346820199182,-191012.87172828452,38089.47689846507
3524200,Karang Geneng,2024,1147298.898,1226116.1170005715,1147440.1116394058,1021319664.0,0.9986197233606314,-82809.08408480791,232541.52756408532
3524200,Karang Geneng,2025,880807.1252,632118.4844919636,878553.4197395595,5203819586.0,0.9930067550735271,596106.6640746508,-133134.5053893202
3524210,Sekaran,2018,947620.1142,573023.936375014,943844.4044014359,5793783442.0,0.9922200898904574,-565862.3431451509,68048.48472314687
3524210,Sekaran,2019,625860.4781,359616.87448188255,625600.9880243229,555127067.2,0.999249292840562,-383444.8898694066,90946.89580656332
3524210,Sekaran,2020,858549.4794,403907.35662455345,854216.7685922495,5474897933.0,0.9926451409724955,-232586.2126855565,8715.128192400327
3524210,Sekaran,2021,1185701.653,1170446.5556323966,1185414.3909316503,10920603430.0,0.9854360431322211,-548562.4033949829,262399.79365979566
3524210,Sekaran,2022,1366198.428,1286705.0603018147,1359303.8878760154,54038470116.0,0.9318518279181301,-778585.578402936,-138937.97417158494
3524210,Sekaran,2023,1582351.593,1189327.9613968385,1566748.898054174,23523447929.0,0.9691471693916333,-556105.9077627888,-163663.1026676537
3524210,Sekaran,2024,952031.9401,1348400.851966258,957524.3632882251,7995613502.0,0.9892951160760696,-790790.8407651123,134556.02644665423
3524210,Sekaran,2025,1617718.784,541601.5314399067,1585882.1959338663,17347489379.0,0.9770616124646561,281307.14666867745,-651845.2562692366
3524220,Maduran,2018,832374.6459,1073850.2724675704,834973.5251208371,6190697294.0,0.9916915409758449,-410466.53778419003,208108.90132468002
3524220,Maduran,2019,1130240.822,730963.8481526471,1124924.732481165,7678325713.0,0.989715546291476,-291601.8661837783,-454100.0905968958
3524220,Maduran,2020,1127760.245,848043.3133537847,1116979.9337298877,22809129285.0,0.9700559997548207,-50091.186466871644,84867.54764926562
3524220,Maduran,2021,1244701.85,1289646.5562437857,1245881.000838381,15330780614.0,0.9796740809454011,-298958.1901657127,207600.1530608968
3524220,Maduran,2022,1532839.211,1361384.4194860852,1521533.308225498,40170632132.0,0.9484388825685507,-592555.2823665449,-107603.20092246309
3524220,Maduran,2023,1908314.777,1238689.0956275715,1817989.6346439386,88722152776.0,0.8928009317375178,-156637.57616148802,6263.337921926053
3524220,Maduran,2024,1650220.913,1327907.8335320794,1643910.8466191562,11362399458.0,0.9848557770426414,-448357.9085837389,579874.0204846053
3524220,Maduran,2025,1822325.625,893982.1948399744,1813924.1843380344,5196616540.0,0.9930163674130565,408461.73378750344,269914.3728167368
3524230,Laren,2018,937905.4889,1944115.4780371373,937905.4889,1.6e-21,1.0,-140618.9808806095,-932081.8339709206
3524230,Laren,2019,862286.4519,1499385.2304132103,878593.176279493,14946789910.0,0.9801730911295871,-79828.1688401243,-1220189.5440110227
3524230,Laren,2020,904124.5316,1447117.888590847,915061.683383509,11696988841.0,0.9844167734215016,-29514.18169515935,-938856.6312808883
3524230,Laren,2021,1092635.668,2375315.9865202834,1105769.112816811,5886501544.0,0.992096571733597,-77891.92859407075,-729232.6539526283
3524230,Laren,2022,1226056.958,2382871.1827425994,1239055.3541565633,6466376921.0,0.9913247644424307,-364503.8215908757,-1327594.2868707268
3524230,Laren,2023,1377818.144,2152008.780552425,1420429.1428673817,33142667110.0,0.9570724053819578,-160862.487100573,-1359976.8781288802
3524230,Laren,2024,912811.7495,2218124.6030406067,944298.8433058602,14065329154.0,0.9813205072219902,-340332.77736423904,-1000513.9464175401
3524230,Laren,2025,1457145.833,743942.7164980154,1447749.474044291,7596849378.0,0.9898235662413792,507440.5727421653,-1496604.5261506601
3524240,Solokuro,2018,1048024.275,817444.2395198983,1044573.3248185107,8645563140.0,0.9884349981672991,244142.72955811347,246928.0906891944
3524240,Solokuro,2019,958197.6104,824034.6059155981,955635.6603422578,11077420437.0,0.985229997442138,360292.2294287435,229664.82129198883
3524240,Solokuro,2020,970299.5338,1077395.4169109387,975470.8645071806,28870270158.0,0.962398090049623,159937.59516015687,155761.275679118
3524240,Solokuro,2021,1312596.667,1089610.8328782301,1310355.081782506,5778208453.0,0.9922408417571342,153529.2072416103,-90491.23298875184
3524240,Solokuro,2022,1091495.546,1437993.8750137857,1101162.835131631,16331269690.0,0.9783762916306088,49902.57343814502,228328.0315636096
3524240,Solokuro,2023,1369375.038,1244532.6199388711,1362744.6135778464,31915902986.0,0.9585955655774631,661614.1485988356,-237954.99664027872
3524240,Solokuro,2024,1471992.077,1435335.880385172,1471814.4122017063,2771350053.0,0.9962634578015932,631389.0428979447,243821.38728652964
3524240,Solokuro,2025,1727666.344,992901.1688837076,1726786.2151511442,682410290.1,0.9990773245319208,1106730.5275203348,283429.1134421271
3524250,Paciran,2018,1090870.261,1286667.093543407,1097393.1015040271,19609800086.0,0.9741475206174283,-269517.21742168453,-975761.8472795945
3524250,Paciran,2019,998211.7261,1660320.1369026625,1001459.6396864655,2805035392.0,0.9962182124564869,-299603.30627604027,-382560.6308635294
3524250,Paciran,2020,1112604.512,2105583.9094431885,1129597.4269536505,9907211402.0,0.9867696444383076,-336404.62296802737,-721002.0396800401
3524250,Paciran,2021,1167013.344,2337992.510334423,1176877.87302727,4834244415.0,0.9935001870012562,-616783.9509316299,-1081845.0536961611
3524250,Paciran,2022,1351178.742,2505011.8520579683,1417035.4976651461,34443575198.0,0.9554624666655854,-688859.5909798818,-1381229.0645022066
3524250,Paciran,2023,1060867.482,2371822.7098990735,1168376.297074044,50832874334.0,0.9356342154160697,-417342.0806105906,-1379473.0221724464
3524250,Paciran,2024,1299845.748,2363590.3704278464,1390783.0110455467,53191517514.0,0.9328481993119856,-548867.9992682983,-1543093.035374346
3524250,Paciran,2025,1485820.568,1586431.2395776086,1496423.9496715008,67033833726.0,0.9168264046753376,504079.11039857543,-1311153.2994509076
3524260,Brondong,2018,930871.7642,1171170.8308880306,931724.7440190671,2027021528.0,0.9972642719327265,-287423.5638257118,-289929.6019851958
3524260,Brondong,2019,880042.7146,1061800.123009191,884383.367467126,13921555774.0,0.9815079149381863,-274404.9253162831,-416221.6523952369
3524260,Brondong,2020,1040740.954,1280696.2851616952,1041239.7605451884,1185312372.0,0.998398448090923,-234471.37406364296,-383126.0232069545
3524260,Brondong,2021,1401189.563,1727652.5690060735,1413929.868953638,23107941660.0,0.9696756123194451,-488229.1117590583,-361016.66702291265
3524260,Brondong,2022,1300004.631,2088611.7887474645,1360295.5222540041,47104136097.0,0.9400726899500903,-240384.92659698817,-461857.4896823219
3524260,Brondong,2023,1544270.48,1639162.6078323252,1546298.33017128,12425518715.0,0.983462246092064,-376944.0582863168,-781247.5736869874
3524260,Brondong,2024,1600543.629,1736648.131427795,1621232.5267824358,102000000000.0,0.8787038526124593,-472918.4906968735,-274499.0170403649
3524260,Brondong,2025,1141564.973,696288.8735988294,1135761.7313999352,7513909199.0,0.9899335511520182,308972.0292351279,-212841.2247398824
3525010,Wringinanom,2018,1285945.167,711693.61239702,1268820.5514489964,17490169595.0,0.9768773104697435,-1511716.5048225997,139935.54459783484
3525010,Wringinanom,2019,1107811.056,729543.1410016563,1103694.2473800706,6260960926.0,0.9915980333209404,-1008982.5792262391,-28064.852658102056
3525010,Wringinanom,2020,1288623.971,674298.1681805378,1268587.806067964,19184204227.0,0.9746944042183634,-615871.9833742334,-17760.946736744372
3525010,Wringinanom,2021,1310480.731,507151.40538834815,1264734.3971120955,34360021628.0,0.9555657055972571,-1557068.0177145377,372053.2533688417
3525010,Wringinanom,2022,1952115.153,989018.3376656933,1825471.6903364125,86152602104.0,0.8955814208664548,-1616335.2111965015,362303.1671048326
3525010,Wringinanom,2023,1244791.797,1201407.5203486749,1244386.394204493,5367339373.0,0.9927885908172465,-1506009.5088909622,580973.4469705815
3525010,Wringinanom,2024,1387005.389,1326403.8804122175,1385009.6963083704,19376721598.0,0.97444694656004,-1582433.5081170283,-289684.0200043686
3525010,Wringinanom,2025,1465304.61,634969.382202126,1432139.4136132847,23673308556.0,0.9689567172066857,-716065.8994390904,-437168.8632694222
3525020,Driyorejo,2018,1402238.573,2574791.494818421,1429020.047285977,13300373415.0,0.9823184457402642,-268457.4735439263,-402326.64534972055
3525020,Driyorejo,2019,1408162.298,1824403.2797387254,1410784.4551983576,3607329198.0,0.9951418037757706,-137746.4429468179,-1252609.0678876264
3525020,Driyorejo,2020,1447632.551,1520248.1859449937,1450054.5283760105,19633582800.0,0.974116978329964,-51951.27451410485,-619607.7191789909
3525020,Driyorejo,2021,2035066.755,2211116.08314832,2058965.0185759906,89375544425.0,0.8920966532399547,-230626.66427919042,-117510.43353067338
3525020,Driyorejo,2022,1890513.317,2587396.403270588,2077717.5145160528,209000000000.0,0.7795165756752741,-393226.93453198625,-107177.71342657693
3525020,Driyorejo,2023,2827148.673,3012591.188708771,2894031.511048629,321000000000.0,0.6971461152561718,-74801.25154558479,-623796.4904584617
3525020,Driyorejo,2024,2928540.484,3430254.1506380835,3094397.263777582,281000000000.0,0.7244874017441698,-276485.5642619156,-160028.2825233913
3525020,Driyorejo,2025,2549525.144,2861440.333114618,2561417.086060214,22554085714.0,0.9703809057564515,946875.4414093896,-431068.98916507466
3525030,Kedamean,2018,856391.3781,-30668.326495950125,829500.0943687683,17789157883.0,0.9764913286096389,-383099.2246800562,616899.7673920249
3525030,Kedamean,2019,1547025.547,167540.7910155749,1434948.852309997,50318327606.0,0.9362442077326202,-469303.644297977,663004.5701497062
3525030,Kedamean,2020,1289310.403,716268.3485103695,1256192.4509521613,34902626272.0,0.9548956601115042,-318841.2260651818,1187084.9756906098
3525030,Kedamean,2021,1149877.965,852833.657297472,1146716.6612313266,6120953887.0,0.9917843737510914,-103343.95344146655,565728.9230290899
3525030,Kedamean,2022,979851.1193,1052667.97508721,993393.213213457,130000000000.0,0.8503884829135934,-511637.2485842743,300128.35211652506
3525030,Kedamean,2023,1437708.896,829380.7679621831,1425422.704524818,11729184323.0,0.9843745514392733,-256096.47565930727,-169514.48076612677
3525030,Kedamean,2024,1364894.288,1130667.5433011544,1353713.2833045167,28524250769.0,0.9628320103939808,-230479.55523149518,429232.95661858236
3525030,Kedamean,2025,2272381.57,725706.2756247611,2192076.235031194,31162205845.0,0.9595337686514733,505128.92930057854,203348.82990302285
3525040,Menganti,2018,1479220.315,1910201.8415568674,1492115.4170983273,17550361567.0,0.9767995805241848,-261794.50046349186,-683477.7427872219
3525040,Menganti,2019,1270020.984,1841563.3799458449,1280868.6208266274,11008698789.0,0.9853202818843372,-141391.4431721714,-647479.6215263386
3525040,Menganti,2020,1453905.839,1711263.6823791158,1464250.234229577,23829331344.0,0.9687585132825316,-72142.46457437616,-730504.4380839283
3525040,Menganti,2021,1762659.066,2513901.0272441385,1830748.5538878364,56713933775.0,0.9287182952734193,-406257.604699722,-380551.4040929754
3525040,Menganti,2022,1664990.111,2677786.768125046,1884004.9142956382,157000000000.0,0.8247605648953626,-486696.2707160993,-808063.0971008642
3525040,Menganti,2023,2055898.886,2778770.004137377,2226666.593694532,176000000000.0,0.807632836745169,-158589.3510833874,-1104587.852802338
3525040,Menganti,2024,2237057.737,2903158.4026016686,2287917.4565219125,47038783158.0,0.940150857843963,-370771.04172230785,-837459.2824416333
3525040,Menganti,2025,2020428.594,2435427.873245548,2097607.9661770016,130000000000.0,0.8503884829135934,607455.455681626,-782453.5076842839
3525050,Cerme,2018,1271967.139,281827.92941406654,1262587.9264191051,5441654756.0,0.9926894726600779,-1991573.6960970229,557821.8308427962
3525050,Cerme,2019,1292973.883,380730.4671395653,1255191.4520971521,24585373363.0,0.9677992208067827,-1431318.7766982592,300326.54045859433
3525050,Cerme,2020,1122651.724,624587.6707025403,1110823.7480284919,13841737328.0,0.9816119886952587,-898384.6394338899,395159.292507006
3525050,Cerme,2021,1194537.023,548878.3801652458,1188743.1160122727,5152413292.0,0.9930753599536222,-1475920.1868310873,229074.78575996368
3525050,Cerme,2022,1493688.876,579308.0948902144,1433894.602734736,39813550503.0,0.9488737827707175,-1628147.6507406458,202230.4716753699
3525050,Cerme,2023,1469367.22,615085.0333637649,1430152.1963646896,27377036389.0,0.9642734605224621,-1353098.8852106845,453816.4862653358
3525050,Cerme,2024,1777417.577,620126.2711257095,1731397.3341140342,23564392600.0,0.9690951269298579,-1576725.9106213874,448767.83242867724
3525050,Cerme,2025,2078491.334,372437.54735449166,1948163.882589246,47063308907.0,0.9401215213556877,-380538.90428546,715222.6645731425
3525060,Benjeng,2018,986049.7592,524008.50534733187,981451.6959810025,5719592920.0,0.9923189479386535,-425780.8489972056,97652.49645138512
3525060,Benjeng,2019,973526.5883,637295.6875582932,941805.1684949958,59276035229.0,0.9257372240259875,-214406.87941473562,167275.64247064164
3525060,Benjeng,2020,998589.926,940880.1449425896,993542.0737098372,54542774477.0,0.931259564871535,108244.76533022428,174989.56433540583
3525060,Benjeng,2021,1203761.716,1295154.7028874645,1205966.550580219,14066828538.0,0.9813185531612404,-112514.52568855145,35297.298096366576
3525060,Benjeng,2022,938679.1866,1327606.0825938217,953156.0856708379,21999310238.0,0.971088399441579,-248225.07704074885,-141653.97596382466
3525060,Benjeng,2023,1352635.968,989235.2432844032,1340201.8212854455,20159398748.0,0.9734422027726719,92175.08956294936,-478173.6835377264
3525060,Benjeng,2024,1220864.485,1225162.893646681,1220902.1777596076,5033878258.0,0.9932335884268281,224834.87845540914,236381.2338724183
3525060,Benjeng,2025,1414791.615,984513.6851940866,1402742.171447387,16393841446.0,0.9782952406061296,838533.233617066,71936.11878363951
3525070,Balongpanggang,2018,1255139.711,676620.8616315599,1175383.8888533297,90990382984.0,0.8903608065727351,-45517.92538952444,181990.0388468156
3525070,Balongpanggang,2019,714345.314,813834.7458300214,714770.7898028851,2443917540.0,0.9967034715819414,63192.701106461565,398082.22248783614
3525070,Balongpanggang,2020,1069006.992,996392.8269281421,1068227.6602814517,6173260626.0,0.9917147486268005,241207.37353595393,-155407.7122864623
3525070,Balongpanggang,2021,1039082.522,1109327.050285116,1039218.2392070006,1101513084.0,0.9985115061705545,51640.301274407786,11297.095802598866
3525070,Balongpanggang,2022,1100376.257,1220219.8656292504,1102027.136237586,7947890824.0,0.9893583293946718,-137210.50414717832,-122485.78096392297
3525070,Balongpanggang,2023,1406977.22,990220.2528107509,1397597.8947126807,13100918866.0,0.9825789819073837,321660.64257319947,-187667.17978590424
3525070,Balongpanggang,2024,1760052.566,1237502.1272420525,1711168.9847003515,58724234798.0,0.9263776399631967,373096.3721078311,373524.65033078915
3525070,Balongpanggang,2025,1452724.341,1455512.660633568,1453080.247510377,83257994122.0,0.8987344685140182,1192745.0039442063,628630.8393571852
3525080,Duduksampeyan,2018,1077376.949,454005.6746517837,1065487.0232914928,11064282993.0,0.9852472557432808,55479.42540421331,1007001.8566927256
3525080,Duduksampeyan,2019,957695.0727,392558.826771001,932224.3350158272,26856178227.0,0.9649293331429077,40827.22223409267,579789.9785805207
3525080,Duduksampeyan,2020,1372729.978,430171.51449445414,1313555.1149157127,38116698612.0,0.9509458912844064,57075.541979008165,474869.630642661
3525080,Duduksampeyan,2021,1298666.948,706334.2191019251,1280970.6182333499,17523361471.0,0.9768344460358601,-48796.44891427833,888963.3650082693
3525080,Duduksampeyan,2022,1400680.759,644317.9056369271,1353073.5989046039,38221089611.0,0.9508181531322288,-340345.001413321,651175.8226606721
3525080,Duduksampeyan,2023,1726547.722,751075.4983043878,1676065.0935062533,31055066300.0,0.9596672851873183,227097.73219364483,678178.7998343636
3525080,Duduksampeyan,2024,2604936.889,779462.0187187791,2057083.208617679,244000000000.0,0.7517593200746381,197688.02935611425,1007766.8196169186
3525080,Duduksampeyan,2025,2083211.218,759805.0498554567,1627347.8125765794,299000000000.0,0.7119230324917866,792364.5476078931,1939463.2582782325
3525090,Kebomas,2018,1857676.54,2813160.051437361,1928273.0424284039,45396535985.0,0.9421194072745973,-873280.8204107189,-175381.7570366474
3525090,Kebomas,2019,1564356.723,2161612.8818594916,1583493.2792028328,18835338897.0,0.975143148536664,-737435.2948473531,-1187261.2206907538
3525090,Kebomas,2020,1907874.656,1632471.1602766144,1904019.4204343883,8078509578.0,0.9891853313783389,-782930.4584053386,-946397.2836835433
3525090,Kebomas,2021,1765279.771,2068096.815474424,1775207.8453419718,19288095717.0,0.9745608487382925,-726328.124394051,-3016.2950662951916
3525090,Kebomas,2022,2068197.328,1671972.2407863494,2023171.6791713464,72951380726.0,0.9101438400514456,-476311.381796791,-380274.8095513608
3525090,Kebomas,2023,2084141.279,2227842.6083814856,2088234.3182295505,16682535128.0,0.9779214610860801,-688942.4559846573,310955.9392934779
3525090,Kebomas,2024,2090578.286,2155783.937240875,2094995.8038625254,41351079876.0,0.9470040136076151,-819899.5303338764,-155723.0220927419
3525090,Kebomas,2025,2550025.813,1498012.8629999696,2488713.0368459737,35215680951.0,0.9545095059838868,-239786.9396746084,-171109.47627143632
3525100,Gresik,2018,1165858.936,4280979.070933724,1203534.5269871443,6966220017.0,0.9906604422210307,-405282.59770368075,-2464179.6069872063
3525100,Gresik,2019,1632980.739,4504956.294226959,1763528.5243779882,27096927545.0,0.9646260670384037,-240038.61706828186,-3287092.268560578
3525100,Gresik,2020,1467672.596,4592184.780117532,1504292.6311830187,6748138428.0,0.9909501765455231,-64623.88537302139,-3103961.7395681413
3525100,Gresik,2021,1833313.182,3511403.1795461606,1888521.611971102,19357350691.0,0.9744718398187869,-290870.94551913324,-3239647.145844914
3525100,Gresik,2022,1798454.397,2738462.8255852675,1832310.8131482608,21260196484.0,0.9720325802672143,-237967.15486019748,-2006094.8736431743
3525100,Gresik,2023,2046272.109,4288953.488308328,2282978.5087002027,67144715353.0,0.9167002862980966,-270247.07910707255,-1110811.5074303902
3525100,Gresik,2024,2073492.023,4562546.424674089,2727980.5076110987,203000000000.0,0.7844820865873946,-400622.4594906831,-2108331.9528550785
3525100,Gresik,2025,1968550.464,4598163.908904274,2158139.459057013,44212624461.0,0.9435436745974733,468131.89256973745,-2492163.8458349863
3525110,Manyar,2018,1572407.92,2407486.3087097933,1595488.7761076295,16174264947.0,0.9785797236030915,-256003.73426062806,183389.66453461093
3525110,Manyar,2019,1540841.462,1477065.922302116,1536872.5465567457,37761558114.0,0.9513807164337955,-351387.80538683175,-885144.6100458158
3525110,Manyar,2020,1361467.44,1014556.3891457567,1338156.5138548734,40990026312.0,0.9474424237451468,-141644.25335874408,-205403.99446930154
3525110,Manyar,2021,1671443.58,1629400.2469077199,1670094.2079906927,18868139595.0,0.9751009395098614,-237869.6034186478,309959.5277349425
3525110,Manyar,2022,1518608.332,1268972.309296454,1483744.3484234817,92369079731.0,0.8888841338787575,-484038.57935180934,105173.90348145016
3525110,Manyar,2023,1789294.277,1735073.9324918508,1780244.5838200133,114000000000.0,0.8663410489000757,-178023.86458596034,204046.83816092787
3525110,Manyar,2024,1864981.113,1836490.9290361083,1859452.7192948335,137000000000.0,0.8435924977311482,-122369.3674624162,130238.70403096895
3525110,Manyar,2025,2259409.017,926171.9334387697,2056747.0532182783,102000000000.0,0.8787038526124593,505212.8055877013,165644.29202420544
3525120,Bungah,2018,1323082.976,1073537.8862777601,1318019.7865912807,11784327691.0,0.9843022434233012,-68576.45523851155,-261489.52782951132
3525120,Bungah,2019,1073830.897,992882.3067732991,1072929.166239204,6410028145.0,0.991399711318463,-93290.31496470631,61172.13486097753
3525120,Bungah,2020,1330005.412,1034487.4003886153,1324887.6881629,10027834399.0,0.9866107180442659,95606.41717963177,-48936.636828310555
3525120,Bungah,2021,1067267.803,2247460.0550183384,1097093.2307893469,14752909627.0,0.980425238943921,785507.2482728134,252183.4825586998
3525120,Bungah,2022,1108599.878,2195980.4085433986,1145134.9781047308,19783303359.0,0.973924747846078,1000635.2493502233,-863058.8631243047
3525120,Bungah,2023,1362628.861,2297119.0028776904,1364526.623960634,1157917061.0,0.9984354057461994,1492968.4286092587,-883142.6287089805
3525120,Bungah,2024,1356474.927,2365500.951941327,1389058.926118885,18988264438.0,0.9749463900654314,1347654.8205235584,-647333.8993499642
3525120,Bungah,2025,1542704.21,1040124.8561187753,1530990.15128208,13579144745.0,0.9819545339798764,1157575.4897421603,-675823.3754480376
3525130,Sidayu,2018,1260322.713,1057940.3463757366,1260295.5699746767,76325767.68,0.999896716575747,199409.8397192786,239524.441291249
3525130,Sidayu,2019,1336046.542,884635.1231989218,1331395.5194039491,5923810143.0,0.9920468782560979,134040.11374941445,159677.5506111742
3525130,Sidayu,2020,1167529.769,1015473.130072982,1167455.6631230637,277451017.2,0.9996246576347861,269406.8904758992,381686.2053302288
3525130,Sidayu,2021,1330123.151,1408374.709037092,1330487.6264441826,2662748729.0,0.9964093565017412,199782.6294554605,213046.5112415112
3525130,Sidayu,2022,1348959.738,1465681.307303333,1352652.1233152237,18588475435.0,0.9754609379143209,159721.9604603954,-12184.471147387521
3525130,Sidayu,2023,1448720.996,1349324.9982968278,1445780.6800846173,17345767805.0,0.9770638366700515,399583.8743185019,-68911.95321971131
3525130,Sidayu,2024,1747645.46,1592445.599406134,1740394.668537659,27886918451.0,0.9636322722235587,720469.5682526384,139825.86256887158
3525130,Sidayu,2025,1264242.892,933298.0354847508,1264223.7746005184,32871961.29,0.9999555153065992,1099071.9916383487,391711.20772645227
3525140,Dukun,2018,1117656.873,790325.22300715,1114026.6087527773,6381474364.0,0.99143769369576,-1210704.7639596765,197517.2966828989
3525140,Dukun,2019,942303.9465,466035.47256287467,938856.0251965979,4149429092.0,0.9944158037849637,-993887.9195243515,-62369.81009309227
3525140,Dukun,2020,917263.1051,406151.68661277415,913422.4225148316,4308200991.0,0.9942033711710078,-911285.4846104514,94786.1413538669
3525140,Dukun,2021,1147409.127,783982.0488263475,1143020.763352178,6954864569.0,0.9906755244257943,-781561.2257563723,224395.72757450398
3525140,Dukun,2022,1162387.521,1064902.9752879997,1158202.9442321288,25520982480.0,0.9666147143841806,-392862.3593278864,197113.49558581947
3525140,Dukun,2023,1053367.37,875751.4391812102,1051132.2501605852,7251804516.0,0.9902812823841194,-809040.6084210897,77041.88302479289
3525140,Dukun,2024,1182404.88,935464.1852069473,1170305.4729403208,29316828319.0,0.9618386683342249,-1033299.487267295,-50285.835773082916
3525140,Dukun,2025,1582796.607,346156.27025214164,1507396.029429511,36947080306.0,0.9523794460274984,-386974.4356946058,-50101.537427360425
3525150,Panceng,2018,1227466.866,962979.7007643151,1213770.7038937467,31075225158.0,0.9596421605246043,205665.03255728463,358885.44560568774
3525150,Panceng,2019,1009189.496,785585.9576100457,1000589.6696727294,22759937842.0,0.9701186489543809,12813.566470685728,271366.4654435342
3525150,Panceng,2020,1238408.92,1084244.1950779315,1226352.768212003,48274276907.0,0.938675294725732,228098.46207500217,152529.523967684
3525150,Panceng,2021,1517031.791,1072849.3534008805,1496674.2527755129,27331668230.0,0.9643305533565514,-86255.93305380279,187781.75142605277
3525150,Panceng,2022,1185942.043,1524864.04680942,1203644.0861487072,31357990154.0,0.9592898795950678,-114211.21892582974,430963.59705189895
3525150,Panceng,2023,2253203.028,1426869.5140883157,2196359.075630106,42034790093.0,0.9461749275158449,260253.3361798807,-256959.1983675079
3525150,Panceng,2024,1803441.8,2106764.830789505,1815621.1379800548,23803654893.0,0.9687911258495138,714694.7305786881,834447.916753757
3525150,Panceng,2025,2053787.552,1284387.0773063072,2022095.212085842,24445396271.0,0.9679766852850841,992465.1184740383,112448.09735243162
3525160,Ujungpangkah,2018,769602.7395,1322727.507799929,769662.4789815643,61462836.66,0.9999168273034723,199341.56894108656,-264683.0169155331
3525160,Ujungpangkah,2019,802431.7596,880514.7859223561,803265.6683969471,6142602008.0,0.991755556907098,115590.62860126852,-719004.7539921197
3525160,Ujungpangkah,2020,745639.7243,772367.4839837373,745796.1839051932,3350555182.0,0.995486055028589,167611.60466881774,-349661.47017639293
3525160,Ujungpangkah,2021,1126614.866,1436857.5486476736,1128954.50637563,4323768930.0,0.9941825465650745,7213.591540492082,-162044.94667148858
3525160,Ujungpangkah,2022,869168.328,1465954.5787586486,874170.5509760334,4809801531.0,0.9935328387864569,-92498.92320456688,-398621.6135481554
3525160,Ujungpangkah,2023,960832.4904,1269334.3975343928,964333.1909813308,6531016159.0,0.9912388047637009,237238.0879025549,-710012.9921557552
3525160,Ujungpangkah,2024,1213714.87,1428305.3678681627,1215892.1928668807,5832687815.0,0.9921682581168461,411777.7280045721,-448691.002557612
3525160,Ujungpangkah,2025,1363104.879,597348.8079413185,1351643.0427511702,8646508250.0,0.9884337485347097,732029.3733812498,-216286.11643913737
3526010,Kamal,2018,875852.1795,789955.3534121283,874983.904642504,5810584149.0,0.9921977058698342,-554528.1605703718,714760.1104343035
3526010,Kamal,2019,779977.3181,655336.9581662779,777900.312999,9642824709.0,0.9871181653347259,-380250.73073881934,-68576.45523851155
3526010,Kamal,2020,1066007.152,869675.8792991037,1061704.991095336,12748142963.0,0.9830401316119541,-214320.75195746214,-93290.31496470631
3526010,Kamal,2021,1510724.888,552913.3847119751,1510622.6976465906,60716054.13,0.9999178377809717,-560012.3381756013,95606.41717963177
3526010,Kamal,2022,1654263.579,578247.1222501291,1654113.5190811383,79365857.54,0.9998926031920405,-782380.4804065406,785507.2482728134
3526010,Kamal,2023,1984163.171,442874.54571412987,1934614.7425040884,18900097354.0,0.9750598187191738,-556568.1886681281,1000635.2493502233
3526010,Kamal,2024,1787442.887,484185.7829769174,1733600.6642465477,24521309285.0,0.9678804338647459,-661190.2405849597,1492968.4286092587
3526010,Kamal,2025,1688642.591,876609.85838263,1523738.546823142,145000000000.0,0.8359574601634299,213899.1006742369,1347654.8205235584
3526020,Labang,2018,608007.8391,1242292.7920943343,609676.9946034917,1501357490.0,0.9979722850638343,159677.5506111742,-788569.5925526932
3526020,Labang,2019,523438.429,1221644.4169863302,523438.429,9.28e-22,1.0,381686.2053302288,-823594.8869456593
3526020,Labang,2020,777809.6745,1314786.59868278,784585.2638134107,7271660705.0,0.9902549308571067,213046.5112415112,-819188.4717154854
3526020,Labang,2021,689349.4157,1587909.172933151,692884.0525129362,2247175134.0,0.9969680470012744,-12184.471147387521,-643388.5950341783
3526020,Labang,2022,758936.9508,1521557.6206665894,775198.3950329529,12397626766.0,0.9834987563309684,-68911.95321971131,-1003528.8516036791
3526020,Labang,2023,572152.3558,1319570.9044504378,580123.8183133461,6134204570.0,0.9917667349376096,139825.86256887158,-904429.7134213662
3526020,Labang,2024,634541.2212,1459207.8340390965,643364.1224879686,6153635938.0,0.9917408697620937,391711.20772645227,-915717.0769330927
3526020,Labang,2025,664450.086,1099130.48936276,668271.5282604191,5046839821.0,0.9932162840123486,711344.6172188527,-871415.5473929858
3526030,Kwanyar,2018,551773.7589,800859.105376797,552452.7798978707,1555420802.0,0.9978994211989323,-322202.2864023233,-347238.45350533875
3526030,Kwanyar,2019,668317.1413,923818.8924190813,672375.378926116,9183841621.0,0.9877237929192124,-112556.38823177651,-472534.7615075472
3526030,Kwanyar,2020,926813.8389,1362383.0283972505,937908.2786140053,14872393326.0,0.9802698310469582,-36734.315179673045,-440393.70547969826
3526030,Kwanyar,2021,905503.6249,1176067.744704429,905650.014121313,308035865.7,0.9995832989623568,-222121.90454964407,-481476.663459899
3526030,Kwanyar,2022,734501.4506,1254344.3711211768,765776.9691097953,36425655903.0,0.9530199290965246,-297215.38573298324,-406508.8956314457
3526030,Kwanyar,2023,987982.5795,1096735.719504816,991075.1994221716,16654866434.0,0.9779572721169205,-137373.19793605886,-615179.3170113381
3526030,Kwanyar,2024,1004294.904,1299911.9065427051,1047824.0436531748,98255189135.0,0.8826344412415659,-262123.7707362867,-277753.78877924243
3526030,Kwanyar,2025,1004930.69,836275.3482002731,1003731.5525061834,4074694832.0,0.9945158276795178,506664.427141282,-393210.65142305114
3526040,Modung,2018,518103.0667,775175.203470858,518531.14528487803,949116748.8,0.9987171778154882,-165630.0465068403,-531496.1711286645
3526040,Modung,2019,869531.9066,866180.9427780568,869491.8283589112,6887979247.0,0.9907643702336205,-121832.31365171987,-443350.6225531104
3526040,Modung,2020,804099.4644,1326723.4407817365,822636.2901307226,20924596343.0,0.9724618990167643,-9190.281707753209,-169129.4153634964
3526040,Modung,2021,590620.0657,1561622.4792043318,595272.2502083222,2739363885.0,0.9963064246649324,-241978.42333988813,-505125.50235586974
3526040,Modung,2022,900714.2052,1573123.2679413776,960222.6938056496,55247959293.0,0.9304326459232491,-172009.82800740632,-1067434.1187603334
3526040,Modung,2023,967749.6436,1346268.2224909752,970152.1516486845,3634714552.0,0.9951051028864794,-281115.85246571846,-802158.59475082
3526040,Modung,2024,999121.8016,1591540.4243948348,1051018.9212167067,54633324360.0,0.93115330136767,-312041.9347249874,-590377.7543065447
3526040,Modung,2025,1208106.324,1251156.3960823307,1212069.5186099864,57695477256.0,0.9275739781274033,406086.1003566112,-723616.6093765538
3526050,Blega,2018,671256.2326,1981160.1126346225,709157.5412524656,16954834904.0,0.9775691688582842,393315.79491711734,-1279967.6900944456
3526050,Blega,2019,472917.3471,1351930.6984419941,477697.0757525565,3111022026.0,0.9958074066342288,392638.20756545884,-1360702.6753994704
3526050,Blega,2020,456163.6292,1011683.778133193,457102.3996753428,963211121.7,0.9986981527207259,183284.86211926656,-1018384.9876499266
3526050,Blega,2021,893157.5899,2377887.3616336687,900881.5549880409,2975674672.0,0.9959890769630502,59072.56568425248,-659841.2884901296
3526050,Blega,2022,1161923.246,2431655.521108634,1219123.5382665514,26843082988.0,0.9649458343676107,-238462.99434788153,-1450263.151021196
3526050,Blega,2023,1126390.274,2319874.3935986115,1170424.9831613053,21798801635.0,0.9713443577927109,-343490.23513483803,-1400002.3241423157
3526050,Blega,2024,1026457.692,2631546.579633644,1092574.7621278004,24446139313.0,0.9679757430765389,-632527.7673117006,-1442402.6123754776
3526050,Blega,2025,714505.761,1564862.8382781602,740205.3130063626,17732880008.0,0.976563957779107,38879.55472668524,-1877418.5810443705
3526060,Konang,2018,445817.5148,-39501.94875616775,435066.95526308066,12890184687.0,0.9828544022039085,-354916.8795993021,-655586.2812658203
3526060,Konang,2019,351368.1486,283223.6002431206,351220.06180446764,1239245559.0,0.9983256974981262,-167680.36318906455,140355.2551080202
3526060,Konang,2020,310174.0336,663331.6752059238,310690.1874114794,832862067.2,0.9988741302444101,-196151.96722731003,-57724.921180501
3526060,Konang,2021,460295.2537,1352111.770724283,460931.0804282074,405976001.2,0.9994508814417398,-521581.7446704081,-414103.7537014769
3526060,Konang,2022,441947.4484,1346805.4718644964,442643.39666209894,437983769.4,0.9994076137420258,-523543.2596221035,-1019009.1749080888
3526060,Konang,2023,484372.2391,1222242.320230502,488785.1688089951,3423573148.0,0.9953881372218685,-496685.63435458095,-1106983.131727825
3526060,Konang,2024,417120.3046,1600090.5163166178,418000.99489183206,423935895.2,0.9994266030209318,-563842.8071937446,-1014778.2170338304
3526060,Konang,2025,647911.7273,833032.8905487543,649576.0435828354,5162134144.0,0.9930623861483638,-34301.570032473304,-1422722.2242744593
3526070,Galis,2018,639912.9667,-625006.9019040187,623462.5143867017,7497686626.0,0.9899550663609678,-147899.83989201527,-153969.95704945776
3526070,Galis,2019,666957.327,184574.69989650344,665971.173689659,1165651914.0,0.9984249707624617,105428.65788352929,1253112.797547981
3526070,Galis,2020,873556.0479,930604.6821664553,873869.5477408837,3144217536.0,0.9957628599969129,189086.94002603233,784821.622128194
3526070,Galis,2021,879937.6703,1746492.7848394616,881588.7483862111,1086243119.0,0.9985321104511404,292715.1653975671,264705.1468061254
3526070,Galis,2022,762051.9431,1609399.593827863,780351.508415827,12559964214.0,0.9832862965052424,-100947.83222520574,-592459.8253088713
3526070,Galis,2023,700241.291,1375555.7826197296,701799.880523711,1316304964.0,0.9982217702941023,-344684.8286327276,-799595.8109886658
3526070,Galis,2024,695811.2078,1675489.4509591283,699100.0294693485,1916657923.0,0.9974128365526909,-627408.9513227758,-815442.4362603095
3526070,Galis,2025,750927.1984,912609.7953218608,752658.5115516764,6159071517.0,0.991733634681548,17610.95020781443,-1138628.5293842156
3526080,Tanah Merah,2018,605599.3618,1845501.1412682375,659158.7394518498,25689332380.0,0.9664018865926352,82719.00578120176,-1691080.1440021754
3526080,Tanah Merah,2019,844794.8291,1656881.3967543566,850271.1245240142,3863229147.0,0.9947989611619225,92344.6470424314,-1457311.3218809846
3526080,Tanah Merah,2020,601861.2945,1849075.6802650962,615427.48817136,6257401690.0,0.9916027695694104,48051.65325319779,-1018854.2260207895
3526080,Tanah Merah,2021,937767.1493,3049136.8520740056,969817.295249948,8770737683.0,0.9882695188066791,466200.8041727492,-1314212.104082615
3526080,Tanah Merah,2022,562298.3153,2994442.639630894,598106.9293409134,8502902544.0,0.9886236614790498,248807.58993754606,-1996889.8738878244
3526080,Tanah Merah,2023,739742.6201,2658141.7223119643,793679.185048885,16461028682.0,0.9782082259654584,190453.5512186319,-2467068.678242772
3526080,Tanah Merah,2024,875519.3123,3064618.7413249556,933837.6467269978,15573765324.0,0.9793585756886717,335276.4066402226,-2153344.793816539
3526080,Tanah Merah,2025,794320.0503,1630616.4446504288,803826.1321489742,6542346156.0,0.9912237392449776,747651.0517190946,-2261044.9935456663
3526090,Tragah,2018,691000.8794,303289.7399388626,691000.8794,4.290000000000001e-21,1.0,-740814.8131684759,-102064.66217385413
3526090,Tragah,2019,593213.9313,408664.1316464412,592863.3876633254,1082883073.0,0.998536644389071,-568375.0207422012,-21624.366977675352
3526090,Tragah,2020,551284.8167,768563.3454539881,555084.2520375804,10127238942.0,0.9864797864193843,-538509.547620791,-143470.73091128573
3526090,Tragah,2021,776415.7517,653940.874556145,774505.2724267191,9016761821.0,0.9879444390356543,-475678.9771647468,-451336.8844136718
3526090,Tragah,2022,882229.1431,779659.8163797923,880798.9011192108,8046700762.0,0.9892274549936027,-643769.4300289806,-154188.10104338801
3526090,Tragah,2023,888267.4176,498927.22116683616,881982.3580892673,9336314062.0,0.987522523319394,-755469.6264789059,-130782.7191419208
3526090,Tragah,2024,785087.6648,695593.0499425232,783880.8217141842,7778173020.0,0.9895832025624124,-1112631.0713306041,40485.21781411022
3526090,Tragah,2025,984529.3881,463875.36418740224,983797.090329745,801451221.1,0.9989165456780922,-591356.3358036868,-276709.77433029667
3526100,Socah,2018,691658.533,553006.3054556076,690911.6974713816,3081563149.0,0.9958469422437012,-39834.05478051223,296465.4076719272
3526100,Socah,2019,621225.6304,681801.1357140194,621622.725232168,3754748667.0,0.9949442693143691,18065.504058737046,80741.65157093666
3526100,Socah,2020,1116240.594,923669.2646230964,1111496.4385506986,14372351689.0,0.9809205447322126,-352601.040781552,-103539.82198394381
3526100,Socah,2021,1146920.645,477785.0190320904,1145032.4119032263,1610260238.0,0.997825522181658,-709694.1357794276,104399.4715745619
3526100,Socah,2022,987822.5515,478310.6013602979,985148.6391192279,3001962897.0,0.9959537863396223,-1029786.4335986563,472134.31648708566
3526100,Socah,2023,1014613.834,410307.3652317391,1005346.8520790794,8861757842.0,0.9881492259523702,-971991.7066030756,320309.99143962376
3526100,Socah,2024,1120118.208,574473.1943232976,1097491.3336827005,24617002069.0,0.9677591306020006,-1013431.1441957771,328094.99216964236
3526100,Socah,2025,1064915.938,259772.78459845297,1029164.4928078746,26440730496.0,0.9654531113097967,-137098.53840584657,311172.72293789464
3526110,Bangkalan,2018,950853.6396,878164.7085658213,950163.8645300742,5451392315.0,0.9926764866553094,-297859.1526011046,256410.76976934166
3526110,Bangkalan,2019,1273522.291,983040.3438934434,1259517.306536938,28823786392.0,0.9624563595655137,-263801.9583450772,84696.35999146686
3526110,Bangkalan,2020,1230432.722,1274982.3888060236,1232724.682581871,30862320256.0,0.9599075775059072,-420696.33837490063,288229.1160688066
3526110,Bangkalan,2021,1601526.312,967873.8657692001,1596686.9045222218,4379232486.0,0.9941083622866256,-942320.3045665378,-8296.16506816633
3526110,Bangkalan,2022,1377482.208,1123785.4945953693,1375219.0741400693,5121702084.0,0.9931163504844591,-1042583.091402129,460267.2918584128
3526110,Bangkalan,2023,1264140.542,1053871.8420495861,1257900.528577663,17402900579.0,0.9769900287976417,-948041.8036038431,177305.18843546836
3526110,Bangkalan,2024,1646987.867,1071055.1249816138,1535230.675484178,137000000000.0,0.8435924977311482,-1185376.369114562,52812.110267621465
3526110,Bangkalan,2025,1362800.486,881166.7745794125,1350793.2809346914,14548448321.0,0.9806912883142098,-253500.76315002714,359380.09034255054
3526120,Burneh,2018,638878.401,1358722.8134114898,644011.8407427066,4087006871.0,0.9944993479344465,-591718.0627517509,-946722.3850768802
3526120,Burneh,2019,948073.5979,1014623.6716502917,948762.5792593298,5952588915.0,0.9920085495487143,-587515.5179928407,-1054847.0103207878
3526120,Burneh,2020,826563.2399,1066798.8104386234,839158.3395055716,31483244343.0,0.9591339151247038,-715936.465676987,-433675.0462888052
3526120,Burneh,2021,795528.1971,1810885.271712257,800147.9312439739,2600794404.0,0.9964926071861303,-388045.8826055934,-481817.0619645695
3526120,Burneh,2022,619097.5674,1878627.952571274,621619.2104204653,1141491432.0,0.9984575660596768,-281398.25888473354,-1088108.3118282212
3526120,Burneh,2023,773508.7968,1704631.937221292,780318.9552791402,4192427053.0,0.9943582646840262,-316088.7762026727,-1377733.5694465907
3526120,Burneh,2024,676748.1398,1957030.536981273,690972.7214296287,6393126713.0,0.9914221933333873,-518731.98007301864,-1178937.4744797251
3526120,Burneh,2025,878003.1843,1225466.209595332,890283.585404225,20847712257.0,0.9725603069013126,-22049.434579636883,-1491475.3807277177
3526130,Arosbaya,2018,461980.6661,657602.7916595553,462544.2102411664,1643956140.0,0.9977801206142721,-425946.6035876423,-176623.46491179478
3526130,Arosbaya,2019,377002.3334,646456.871321636,377108.58569190657,224466451.0,0.999696314654106,-225185.91472906206,-393068.6131050273
3526130,Arosbaya,2020,618802.4591,941222.8993176587,629091.6960311601,18757429821.0,0.97524341917056,-204966.5991891833,-440535.4647948694
3526130,Arosbaya,2021,539408.3972,729012.3400683663,539408.3972,4.03e-22,1.0,-273012.92157813825,-426892.39235191455
3526130,Arosbaya,2022,435856.2203,822921.631862548,435856.2203,7.02e-22,1.0,-418176.1823001163,-306830.0128986387
3526130,Arosbaya,2023,1173906.552,717444.3840404514,1173906.552,1.2300000000000002e-21,1.0,-187410.2413461261,-514797.5930215023
3526130,Arosbaya,2024,1169935.35,1077854.955994256,1169935.35,1.93e-20,1.0,-287326.2569353947,292523.6866340705
3526130,Arosbaya,2025,1036282.72,942003.7788535771,1034403.019257589,11575710609.0,0.9845758533354578,360883.72788838705,78243.17481262214
3526140,Geger,2018,509655.9105,-47033.539005574436,509237.70059201895,427794365.4,0.9994213872441166,-30640.523363885877,419041.64337428595
3526140,Geger,2019,809300.5891,-404998.7724074531,781198.7074609564,13480492286.0,0.982083285367674,-210769.0406535559,603665.3042690058
3526140,Geger,2020,657601.6122,-463299.75789490074,652310.8969097938,2698541411.0,0.9963612666786137,-379145.6999711186,1255410.325099181
3526140,Geger,2021,717253.1877,-906629.8109477658,704195.6455462852,4612541655.0,0.9937964250154183,-583798.1929107257,1320085.7420878634
3526140,Geger,2022,584959.6493,262863.918110139,583498.1311966869,2593711613.0,0.9965021255223603,-715675.0944426554,1688722.204265966
3526140,Geger,2023,659081.6961,936524.3005904007,663180.9573966439,8533446092.0,0.9885832627183347,-686120.1943752969,498595.8153664006
3526140,Geger,2024,741664.4963,1845329.2901834778,766002.1906501156,12830798959.0,0.9829320446251985,-995468.3962637193,-317243.80459269683
3526140,Geger,2025,651508.4086,866735.7835899608,655170.434112728,9849272991.0,0.9868459991867554,-321444.86537321156,-1302770.0375271782
3526150,Kokop,2018,453955.1186,-360746.383530183,451689.19969654654,1587021371.0,0.9978568364378415,-636762.4335769409,326475.6068198698
3526150,Kokop,2019,526583.8294,80120.22613653257,524555.9369961135,2596350435.0,0.9964985792726436,-259975.0792248965,686381.4437334144
3526150,Kokop,2020,524290.228,620880.2682206704,524784.6463727487,2927644558.0,0.9960535614413103,-59029.93926017024,508482.39144308335
3526150,Kokop,2021,568717.8683,208554.53030267425,568244.1984797388,749333416.6,0.9989869305671448,-357902.8291426251,79338.56443397352
3526150,Kokop,2022,834460.9833,245565.01980434754,810603.4845800055,24025600147.0,0.9685092978656834,-536099.9599341527,348233.0919972666
3526150,Kokop,2023,438240.6993,281642.4435018744,437910.23873441404,1203309945.0,0.9983741699469719,-345551.53034378495,606139.7002719573
3526150,Kokop,2024,516953.5088,458462.24110621755,516905.5368120701,467068271.6,0.9993683009251613,-488190.9968926348,206830.01574318676
3526150,Kokop,2025,487903.9213,606361.0054567332,488029.5257776429,603993375.7,0.9991832641267083,469247.5630346267,21550.753764960275
3526160,Tanjungbumi,2018,563971.7068,462325.8191121016,563054.1132732289,5183537096.0,0.9930338221792119,62990.77472876772,-425528.69435932726
3526160,Tanjungbumi,2019,350563.4871,873758.0952263322,351082.79673666734,565355673.5,0.9992354711088269,223801.37646434188,6652.151373621309
3526160,Tanjungbumi,2020,581166.0065,1284038.451229835,582438.0641747952,1031678385.0,0.9986057434421284,147285.488440759,-466042.0661812052
3526160,Tanjungbumi,2021,737523.8444,916598.6697553269,738792.5587104792,4060172677.0,0.9945352663814165,409234.6967746464,-670109.7737867982
3526160,Tanjungbumi,2022,438645.2763,1042063.8469103987,440409.8628349765,1668873863.0,0.997746549346676,-48994.832265674195,-138281.69426944747
3526160,Tanjungbumi,2023,409439.2921,866963.5484363326,409753.6576309924,391243065.7,0.9994707984983361,5255.033285161291,-532319.5234977196
3526160,Tanjungbumi,2024,432973.8185,941082.7308412248,433163.09833325533,212049227.1,0.9997131093558269,-500412.2123482842,-527120.9466795109
3526160,Tanjungbumi,2025,642578.3162,1046532.9809940833,650295.2887334904,11082009494.0,0.9852239690658601,75115.7183566475,-689116.7002959945
3526170,Sepulu,2018,547373.5778,-164191.21019236385,547370.7810704997,2236480.267,0.9999969733091707,-1026612.6498455947,125700.97850927479
3526170,Sepulu,2019,514991.7736,-56261.53238972329,510511.957694753,4497570583.0,0.9939501183047221,-906511.5130594824,299689.4195639055
3526170,Sepulu,2020,915098.1512,242679.3835075628,912884.4529747562,1879481509.0,0.9974628910957654,-878845.1449787263,228563.83418835822
3526170,Sepulu,2021,608395.2348,357632.3558053072,608372.5027879792,51587127.97,0.9999301903700931,-1012877.3714879234,388655.0870049256
3526170,Sepulu,2022,543400.9923,405858.3071293383,542849.7244007481,2289795482.0,0.9969107200558628,-706630.3896499657,-28897.000758515787
3526170,Sepulu,2023,519717.0083,171970.4719741736,519350.9879469899,599552376.3,0.999189264495307,-878521.3901415936,-69317.30803074664
3526170,Sepulu,2024,615624.2095,236888.00299622334,615118.5832816703,760677018.1,0.9989716102336634,-1160623.418522017,-6774.281003923039
3526170,Sepulu,2025,798168.2132,513176.8421220954,797978.5367753021,378964156.1,0.999487398630264,-374279.68056354765,-13716.128696604515
3526180,Klampis,2018,838564.3429,781256.225519466,838278.4428475444,2852971827.0,0.9961538324635609,387526.57248305785,598530.5153440303
3526180,Klampis,2019,903987.6831,580713.5431253312,902366.8980756213,2867244172.0,0.9961346659066053,411842.16166369617,289747.6719540425
3526180,Klampis,2020,1033959.023,847925.0001937659,1033958.1192030321,2764445.049,0.9999962588024482,697547.7242275429,493729.2123030359
3526180,Klampis,2021,884716.7864,460064.44645193394,884125.9243647251,792838283.3,0.9989281767324577,542633.8250949839,531023.4005524243
3526180,Klampis,2022,946876.5057,427113.0054874994,943782.5012029181,3407496890.0,0.9954096939874281,102601.94998140243,703980.231284386
3526180,Klampis,2023,899355.9546,273055.4973593191,897193.9917118858,1971036264.0,0.9973396302811819,163432.12116372277,728970.0901235362
3526180,Klampis,2024,1000277.421,603345.0522301808,999182.142206104,1574474180.0,0.997873744531575,570156.9640314763,775789.2669596159
3526180,Klampis,2025,1075550.473,1076083.0606100587,1075555.3739241026,5284807702.0,0.9928986906498168,964402.7720168123,724704.7709368146
3527010,Sreseh,2018,1086378.407,174255.0469267821,1085900.1027286798,298542267.6,0.9995961364106488,-1051637.7630060052,172021.43450572662
3527010,Sreseh,2019,563011.159,105486.16520811614,563011.159,5.4300000000000006e-21,1.0,-532840.9308826197,478607.4651211186
3527010,Sreseh,2020,711348.9498,79315.2303993216,711322.6396530824,23688003.17,0.9999679432983745,-175143.57032526168,204733.95868359704
3527010,Sreseh,2021,764312.6664,351388.6374655885,763353.6318584485,1324650427.0,0.9982105163716334,-1063649.0593709988,500087.54418723786
3527010,Sreseh,2022,670548.8605,426634.74969270127,670412.4773570916,318342057.5,0.9995693630805925,-1254173.021832222,79816.14721339673
3527010,Sreseh,2023,619034.7914,302001.4809328531,617424.6323689837,2904708494.0,0.9960843579872115,-1079486.7646008544,-160137.14129873598
3527010,Sreseh,2024,869735.1747,334945.33295647433,857817.4825119006,12969522985.0,0.9827506924198554,-1403246.8057148037,-177254.35297885654
3527010,Sreseh,2025,821156.7898,299664.2782228852,813630.8247936744,8332104178.0,0.9888496306917476,34536.290834217565,-27240.496195150772
3527020,Torjun,2018,551494.7297,1602717.4164322657,559183.6798684497,4192643165.0,0.994357975503638,478607.4651211186,-815705.2031123184
3527020,Torjun,2019,573373.9997,909126.4623925016,576997.0617750222,6207200906.0,0.9916695761933095,204733.95868359704,-1051637.7630060052
3527020,Torjun,2020,500237.9083,673015.1120798907,503304.7766254498,10282866257.0,0.9862748702221301,500087.54418723786,-532840.9308826197
3527020,Torjun,2021,997366.1515,2071647.2425544832,1029187.216793378,17369313474.0,0.9770334174764638,79816.14721339673,-175143.57032526168
3527020,Torjun,2022,844383.8529,1964638.7482014282,863074.0395511092,9654526384.0,0.9871027346984006,-160137.14129873598,-1063649.0593709988
3527020,Torjun,2023,912948.2435,1726737.0429783384,940479.9047434992,19924854786.0,0.9737430757024621,-177254.35297885654,-1254173.021832222
3527020,Torjun,2024,750836.3254,2033416.57733093,752322.3239821375,660031497.3,0.9991075555174485,-27240.496195150772,-1079486.7646008544
3527020,Torjun,2025,905454.6089,808605.4589513231,901675.0601731513,23107844940.0,0.9696757353955077,477558.3513132059,-1403246.8057148037
3527021,Pangarengan,2018,844516.9106,414541.8021844857,842964.93009751,2061297622.0,0.9972181405937433,289747.6719540425,480018.0113328368
3527021,Pangarengan,2019,601528.1768,166727.7409661046,599649.5544562828,2469206226.0,0.9966694740260408,493729.2123030359,387526.57248305785
3527021,Pangarengan,2020,741671.2995,85833.497233406,723629.6033433424,16096181113.0,0.978680928790287,531023.4005524243,411842.16166369617
3527021,Pangarengan,2021,787630.2762,416943.9846841103,787482.1438779496,227480534.5,0.9996922380926353,703980.231284386,697547.7242275429
3527021,Pangarengan,2022,623929.6318,747474.1282681099,623937.2791478616,35224243.49,0.9999523321815174,728970.0901235362,542633.8250949839
3527021,Pangarengan,2023,658607.3566,560834.8343364283,658454.013213733,893834777.4,0.998791806419413,775789.2669596159,102601.94998140243
3527021,Pangarengan,2024,1221273.685,761138.3849915692,1219794.92318692,1834585629.0,0.9975233458707944,724704.7709368146,163432.12116372277
3527021,Pangarengan,2025,1300721.248,515877.15787643,1207190.6785772606,76984957875.0,0.9056443593513859,540299.478638387,570156.9640314763
3527030,Sampang,2018,833293.831,4075193.031342069,860704.4964577854,4852159260.0,0.9934762569953783,-2379076.3935241974,-2507139.225715823
3527030,Sampang,2019,843821.4241,2471645.147061791,877590.6683818209,12054398122.0,0.9839482606890435,-1606214.2729296205,-4129175.166134158
3527030,Sampang,2020,897908.6696,1554579.5313757285,912155.9400134616,12619365970.0,0.983208577142054,-871428.6619837978,-2683150.030271986
3527030,Sampang,2021,785270.539,2993390.6813387442,832626.2471217025,12470741047.0,0.983403056342151,-1763080.3931309837,-1257728.1776096285
3527030,Sampang,2022,743671.0888,2814482.4123388263,759839.7606090741,4477807254.0,0.9939765427044412,-1922913.2160071502,-2696387.9766834895
3527030,Sampang,2023,689875.0229,2705141.585564399,701295.1218714993,3242894157.0,0.99563046466433,-1949011.365060695,-2782450.781535598
3527030,Sampang,2024,752037.6335,2809688.0404448905,774675.5856747105,6329908256.0,0.991506294555835,-1910082.062985527,-2844772.950691603
3527030,Sampang,2025,813006.1145,1096139.39281247,816203.1732506851,6498586033.0,0.99128192969592,-826175.5505038808,-2837989.1005782937
3527040,Camplong,2018,728679.9665,1146374.2284669057,734678.3622044268,8290599859.0,0.9889045572303282,-3013597.97979171,-1220620.79119201
3527040,Camplong,2019,533119.5896,960034.7393168921,536226.6945789418,4171709704.0,0.9943859874379697,-1673198.0933558051,-1459392.136613647
3527040,Camplong,2020,633626.2127,927918.6447390032,636212.6427119457,5045250277.0,0.9932184061104133,-630948.2958724485,-1144128.5451596044
3527040,Camplong,2021,821341.4134,1651220.7760329463,838188.4605769697,11790801642.0,0.98429375500218,-1715817.465697771,-608347.2277329767
3527040,Camplong,2022,796671.5498,1626423.9333061092,830237.8204344378,23989204269.0,0.9685555024228679,-2114213.101185659,-1298848.9222515002
3527040,Camplong,2023,697654.3465,1562276.4368753433,713233.3345795925,10440874028.0,0.9860669067294369,-2219017.9989916277,-1489022.8834736138
3527040,Camplong,2024,826240.9273,1721765.4234761966,839098.410567791,8288699986.0,0.9889070716556193,-2319873.787306549,-1670923.23796826
3527040,Camplong,2025,932020.9558,822002.8401661549,929585.6123616176,12880859205.0,0.9828665937659854,-954273.2210983607,-1721681.9561384507
3527050,Omben,2018,616659.6799,3118788.0307321316,625831.5448164918,2093487156.0,0.9971748213896638,-1459392.136613647,-1830117.4929124913
3527050,Omben,2019,775733.5309,1705385.11165008,780915.9604831542,3189835853.0,0.9957016491041404,-1144128.5451596044,-3013597.97979171
3527050,Omben,2020,672915.5818,914587.5378422705,676407.4346852953,8342146419.0,0.9888363417738184,-608347.2277329767,-1673198.0933558051
3527050,Omben,2021,746109.768,2141378.279514496,755763.7537986062,3964528800.0,0.9946633099481909,-1298848.9222515002,-630948.2958724485
3527050,Omben,2022,549571.6153,2168323.4636280993,578336.730365473,10294374513.0,0.9862597205552586,-1489022.8834736138,-1715817.465697771
3527050,Omben,2023,643016.9692,2174475.5596221373,655129.1038104979,4536189831.0,0.9938984868053933,-1670923.23796826,-2114213.101185659
3527050,Omben,2024,873915.2548,2528584.8666922064,915054.4728540895,14507956044.0,0.9807439948507601,-1721681.9561384507,-2219017.9989916277
3527050,Omben,2025,828670.4714,1482556.7526193578,832995.160862682,3788453314.0,0.9948991178449769,-372621.42019802786,-2319873.787306549
3527060,Kedungdung,2018,473221.3778,2643516.8204256124,479301.2708141086,1598537295.0,0.9978413185426229,-473880.44846373034,-1653497.7395157316
3527060,Kedungdung,2019,469914.6706,1727157.9355766585,471581.67333052336,755475811.4,0.9989786347716317,-257500.40435775422,-2379076.3935241974
3527060,Kedungdung,2020,559106.0802,1307413.3119878469,566496.9618656596,5676157260.0,0.9923768346172699,31815.242473527876,-1606214.2729296205
3527060,Kedungdung,2021,618675.1755,2447453.922568272,625145.6257114082,2020412265.0,0.9972731676655984,-110038.81803251721,-871428.6619837978
3527060,Kedungdung,2022,523429.2615,2471750.9388679694,529915.5726244026,1900696254.0,0.9974343268225407,31453.9914884271,-1763080.3931309837
3527060,Kedungdung,2023,506620.7755,2351871.1183590284,515483.098778537,2746062935.0,0.9962974255569521,-80667.96097958897,-1922913.2160071502
3527060,Kedungdung,2024,758910.1671,2537221.424615366,781552.4999593071,7338476323.0,0.9901662688751088,-305454.84253557044,-1949011.365060695
3527060,Kedungdung,2025,750464.282,1679991.8272580798,759041.3186480012,5299419783.0,0.9928791958973752,525914.4378554851,-1910082.062985527
3527070,Jrengik,2018,701808.7706,63518.235007241834,698813.3004648952,2682976452.0,0.9963821786546688,-1078765.470767567,-155420.49138410593
3527070,Jrengik,2019,694741.0284,171184.73041994014,693121.7946573509,1765300954.0,0.9976166558835583,-718053.3610733724,192344.76707025996
3527070,Jrengik,2020,849918.0598,298760.77971090336,844266.848862147,5894802789.0,0.9920855143953815,-432765.88963155716,238028.15224722656
3527070,Jrengik,2021,974636.8668,1104590.0140844116,975384.9344339959,3294493278.0,0.9955612476649569,-545115.9664968144,402313.7971453096
3527070,Jrengik,2022,843317.3026,1202804.5011473955,844096.0400173162,1235312314.0,0.9983310027024188,-696351.0085442715,-215777.13691395754
3527070,Jrengik,2023,693429.2983,1074435.3933734726,698017.0221561458,6935117232.0,0.9907017537564313,-474893.5683924916,-525957.3249364994
3527070,Jrengik,2024,737836.0967,1272611.2571049875,739028.0821824764,1271148204.0,0.9982826689415447,-773024.0047546347,-631944.5394293804
3527070,Jrengik,2025,763107.0528,500010.0761510385,759035.2639709928,8944799254.0,0.9880395034071457,55641.65772179352,-847994.0864784272
3527080,Tambelangan,2018,706439.5258,1160788.210852981,715766.0098589839,11925143778.0,0.9841176432648194,-1382228.1878030444,-1253262.7139558396
3527080,Tambelangan,2019,560035.5595,844684.1978581187,560942.7723260111,1819339649.0,0.9975438770893611,-912747.1609614447,-1031424.5151987011
3527080,Tambelangan,2020,598719.0574,819445.7055724025,600399.0804047897,4364213729.0,0.9941284492609578,-424415.47554627183,-723617.4996090746
3527080,Tambelangan,2021,882560.0659,2344001.9051622506,896489.5180911135,5475693078.0,0.9926440806494142,-833952.334481769,-435477.15568896476
3527080,Tambelangan,2022,911695.0067,2242917.682809792,920652.5204336768,3854750522.0,0.994810316637709,-823397.892224059,-1641675.4356564495
3527080,Tambelangan,2023,878565.8772,2109926.251620684,900177.0537474935,10165071023.0,0.9864299646688772,-850847.0558820805,-1676287.313440506
3527080,Tambelangan,2024,839983.9381,2325479.983953746,848710.0927024147,3362307450.0,0.9954702938214525,-998245.2576464644,-1655888.3533430696
3527080,Tambelangan,2025,692854.185,1410197.2155023725,700655.6563585206,6256421927.0,0.991604073340578,-45117.27878385989,-1913009.5807542978
3527090,Banyuates,2018,641341.0846,1716905.94468604,642807.2827860665,776740323.0,0.998949916411852,-1303922.362544755,-1145037.547325486
3527090,Banyuates,2019,725786.4805,1146711.4455826469,727733.6871238772,2644529514.0,0.9964338369986822,-886038.8572151911,-1464814.8182626234
3527090,Banyuates,2020,625056.5614,920313.3613790899,625410.969654778,683837453.1,0.9990753966730025,-431153.7906202222,-830577.5308355821
3527090,Banyuates,2021,747339.4783,2045886.1548287447,752406.7239234786,2229152490.0,0.9969922905308476,-1046328.1328594763,-470326.0921181005
3527090,Banyuates,2022,660917.3424,1858249.8943016294,665430.4556158492,2152924844.0,0.9970948427548563,-992809.4634057814,-1481348.0665104566
3527090,Banyuates,2023,700761.5438,1645069.5717166404,705779.5999295964,3039927164.0,0.9959028256289996,-1119502.0058137667,-1502296.3855489888
3527090,Banyuates,2024,788071.5886,1711098.6506324876,791481.4321415105,2109865190.0,0.9971527820244128,-1272574.5341481236,-1382215.4172589695
3527090,Banyuates,2025,639036.0561,1127412.3136057467,643813.3551596752,5621140249.0,0.9924501654510628,-426742.49495041854,-1360618.8956808494
3527100,Robatal,2018,481632.6115,1131040.915490512,483881.7019745197,1977530255.0,0.9973308885321626,-1213653.5279110582,-1005443.6055935391
3527100,Robatal,2019,506131.6842,945357.7133124854,507111.1641713387,1271757782.0,0.9982818468119261,-779509.4419999343,-1171550.2923048767
3527100,Robatal,2020,496061.8235,983169.8272217478,497320.0448450979,1473609406.0,0.9980096866949354,-325211.65978455276,-875521.0135306793
3527100,Robatal,2021,714080.7827,1766505.4758586327,719518.1618985287,2955122924.0,0.9960166683957958,-997100.0304428735,-686256.0237060706
3527100,Robatal,2022,664973.9031,1662402.2630402362,669349.4928592335,2507215240.0,0.996618379902056,-1045926.6940444817,-1342168.1755602611
3527100,Robatal,2023,944573.5888,1544717.1244891079,960737.924083246,15750263357.0,0.979129527926564,-1027464.255230543,-1363843.9297893618
3527100,Robatal,2024,990130.9466,1769931.0747688557,1006205.984571276,11976841384.0,0.9840498886514311,-1140676.1718779877,-1036922.8999011142
3527100,Robatal,2025,1154443.289,1501395.7579921186,1165990.7436481207,19590434264.0,0.9741723920492296,-222558.92876989755,-1146023.4930474386
3527101,Karang Penang,2018,588047.0696,3220642.3305470017,610085.9420220216,4803785881.0,0.9935408750622069,-840338.8941575768,-1620765.0458273236
3527101,Karang Penang,2019,711817.9259,2059468.9382578305,726709.4181503039,6357901208.0,0.9914690530148621,-582753.6802580877,-2984649.7900173403
3527101,Karang Penang,2020,760683.5439,1406281.251898513,766910.0789587098,5541415756.0,0.9925564475185504,-437537.4047522491,-1927255.9689842663
3527101,Karang Penang,2021,1032851.423,2319038.2987245023,1035374.3362882802,1118351499.0,0.9984887865130944,-1114417.0338923128,-974935.2364546951
3527101,Karang Penang,2022,1132009.831,2295855.3359714583,1145663.5377790264,6754724718.0,0.990941423786807,-1178378.661379407,-1563772.087326027
3527101,Karang Penang,2023,1220604.674,2404560.901153588,1263278.2421470506,21276152197.0,0.9720121782528715,-883878.6219349452,-1512080.0573638396
3527101,Karang Penang,2024,1343375.986,2631742.6410211287,1357647.8537866003,6373917294.0,0.9914477466338085,-1026124.4716078583,-1495512.7500065146
3527101,Karang Penang,2025,1099711.128,2010146.9743934046,1115329.8873706593,9932066402.0,0.9867368926348355,8743.988267173816,-1594096.1995213358
3527110,Ketapang,2018,568468.6373,5124130.481791387,580188.3169857474,1467608762.0,0.9980177753292194,-964950.9138556907,-2968918.550462965
3527110,Ketapang,2019,610980.6078,3021769.082883735,619718.6099446558,2069938142.0,0.9972065122071774,-743290.2060185082,-5048629.845509467
3527110,Ketapang,2020,575662.1968,1782623.7990125953,577881.6535716413,1048286363.0,0.9985833304707173,-564005.2219902868,-3355471.9485614356
3527110,Ketapang,2021,703993.7273,3645268.9876478333,707672.0225173039,712494835.3,0.9990366869091883,-996980.7726032117,-1813364.990902091
3527110,Ketapang,2022,554521.9156,3187793.511022717,555778.1600019891,271589559.4,0.9996325842415151,-1125068.6647920136,-3242154.5282671796
3527110,Ketapang,2023,585980.6281,2982182.8597384887,594029.0259633508,1917672708.0,0.9974114703106173,-1001056.884832405,-3182488.777723227
3527110,Ketapang,2024,645165.8144,2894842.5266190884,646706.4402637338,389943725.5,0.9994725550792634,-1145661.4374894798,-2968582.3187040887
3527110,Ketapang,2025,646841.5077,1836561.4582969507,650968.1643769386,1980568892.0,0.9973267981876816,199897.2861305303,-2790696.7289067185
3527120,Sokobanah,2018,616415.2016,1743911.1288268515,620527.6909536382,2083071221.0,0.9971888382671855,-1871981.564150869,-1541241.2832712538
3527120,Sokobanah,2019,571376.7773,1250258.7683400563,572691.2497191146,1103891142.0,0.9985082974529332,-1227538.4760977607,-1872076.5516650283
3527120,Sokobanah,2020,598380.1485,1020183.4499427024,598803.9015404546,572224861.8,0.999226189112832,-673175.1627636565,-1340838.701388145
3527120,Sokobanah,2021,707509.2459,2071378.1603657708,711285.3131810569,1579786929.0,0.9978665852131527,-1134460.7938075727,-795461.6199060868
3527120,Sokobanah,2022,811795.3017,2008079.3095557084,912810.7909535723,52480107469.0,0.9336867638208233,-1209956.5173143705,-1676130.4245320507
3527120,Sokobanah,2023,585833.6101,2024805.9950004532,589761.9510355463,1557655063.0,0.9978964102011161,-1047878.9259699649,-1632384.9093781493
3527120,Sokobanah,2024,659287.6705,2156573.9204913722,665655.7946238738,2430440951.0,0.9967215901605728,-1097510.1380917828,-1904522.1696588187
3527120,Sokobanah,2025,624871.0505,1648762.016905306,626169.4430395841,722488145.9,0.9990231888696376,221969.5983756525,-1992370.122367396
3528010,Tlanakan,2018,448581.7568,1498504.580299248,451083.1298311001,1358890143.0,0.9981643465015342,-1677358.8614646362,-1099560.9971804717
3528010,Tlanakan,2019,547405.6186,1007780.844338508,559650.8759442619,15548599514.0,0.9793912429829782,-1080585.461806289,-1688239.6612784923
3528010,Tlanakan,2020,817095.1798,993664.0127626879,820341.0364594626,10656155464.0,0.9857837030416887,-517805.67244797584,-1074447.0510474266
3528010,Tlanakan,2021,731389.3461,1250831.2318341476,739648.3485369978,9193452573.0,0.9877111036630573,-1037329.4100551766,-483956.6189313652
3528010,Tlanakan,2022,587682.1309,1493942.6753992576,615903.9810570085,18289388085.0,0.9758462331354284,-1111412.6140963766,-844926.7674430562
3528010,Tlanakan,2023,561766.0545,1542325.7783458743,575828.0701712437,8278927855.0,0.9889200049817759,-1041808.1427570087,-1250965.204845601
3528010,Tlanakan,2024,558504.1793,1880066.7982683692,564579.0595352051,2627715028.0,0.9964564310797157,-928611.5835425461,-1435725.1813459783
3528010,Tlanakan,2025,633957.9945,620783.1823886919,633928.472022196,1277938618.0,0.9982735108783352,-369898.01304785616,-1713469.4159193048
3528020,Pademawu,2018,543852.4461,1499048.7796514325,550681.2246004149,4097261542.0,0.9944856224068388,-182647.03935402955,-724170.2076270513
3528020,Pademawu,2019,765413.898,1429123.4103011354,778676.2701983242,11602098610.0,0.9845412359799852,117244.86231008187,-1053621.1067539197
3528020,Pademawu,2020,937849.6584,1467110.9950410672,941842.7681441152,4325710630.0,0.9941799492922594,94038.59279718154,-747734.6621618613
3528020,Pademawu,2021,1229774.376,2457476.82468753,1262666.442910315,15664607825.0,0.9792406727686231,70241.71231322942,-539595.5900241489
3528020,Pademawu,2022,1097587.454,2349772.280575906,1147791.6196761697,23766740422.0,0.9688380160702912,-21126.70055222648,-1112320.2174988494
3528020,Pademawu,2023,1229230.447,2316559.6215522364,1272032.1988053373,23316805339.0,0.969409906445868,200091.85008685727,-1220090.726613639
3528020,Pademawu,2024,1309889.925,2231373.054105076,1354159.257256646,28716060960.0,0.9625914254243142,57992.31692038142,-1074646.2455880463
3528020,Pademawu,2025,1539604.584,863691.3396523835,1506978.5698578404,28859342921.0,0.9624117872040795,762349.952174483,-912029.6089682931
3528030,Galis,2018,603306.7115,424142.26467674086,599013.8084119419,13968806116.0,0.9814463165119623,-495119.53268916655,113786.43006039615
3528030,Galis,2019,1075884.101,368637.04602957045,1053533.772853316,18568899346.0,0.975486147239759,-320464.96298735414,-67669.92052932992
3528030,Galis,2020,541171.7405,738514.8918184272,542678.6502944576,4378461538.0,0.994109393378336,-300577.13094284013,455097.89115948835
3528030,Galis,2021,1026609.274,905011.9794050951,1025957.519296074,3066349584.0,0.9958673610049987,-366517.52553473285,-260803.70765397593
3528030,Galis,2022,948894.7018,970299.4639992883,949051.6926813722,4204248647.0,0.9943424464057542,-402136.98344309337,-60879.92877034866
3528030,Galis,2023,852080.8098,783110.7412918156,851462.6286805525,5146270079.0,0.9930835590855925,-233097.73737208082,-132090.48850666906
3528030,Galis,2024,1038967.198,1083088.7024435096,1039091.3847122181,1606113667.0,0.9978311095211287,-206469.74808074764,-87186.08475034253
3528030,Galis,2025,1853260.225,870326.357575905,1776966.1873342297,47883198666.0,0.9391418622919518,614237.8864414785,-123301.43553077511
3528040,Larangan,2018,695506.3769,1669845.3513346866,714382.2153650406,11241380949.0,0.9850146578480204,-209911.8305643765,-1128638.0419654602
3528040,Larangan,2019,792417.2881,1833618.2131796717,816547.1642121066,13499918570.0,0.9820579294423247,73284.93466430838,-1150091.9413967016
3528040,Larangan,2020,649268.2031,1890955.306614369,657497.5983334103,3796391622.0,0.9948884841132484,-34794.423055284504,-1140112.3709919658
3528040,Larangan,2021,925659.9831,2094236.0532292356,935789.8766234908,4975724992.0,0.9933112337246579,-58153.80513018401,-1344952.9809391033
3528040,Larangan,2022,829923.354,2123519.753610241,834795.6278444536,2151290601.0,0.9970970416009673,-13553.999579286978,-1296592.2464195206
3528040,Larangan,2023,783215.0027,2083093.54348076,791018.8797947665,3436767553.0,0.9953704454505375,-20014.66467805257,-1355624.915109487
3528040,Larangan,2024,995667.556,2185123.0812821267,1105005.5710051907,57600668989.0,0.9276843858155962,145493.16763897915,-1421195.1385127562
3528040,Larangan,2025,1335956.649,1555508.8338248858,1339244.7466225647,8651424968.0,0.9884272476587602,675577.016541169,-1255885.4550308576
3528050,Pamekasan,2018,880523.7941,984760.7580242244,881377.7455970098,4700146237.0,0.9936793471434446,-2394005.198525286,-722461.3687659596
3528050,Pamekasan,2019,1020543.215,966192.2054408734,1019562.1774411185,10459622452.0,0.9860422366258407,-2068608.6706296355,-857195.8361204758
3528050,Pamekasan,2020,1003715.02,1128850.5673489757,1005922.2518705004,10216999613.0,0.9863615871650852,-1620352.894824786,-629104.2744097464
3528050,Pamekasan,2021,997238.0395,1313025.5651100862,1003014.4293833517,10602457824.0,0.9858543272975506,-2592597.8080749502,-586111.2046122435
3528050,Pamekasan,2022,1450182.453,1264296.946636652,1418930.675716488,115000000000.0,0.8653264994940989,-2695067.422217724,-1038472.6799015254
3528050,Pamekasan,2023,1572386.666,1859044.058403829,1575921.4884343017,7104286378.0,0.9904771004408258,-2327862.9278074056,-602806.7635868299
3528050,Pamekasan,2024,1392243.3,1822772.8537590622,1395195.8949617979,3929315753.0,0.9947104598393255,-2652177.9694815567,-889757.4378134778
3528050,Pamekasan,2025,1299591.39,1208499.1555143013,1297086.7928993143,16087631254.0,0.978692011614026,-399586.4650558164,-1165343.9048967536
3528060,Proppo,2018,652627.6355,1661353.5379911328,664616.8080453745,6844411260.0,0.9908222514874786,-2171257.701682741,-1496315.6023504196
3528060,Proppo,2019,858225.4395,1111839.4175986703,860304.127869089,4702380968.0,0.993676360930457,-1748174.8194085415,-1798497.4132756325
3528060,Proppo,2020,890315.7282,866577.1789700554,890054.7702539818,6324764168.0,0.9915131385029226,-1437541.894902726,-1018533.9696793066
3528060,Proppo,2021,920991.3394,2421048.836564479,924306.2954488465,1260253816.0,0.9982973622839152,-2264288.851025061,-494940.4812736444
3528060,Proppo,2022,747180.1358,2083715.5606731053,757680.0308761467,4505646835.0,0.993939320421464,-2440035.1118288543,-2042340.5578733003
3528060,Proppo,2023,904007.4303,2054538.767854764,983776.2371242864,42390377045.0,0.945744306429521,-2233117.8158148234,-2171973.891907106
3528060,Proppo,2024,688004.7121,2142480.77636161,693369.0695876209,2106411398.0,0.9971574295941874,-2542542.12480544,-2007126.122944294
3528060,Proppo,2025,1154498.957,856165.7008842702,1147254.3202952894,14161809058.0,0.9811947863820386,-580079.6293002199,-2331092.1354531194
3528070,Palengaan,2018,714542.4788,2828985.66219336,724741.0234993355,2757841632.0,0.9962816031455073,-848199.5218201908,-2600154.034383706
3528070,Palengaan,2019,847083.2108,2452497.5803410094,860929.6631796731,4950404529.0,0.9933450449900283,-441640.36490520654,-2558422.130408455
3528070,Palengaan,2020,460882.4095,2253313.176088748,465455.250176843,1455393447.0,0.9980342415029635,-172291.84055959427,-1958110.877781408
3528070,Palengaan,2021,703667.5817,3288221.142940582,725877.3313987759,4932119730.0,0.9933694627280724,-845588.993015517,-1917224.1022559656
3528070,Palengaan,2022,536961.1441,3429206.417798196,551040.5494789026,2783529599.0,0.9962470980511285,-728653.299854555,-2798597.801762081
3528070,Palengaan,2023,537272.5688,3649314.0418410115,554754.3709906727,3214509321.0,0.995668545253426,-462095.7285405591,-3156083.573133464
3528070,Palengaan,2024,606656.8181,3987224.074446977,625240.128717601,3145247312.0,0.9957614781551446,-795514.6501727402,-3397656.561397365
3528070,Palengaan,2025,706475.982,1822336.2391280225,714232.5077975094,3983035461.0,0.994638531520072,589849.9077854739,-3746326.123853069
3528080,Pegantenan,2018,490597.1108,2949388.7612016313,502255.75413379597,2710926797.0,0.9963446271786824,-1312564.229725929,-2743075.2593392422
3528080,Pegantenan,2019,464203.5932,2521955.544536764,486417.4725755614,6209727300.0,0.9916662138822233,-935128.9387569568,-3074398.851091366
3528080,Pegantenan,2020,647481.6813,2243561.1133710435,676742.8053899694,10626731737.0,0.9858224004877453,-660685.2799320226,-2665376.7053823564
3528080,Pegantenan,2021,727461.2323,3517800.3594178907,732960.6226756993,1123677516.0,0.9984816004651365,-1448286.090742825,-2037208.9691297913
3528080,Pegantenan,2022,523619.4237,3384744.6935029374,557381.2704450374,6794725366.0,0.9908882688015885,-1364799.9673738847,-3233566.621133264
3528080,Pegantenan,2023,770507.5429,3287934.97727167,826218.832707802,12877530534.0,0.9828709455391375,-1155512.0177267166,-3434868.696393472
3528080,Pegantenan,2024,606123.7583,3426639.1693364987,628689.4155488543,4589183519.0,0.9938276463160653,-1460139.0443830797,-3116129.115756411
3528080,Pegantenan,2025,946844.5953,1632337.8255389263,973871.3753301376,23355437337.0,0.9693607767165964,134262.59264815098,-3420768.02617196
3528090,Kadur,2018,669836.7052,1708720.598929056,686906.3690387451,9505618297.0,0.9872991311780809,-1604182.2702534145,-1444489.5798150478
3528090,Kadur,2019,627674.0304,1444068.067593288,629712.366252458,1424258930.0,0.9980762131086853,-1305172.6182846543,-1713611.545959206
3528090,Kadur,2020,602415.3437,1324494.1079330575,623101.135195629,16781782243.0,0.977793029126265,-993837.5956881519,-1471840.6358769145
3528090,Kadur,2021,774459.4085,2158574.1883064946,780413.8265125875,2458481327.0,0.9966838920622558,-1677580.4770715425,-1203496.8205197807
3528090,Kadur,2022,731663.245,2049962.8206215699,735424.4717376668,1628109474.0,0.9978014717605668,-1588942.8419799765,-1951628.9950166363
3528090,Kadur,2023,1100710.506,2010227.7466928025,1177852.985409421,52735375034.0,0.9333856974244376,-1397151.441286861,-1955266.1480419762
3528090,Kadur,2024,837195.7768,2089542.4313705643,849912.5809563516,5837317374.0,0.9921620905781103,-1682214.7184866688,-1539596.7398584005
3528090,Kadur,2025,1590494.373,1190417.8449741623,1563430.8040568554,41284639474.0,0.947084658557722,-160775.5440698151,-1883587.9127911539
3528100,Pakong,2018,772902.554,1326635.5950143298,787138.644279825,15015129704.0,0.9800842438462493,-1196661.4821523991,-1242988.3657000924
3528100,Pakong,2019,539586.3977,1269351.179575252,542730.6929350869,2462311697.0,0.9966787426499434,-967995.9567407581,-1093605.1098405067
3528100,Pakong,2020,531414.1458,1166119.15354352,532477.1117694838,954558886.8,0.9987098317347024,-694648.473738462,-1195800.6288648434
3528100,Pakong,2021,751078.6034,1835960.2013454398,764351.2736215048,7047731167.0,0.9905521933163247,-1122960.0806788115,-1019361.3303115945
3528100,Pakong,2022,674094.4455,1742405.8897435982,697814.1098292473,12920796420.0,0.9828143844312386,-1224988.4469375822,-1501450.0185295083
3528100,Pakong,2023,768395.9975,1638225.1185615757,792648.2260272705,16320215707.0,0.9783906115737604,-1133824.4606210282,-1550148.2955377386
3528100,Pakong,2024,640172.4587,1768489.179108765,650409.270689159,5209778182.0,0.9929988035715086,-1093294.4746490817,-1390690.8862621249
3528100,Pakong,2025,691952.3868,1144415.4009163515,694785.6727846928,3585607475.0,0.9951709163910787,-7631.130922526383,-1592664.9746174417
3528110,Waru,2018,475338.5866,4079797.854951629,477581.6383950706,354320984.6,0.9995207159477121,-132331.89912088506,-3416580.4164275206
3528110,Waru,2019,407271.1312,3601064.6964944704,419720.89281635353,2226782397.0,0.9969954787978269,-30557.475013532327,-4083714.142064386
3528110,Waru,2020,481415.9878,3120894.616639983,485718.41108283616,929032321.8,0.9987442897545543,182761.54603673043,-3782561.043390718
3528110,Waru,2021,542360.9558,3401908.5553345545,545057.4065255905,537071645.6,0.9992736917402683,-108313.42318130744,-3110133.0048033856
3528110,Waru,2022,393150.5972,3336920.549786113,395117.1267101514,380376929.1,0.9994854886428427,-151834.18813368108,-3269109.596219255
3528110,Waru,2023,470079.1805,3971003.786469954,473216.99139299634,510458901.4,0.999309656610875,183758.53079541356,-3364319.282895397
3528110,Waru,2024,524545.9275,3689381.7027344704,530605.8288174057,1091626547.0,0.9985248463124903,70254.11671969181,-3821578.729767644
3528110,Waru,2025,563525.2191,2642003.258325805,567968.2352631044,1218959163.0,0.9983530606176518,658727.6156347711,-3593728.0740679577
3528120,Batu Marmar,2018,658698.4857,1010500.313437491,660972.831642909,3702563754.0,0.9950141854306038,-2002193.0403370634,-438159.9370652049
3528120,Batu Marmar,2019,560970.0583,636330.8587587236,561058.3595548149,667510172.4,0.9990974525473895,-1647147.089587126,-880952.1235484021
3528120,Batu Marmar,2020,502978.228,479123.3553791431,502867.0627461806,2664083801.0,0.9964075626613256,-1317426.609660936,-621036.87506186
3528120,Batu Marmar,2021,719080.6577,966702.3097767375,719585.6903092188,1162906547.0,0.9984286744743306,-2082359.313585629,-358192.6133224213
3528120,Batu Marmar,2022,709196.5158,898506.718307107,709721.874690747,1583493594.0,0.9978615902714019,-2137531.8216234823,-760702.1301798382
3528120,Batu Marmar,2023,1031449.561,617637.5801480813,1020697.3135896839,15179490148.0,0.9798706278565875,-2073166.1377236391,-729153.0659596274
3528120,Batu Marmar,2024,717625.465,612943.0831656172,717110.1206569861,2815104682.0,0.9962046884237926,-2311639.294475614,-185567.77029069443
3528120,Batu Marmar,2025,1100650.558,588056.2273135065,1096218.0758038815,4963320186.0,0.9933277979914842,-501082.8478434544,-460532.2243912929
3528130,Pasean,2018,460647.9714,1822947.9253151896,487079.027090385,11258434877.0,0.9849922652624133,-987278.6166944543,-1674368.0020804578
3528130,Pasean,2019,596516.9408,1473335.5954650543,598779.8948366602,1472365413.0,0.9980113635382515,-908418.7519633516,-1830146.1014204177
3528130,Pasean,2020,689210.7326,1449762.0695229722,694460.6023287146,3955082505.0,0.9946759579968623,-688776.971817008,-1399602.6057470094
3528130,Pasean,2021,968973.5874,2824468.1513959775,1038171.768154695,22042888656.0,0.971032787452932,-1131076.0743546733,-1093305.7419106094
3528130,Pasean,2022,1018032.177,2796390.0690267994,1039341.6247813967,6901060085.0,0.9907469933050851,-1139650.680748683,-2128456.627157574
3528130,Pasean,2023,989716.3876,2734963.691076689,1015716.1843847944,8605159000.0,0.9884884238245943,-788129.3282764097,-2182761.7433817736
3528130,Pasean,2024,879905.9021,2783563.6602600776,924353.2467424117,13603310979.0,0.9819229997598475,-1026598.5995043672,-2118957.6534161875
3528130,Pasean,2025,1268615.279,1332433.2322153405,1270317.5306317548,15593719336.0,0.9793326752864081,-54664.18770224182,-2330027.5181764043
3529010,Pragaan,2018,1005644.872,3383570.023709529,1023051.2407795292,4195928402.0,0.9943535795347198,-443662.6778082684,-2917764.936371486
3529010,Pragaan,2019,1559002.007,3133810.3030939507,1585366.3124581885,9688313484.0,0.9870581834036056,-380436.907329157,-2815279.8443258177
3529010,Pragaan,2020,963271.9896,3037460.2830810575,970221.5043771411,1912895249.0,0.9974179024106603,-383595.1246312356,-2007947.9879458358
3529010,Pragaan,2021,1780462.537,4154377.016398481,1783952.4453292552,837751526.9,0.9988675281179891,-213722.6213632467,-2331252.76993939
3529010,Pragaan,2022,1439225.345,4696806.806518735,1526763.7703124508,15713065498.0,0.9791777919976007,87167.9338521128,-2538221.3941882546
3529010,Pragaan,2023,2315729.38,4894516.826738012,2385474.468383569,15817323051.0,0.9790425302651974,167499.5704924683,-3316481.583936859
3529010,Pragaan,2024,816495.8691,5575540.166142226,859654.0013540238,5207468808.0,0.9930018853212982,571763.9734248486,-2809705.847952917
3529010,Pragaan,2025,1359453.846,3755375.416057498,1378539.9357218237,4569252817.0,0.9938542879397776,872812.5130794882,-4761815.062782659
3529020,Bluto,2018,750666.031,1935816.2489860347,755064.4278764377,2119645039.0,0.997139622077633,-957977.265552627,-874376.3745488822
3529020,Bluto,2019,556128.4009,1968371.539628184,556190.9534693952,25204742.54,0.9999658907824814,-620262.8250823251,-1514778.7485356824
3529020,Bluto,2020,504793.9419,1979455.7485440287,518696.7879542076,5415673875.0,0.9927241224152015,-657853.4963628594,-1755315.2810722103
3529020,Bluto,2021,1481010.519,2059200.81585457,1490298.1331449058,9289525507.0,0.9875842773223835,-776321.6420453843,-1831368.5323304161
3529020,Bluto,2022,1864759.841,2282038.7197665125,1892419.5543635725,40395660399.0,0.9481650187501834,-1007983.5790767907,-991478.1609869965
3529020,Bluto,2023,1416700.237,2307404.5206999276,1417826.4554939074,720387117.7,0.9990260267138982,-576662.8932927063,-662641.0422358443
3529020,Bluto,2024,3049067.996,2060957.4411645003,2496132.23398708,723000000000.0,0.5054439007813318,-1382974.207698406,-1020080.7342144491
3529020,Bluto,2025,1913753.319,1875961.8035370808,1908201.900495009,97979445771.0,0.8829252544872824,-304574.6848146024,554871.702850264
3529030,Saronggi,2018,827405.485,7786.839345566885,825720.4138894642,1172269718.0,0.9984160429472991,-2057885.6993199294,545425.105259541
3529030,Saronggi,2019,843295.1102,-80234.1040993138,834877.0718797394,5234369637.0,0.9929659886304549,-1614060.395024126,134850.97136346216
3529030,Saronggi,2020,788677.4879,-41628.903586590815,787528.6427173583,788409409.4,0.9989341576628357,-1474495.3809603471,314649.7500255469
3529030,Saronggi,2021,1126435.264,282952.671739271,1121854.3528208232,3107192468.0,0.995812545957092,-1856519.2668917521,336257.5729172828
3529030,Saronggi,2022,1602703.194,315881.9604981324,1553354.2116315542,22691859258.0,0.9702053657745401,-2071411.9440872467,266275.70900658704
3529030,Saronggi,2023,1584078.292,237015.86001497865,1555778.6763692885,12210717747.0,0.9837434880430344,-1899667.2342660157,715167.0583030682
3529030,Saronggi,2024,1133588.714,74689.15587361131,1110978.178421479,12415302366.0,0.9834756188602278,-2361412.335399378,806406.7076133108
3529030,Saronggi,2025,1905802.048,295362.5686757305,1881131.6506508973,8852451322.0,0.9881615241677422,-967784.636154722,405080.40932619164
3529040,Giligenteng,2018,705333.5336,284032.9401459305,705333.5336,7.620000000000001e-21,1.0,-2903.002497631649,633609.2610248342
3529040,Giligenteng,2019,771087.9095,362919.342956177,771087.9095,3.36e-22,1.0,246544.017693258,415949.14645826514
3529040,Giligenteng,2020,578729.73,482238.8342250729,578725.3587967883,25778739.76,0.9999651140273537,208573.28947082083,444013.37041138136
3529040,Giligenteng,2021,657884.8365,496981.03494539566,657884.8365,1.46e-21,1.0,332567.0202227376,169052.74020204565
3529040,Giligenteng,2022,1038680.524,869405.0330112997,1038680.524,1.58e-20,1.0,633315.3401815669,225890.60979509796
3529040,Giligenteng,2023,1258103.433,760377.3996504882,1258103.433,3.39e-21,1.0,696159.7391663527,421741.28985003836
3529040,Giligenteng,2024,1007431.006,783316.7599630487,1007431.006,1.06e-20,1.0,317241.76386671833,731275.6319673065
3529040,Giligenteng,2025,2579029.895,569292.5485296565,2579029.895,2.39e-20,1.0,582668.0737061589,403650.2733768255
3529050,Talango,2018,615952.5719,1024417.4188071141,622183.9213345117,8815180707.0,0.9882107789485021,-300157.3721129974,519159.7626405653
3529050,Talango,2019,1215152.395,716500.0968579443,1195312.2468905263,23578007235.0,0.9690778233734803,-132098.57468652353,-430956.42521851
3529050,Talango,2020,762515.0649,893636.8459560126,768403.142834495,26753442693.0,0.9650588046709226,41793.82613774408,347043.4552765159
3529050,Talango,2021,1052835.355,303790.87634625286,1028908.2014021641,18776303853.0,0.9752191259982699,-156050.26434110213,-19063.481672752416
3529050,Talango,2022,1365350.149,801053.7095313177,1349016.239755449,16961592488.0,0.9775604293526406,-75365.13297111026,666755.4164840363
3529050,Talango,2023,1946768.8,738514.4874841485,1938870.5688231136,3744097012.0,0.9949585393525416,-49342.42972254416,724301.4178515971
3529050,Talango,2024,1650165.113,960775.3350812935,1631510.450701988,15825727977.0,0.9790316275045252,-134630.43169559655,1302689.0945684002
3529050,Talango,2025,1089539.739,959723.5700578957,1088645.8172638228,3945472126.0,0.9946888260747206,946519.8392803243,908303.533603215
3529060,Kalianget,2018,821959.1554,-566530.0607674128,743231.429158368,34202892911.0,0.9557599145453054,-460703.15102128475,1799603.0116890427
3529060,Kalianget,2019,942549.088,-662425.3005498304,915658.3252329971,9696175257.0,0.9870478175337808,-241577.87107774714,1366283.8771998044
3529060,Kalianget,2020,828524.8175,-583785.7118166159,796933.796961836,13019237322.0,0.9826857177682836,-87796.56717070792,1577766.617516601
3529060,Kalianget,2021,1646189.765,-258222.1199724023,1531988.0453253693,36299109740.0,0.9531754999160571,-289621.84911241976,1501696.7375071307
3529060,Kalianget,2022,2538220.684,10886.558462962275,1596412.1688420945,338000000000.0,0.6861411044082226,-81085.17821467457,1957642.0785992665
3529060,Kalianget,2023,1899992.013,117385.10520294588,1034492.188182391,537000000000.0,0.5791262491723748,87519.4161530433,2792615.541304404
3529060,Kalianget,2024,1126961.993,-147685.67653883144,1122964.9619616924,1789940978.0,0.9975834696193329,-106593.30959046763,2179842.7140004737
3529060,Kalianget,2025,1003369.857,-59799.48361015326,994830.1534406982,4607551228.0,0.9938030952297162,830905.0572756483,1499342.766173134
3529070,Kota Sumenep,2018,1147396.549,1510485.7104109442,1151489.173175281,6486926165.0,0.9912974356720362,-438873.18364330404,-485783.44818904216
3529070,Kota Sumenep,2019,1782761.127,1585869.323480471,1764030.0924285105,59824218767.0,0.925101881996742,-79700.81617487609,-517015.0617777398
3529070,Kota Sumenep,2020,1270679.85,1626249.3455152821,1275249.665162377,7408311966.0,0.9900736163935047,20064.1326383599,153873.6989448485
3529070,Kota Sumenep,2021,1745287.833,2196219.314285605,1756317.2662072752,14266733870.0,0.9810580977292284,-190511.23944641676,-216163.10835783253
3529070,Kota Sumenep,2022,1619276.28,2442229.571769983,1628548.364555208,6484111089.0,0.9913011793978546,-229669.54676412974,-374487.9612363321
3529070,Kota Sumenep,2023,2291560.89,2735753.701866459,2304647.381069905,17272936311.0,0.9771579413514596,77297.91556153305,-732783.8429601325
3529070,Kota Sumenep,2024,2099436.092,3138956.1509814532,2141271.1858339435,23860232369.0,0.9687192677108237,31402.06523613105,-367963.2446380728
3529070,Kota Sumenep,2025,1361038.771,2616297.2314314405,1378123.556772093,7851548549.0,0.989485968707285,947874.1195728971,-893011.1066095019
3529071,Batuan,2018,630690.5636,414855.66004017997,630690.5636,3.2100000000000004e-21,1.0,-727354.2481251522,716523.0363509685
3529071,Batuan,2019,903973.9047,371635.8941694696,903973.9047,4.8000000000000006e-21,1.0,-504782.10276768514,-32484.845743096084
3529071,Batuan,2020,1177257.246,429068.2173129157,1177257.246,6.4e-21,1.0,-324466.16380241956,227729.57930451515
3529071,Batuan,2021,1450540.587,579922.4577423775,1450540.587,7.99e-21,1.0,-599701.1731439289,591956.3856539329
3529071,Batuan,2022,884928.6456,750027.2599889608,884928.6456,1.08e-21,1.0,-547259.519247517,697703.0166280078
3529071,Batuan,2023,1872041.973,489218.77952726913,1872041.973,1.33e-22,1.0,-372410.40585783543,68135.02441530756
3529071,Batuan,2024,1888122.705,683436.6080710688,1888122.705,1.91e-21,1.0,-648750.6424103336,1175881.2411696892
3529071,Batuan,2025,2604187.019,933372.236284938,2604187.019,1.36e-20,1.0,64393.20439154227,1128555.6984062227
3529080,Lenteng,2018,799049.3461,2264553.411284453,808793.2513361084,3808645670.0,0.9948720696939027,-728720.350298822,-1459403.0024756275
3529080,Lenteng,2019,792834.6136,2122599.0733131594,795497.9227448483,1141944254.0,0.9984569551306189,-320365.25985319685,-1791422.9002953412
3529080,Lenteng,2020,881341.4432,2026133.4410270497,883923.6129547935,1286371016.0,0.9982621385458504,-221953.8670305373,-1600630.3275700228
3529080,Lenteng,2021,1055810.512,2727886.396246743,1102477.7068610052,16337156461.0,0.9783686657517549,-602104.7112323447,-1322580.6244544014
3529080,Lenteng,2022,1282720.301,2969365.1278329543,1309997.546374868,9353739232.0,0.9874995266345054,-375401.1148472491,-1852238.077007928
3529080,Lenteng,2023,1802599.606,3025053.3556152456,1906238.048813961,52709613118.0,0.9334160726058983,-77262.95500420101,-1807910.3279314535
3529080,Lenteng,2024,1388460.284,3321955.292649943,1499068.2936547347,34526629059.0,0.9553598672808804,-318489.24006899813,-1319133.3757655986
3529080,Lenteng,2025,1809401.077,1754080.2402996693,1803506.3841303631,67862804349.0,0.915884360647299,296731.87285343255,-1985368.0055425912
3529090,Ganding,2018,825110.9613,1743328.0298954141,838872.7825987041,8657972068.0,0.9884185912273245,-883632.8672687615,-972245.4433444021
3529090,Ganding,2019,1422724.493,1592574.2811297127,1458530.9565508869,152000000000.0,0.8293892817493626,-580239.9179802857,-1306365.8023783201
3529090,Ganding,2020,742270.2508,1787660.6655876162,761421.2237866848,10618654507.0,0.9858330240165287,-106670.27471754704,-554537.15010879
3529090,Ganding,2021,1220108.058,2521291.228583151,1245213.4507214944,11194822774.0,0.9850757960404617,-238136.28706256425,-1116570.564026658
3529090,Ganding,2022,1558422.615,2659362.1231430643,1662620.3942650964,59484411807.0,0.9254956138073378,-97574.36432630017,-1437145.045895736
3529090,Ganding,2023,1280867.759,2668936.264838112,1290860.9942061692,4126297330.0,0.9944467610492822,226967.78512071993,-1169894.036977471
3529090,Ganding,2024,1891435.558,2612015.342392638,1895493.8412353024,3222852843.0,0.9956573514310266,-177354.55786158092,-1370657.3809087737
3529090,Ganding,2025,1642941.292,1814855.1567170988,1646856.0347830283,13259390749.0,0.9823719677942624,704088.0065433169,-860618.6947212985
3529100,Guluk Guluk,2018,776657.1056,1676057.554251145,781281.006321393,2940500497.0,0.9960363004407372,-1382329.6697510304,-1281553.5174428541
3529100,Guluk Guluk,2019,617807.012,1938999.5109690574,623202.896994513,2333464882.0,0.9968519889098227,-745189.3082745908,-1440037.3923779582
3529100,Guluk Guluk,2020,796117.107,2154163.001858979,798884.7341262015,1162000870.0,0.9984298963084979,-201766.0125356241,-1703090.7635322805
3529100,Guluk Guluk,2021,1120289.359,2841759.970104729,1124752.1830780685,1478988686.0,0.9980024357465598,90528.81863957067,-1582217.5080378065
3529100,Guluk Guluk,2022,1342454.128,2969826.535682089,1427966.4422014642,31558113998.0,0.9590407128678641,522830.32755981,-1783217.4351352483
3529100,Guluk Guluk,2023,1526386.247,2800331.4033227894,1530537.064976961,1860062990.0,0.997489038301755,163755.77613717565,-1519572.9846083997
3529100,Guluk Guluk,2024,1667764.637,2828101.0787885087,1677852.287560528,4990287802.0,0.9932917885575221,-259516.62998769202,-1285196.7166165193
3529100,Guluk Guluk,2025,1895721.69,1869862.1697958997,1895122.4843133145,13497847640.0,0.9820606324366425,975362.2843930104,-1242301.0912276916
3529110,Pasongsongan,2018,760450.6451,1630477.0835867147,809363.6766591514,33896026174.0,0.9561394253616793,-145156.73920919502,-619642.3417934341
3529110,Pasongsongan,2019,985760.5285,1254116.249600063,987211.7359689065,3093861981.0,0.9958304360793983,-27999.88497400449,-980519.9862297195
3529110,Pasongsongan,2020,938668.8081,1069062.6304989278,940238.0278251095,6931261689.0,0.9907068750298671,-29767.01497213693,-439489.43088203063
3529110,Pasongsongan,2021,1037589.398,2386777.3843202866,1064180.0525656014,11440071400.0,0.9847538313726425,200596.63864203554,-189736.55868433416
3529110,Pasongsongan,2022,986977.9711,2226000.1443554987,1012053.0962818938,11753594824.0,0.9843425412951101,264883.511463887,-1173557.2932933257
3529110,Pasongsongan,2023,877988.4472,1835295.2139804268,895397.3458391702,10539450807.0,0.9859372083443159,163713.4990407052,-1154859.6745755512
3529110,Pasongsongan,2024,1511957.768,1892604.5486135127,1556486.252047351,75382945868.0,0.9074260775414426,319549.12762262305,-992591.3123687932
3529110,Pasongsongan,2025,1615059.671,1565316.1916602731,1612420.332486019,31883306741.0,0.958636103461386,539807.6676567512,-339112.34113812284
3529120,Ambunten,2018,764829.8157,1012850.4756746999,773151.0226528978,19753617010.0,0.9739628569634204,-181772.95692006574,11238.340753354409
3529120,Ambunten,2019,619379.5142,858908.0096073796,619653.4737325012,651558755.9,0.9991190016222466,13071.429579665462,-361721.5515905508
3529120,Ambunten,2020,875864.6395,875962.2680619477,875865.0577304808,2448108186.0,0.9966978376088612,157469.82012684742,-361538.562027929
3529120,Ambunten,2021,1260060.835,1505172.1355844617,1270043.8170763454,24159208522.0,0.968339719858465,-79466.9416304497,-47545.77878671419
3529120,Ambunten,2022,1535481.419,1542562.6399776859,1536575.6617313914,104000000000.0,0.8766189408428282,-5603.89951359533,-245699.95870319195
3529120,Ambunten,2023,1436022.366,1360585.6520180374,1431886.666796536,33005064235.0,0.957243013154345,146764.7579777871,53072.45254493831
3529120,Ambunten,2024,1645998.764,1416906.0442084956,1637496.7460354962,21931188355.0,0.9711753449924453,129690.04823794913,144891.74180636858
3529120,Ambunten,2025,1469486.642,1243957.4279952717,1456749.1608652277,34060902530.0,0.9559354806293121,768139.6026208667,330192.8833474098
3529130,Rubaru,2018,707137.2189,2071310.0983455307,759106.5568446345,22535818055.0,0.9704041857097228,-462827.42337816535,-1180830.0923099283
3529130,Rubaru,2019,641115.9581,1435639.7658139595,690094.9220231998,37382054994.0,0.9518458102898628,-408997.99215088674,-1649100.7365330139
3529130,Rubaru,2020,535302.2272,1055992.084928597,536641.8239289469,1467712771.0,0.9980176351280238,-255934.28315648623,-1202049.5297972937
3529130,Rubaru,2021,712361.4755,2168538.6300201314,715376.8208444563,1180729549.0,0.9984046303595608,-506967.81409682846,-800946.5276279078
3529130,Rubaru,2022,963411.0557,2318843.1630877103,979780.9960000222,6956226341.0,0.9906737157081345,723.706979086739,-1647903.5483913727
3529130,Rubaru,2023,840341.6998,2133648.5212999247,870885.7537940446,13763606874.0,0.9817138828894506,39522.23289399169,-1460430.294222028
3529130,Rubaru,2024,1252467.038,2140054.573899207,1255780.228498794,2131997695.0,0.997123000610323,-313949.91914392053,-1426317.5527260564
3529130,Rubaru,2025,1440906.426,1688383.0936216342,1443980.192619057,7156355101.0,0.99040797469993,500093.457466115,-1102257.8120171342
3529140,Dasuk,2018,769923.1831,297959.86866314115,769922.8293295569,426521.5489,0.9999994227751338,-625172.092590456,192567.1129082605
3529140,Dasuk,2019,771353.0315,472989.87472695473,770868.0304822554,926469960.7,0.9987477487879897,-394652.5519145832,217769.74715387297
3529140,Dasuk,2020,644961.5129,697866.6344359514,647933.5488504553,33868269239.0,0.95617376801646,-217952.61345836046,143624.5643300946
3529140,Dasuk,2021,732254.8803,991695.4852331963,733324.4375632307,2355524057.0,0.9968223240701134,-484382.24026984547,-122216.68196787848
3529140,Dasuk,2022,1553131.387,989192.4891430127,1498511.1116166997,61022736415.0,0.9237158390310765,-419428.1349283686,-408527.15594765486
3529140,Dasuk,2023,917585.179,872750.0095732617,914908.5662119916,36126606095.0,0.9533876508626964,-381606.94995763386,436218.55779349036
3529140,Dasuk,2024,1447001.368,1002021.7127535958,1392192.1814985636,79933036219.0,0.9023837985648613,-61014.11242532848,-6589.011453158455
3529140,Dasuk,2025,1398474.977,783650.6290840791,1394916.479603961,3312560871.0,0.9955370133918239,419716.16309848736,433604.1900455423
3529150,Manding,2018,833907.749,1035870.0161431665,838534.0983288347,13340116787.0,0.9822665477345466,-101536.28918047564,211463.37100173568
3529150,Manding,2019,938765.8106,776845.6929344962,937295.5553232455,5214116696.0,0.9929930140825992,107758.09808255275,-261389.88021040044
3529150,Manding,2020,695555.1511,715512.7572436904,695702.6641227171,4237124199.0,0.9942984588223281,152190.89216219189,70590.80318638193
3529150,Manding,2021,1217739.431,1080148.203249002,1209368.861158055,36859583668.0,0.9524868609645144,-231372.23904344888,-6659.480657453649
3529150,Manding,2022,1302524.904,1229052.8316257766,1292608.29425609,88784609127.0,0.8927335631550304,-65791.53544652513,68528.70806858712
3529150,Manding,2023,1463959.297,1115616.935943456,1392057.9740065674,148000000000.0,0.8331298311939952,39164.270630011466,132332.9972382309
3529150,Manding,2024,1848359.86,1354023.6162262796,1832916.0472211638,18350331075.0,0.9757676994659451,248749.1333295731,368128.02888960415
3529150,Manding,2025,1445627.133,1083407.8615211684,1444435.8038769816,1877665780.0,0.9974653359326786,554024.3975383001,640488.9624314818
3529160,Batuputih,2018,709942.0898,883060.096867667,711182.3119530162,4105887876.0,0.994474076646202,-1199912.5959456703,150423.38762761198
3529160,Batuputih,2019,814468.6044,591716.179367889,813793.4823064138,1729838247.0,0.9976644224874718,-1057863.9866899312,-505634.1037702118
3529160,Batuputih,2020,1084646.131,588880.1122517342,1078967.0716578527,6593721641.0,0.9911554309100689,-743602.5350026635,-185669.59543453227
3529160,Batuputih,2021,1193094.522,1721920.8878047934,1215595.2816218424,25286844490.0,0.9669108673142391,-864352.5824564331,257546.39096195553
3529160,Batuputih,2022,2622091.789,1505254.6427798488,2499391.585310192,70230606675.0,0.9132042155995158,-675385.1925303512,-605094.7697954439
3529160,Batuputih,2023,2702051.709,1372337.2613753637,2629095.9089799225,33032032028.0,0.9572095721779909,-674083.2439022056,989494.0081158914
3529160,Batuputih,2024,761247.2401,1437740.4575574237,764276.3685980464,2559355432.0,0.9965482982751892,-597375.2669379538,1380587.4652716392
3529160,Batuputih,2025,898462.4791,638241.4497114113,898445.4195620017,37306172.7,0.9999495149169391,499912.8164223498,-513796.40881968685
3529170,Gapura,2018,996716.5576,1237623.3737778133,998199.0130155327,3523227226.0,0.9952545312088481,-33146.18877039032,103782.58442965051
3529170,Gapura,2019,825619.5452,1049468.8931075875,828435.2472709976,7248625492.0,0.990285501457728,255301.82059071877,-239257.47883697692
3529170,Gapura,2020,1115972.921,912709.3570995317,1111045.2670658834,14137290947.0,0.9812267323399403,383927.2767413724,-210833.22041763715
3529170,Gapura,2021,1200719.583,1279506.0585041542,1201588.2628020754,6343813618.0,0.9914877946527999,187815.7447600005,288424.85638926993
3529170,Gapura,2022,1528582.125,1389444.6023072058,1519305.5090183024,40647935884.0,0.9478581825141493,156964.87502473814,73621.30437173625
3529170,Gapura,2023,1327245.184,1533025.8279533878,1344916.192655428,53453684644.0,0.9325395532193541,576840.0115760468,298583.64135657996
3529170,Gapura,2024,1291176.659,1515805.146903608,1299168.7496287301,20992121165.0,0.9723754869585717,460690.812483187,52563.255165961105
3529170,Gapura,2025,1334762.733,1001248.1393987304,1333253.6998871688,2586311085.0,0.9965120710494353,855849.0802919753,-46816.34083665116
3529180,Batang Batang,2018,723027.8587,1162042.049349951,724225.3235175037,1556315929.0,0.9978982148804598,-1148591.166353553,-272538.2346453684
3529180,Batang Batang,2019,869542.7577,921995.9177794439,869683.7054048547,1533141607.0,0.9979294467099802,-983058.8288070143,-808412.8373310596
3529180,Batang Batang,2020,774914.8242,934574.9915813215,775477.7830089423,2013452592.0,0.9972825352041107,-759611.345934987,-474622.66059492994
3529180,Batang Batang,2021,1035595.341,1750005.3104152451,1054103.1101591773,15133285082.0,0.9799306702491861,-636999.2388384598,-403811.7381084523
3529180,Batang Batang,2022,2366102.387,1757151.4452269457,2365004.6538401903,1027603131.0,0.9986112432750717,-718394.5314536518,-845080.9163232646
3529180,Batang Batang,2023,2293805.358,1999812.2435548056,2270338.7932287958,49359070658.0,0.937383527728596,-545620.3465421627,432682.53743533255
3529180,Batang Batang,2024,1748897.356,2222824.2779547307,1749979.0720757528,1301732185.0,0.9982414224095962,-336298.9091018435,320199.5908336588
3529180,Batang Batang,2025,1435228.965,1590745.9150996518,1438189.6236321488,11042961594.0,0.9852752663694044,364835.2329332343,-395127.2496963197
3529190,Dungkek,2018,987509.8576,643343.7784485279,983592.194281596,6551765539.0,0.9912112146219717,-931539.7941409277,797497.8575268963
3529190,Dungkek,2019,980680.8604,448176.77731579635,978569.1887061431,2265460246.0,0.9969434516123775,-754859.5454548964,177214.54213217553
3529190,Dungkek,2020,988995.0897,443108.13195759815,988936.5491511711,61027839.63,0.9999174159012341,-662020.7537888101,289660.8743900029
3529190,Dungkek,2021,1247970.446,670177.4720027645,1243251.0875539545,4685974267.0,0.9936982851966717,-756655.599715295,414259.39504764683
3529190,Dungkek,2022,1746200.311,851162.6296445639,1741893.841529743,2751072598.0,0.9962906959778978,-696839.476961819,442849.56544887065
3529190,Dungkek,2023,1840120.83,811859.197127791,1809579.8938474695,17418097320.0,0.9769703985262905,-582405.797724571,846988.3408359042
3529190,Dungkek,2024,2533062.989,796081.5343752337,1384744.5121782217,1110000000000.0,0.39964857143459415,-754034.6591471551,1009223.8992588121
3529190,Dungkek,2025,2027075.395,860020.6750105834,1901058.7669462105,68879277470.0,0.9147318772947043,-104551.49788291112,1699855.0323270387
3529200,Nonggunong,2018,1093359.608,536769.035932314,1089088.8373171897,4399901846.0,0.9940807191887358,-901550.0622553205,530341.3068085199
3529200,Nonggunong,2019,1143622.232,334389.50709163124,1143622.232,1.81e-20,1.0,-822897.6101579701,305101.41807182087
3529200,Nonggunong,2020,1276299.594,389384.6550015836,1276299.594,5.03e-21,1.0,-672871.830653763,534083.3488660005
3529200,Nonggunong,2021,1004681.919,1032697.657106939,1004681.919,3.88e-25,1.0,-374320.9859217605,718934.212122872
3529200,Nonggunong,2022,1031441.975,992085.3904280434,1031441.975,8.39e-25,1.0,-375119.8315288513,-7905.574282384245
3529200,Nonggunong,2023,1541897.839,656073.7589110705,1541897.839,5.860000000000001e-21,1.0,-464666.4521859817,-17290.963690251694
3529200,Nonggunong,2024,1333777.054,600269.5312973089,1333777.054,2.13e-22,1.0,-810663.3653193563,675767.8664280912
3529200,Nonggunong,2025,2026230.814,735347.2268814076,2026230.814,1.04e-20,1.0,231638.5383636245,576001.8399782965
3529210,Gayam,2018,1025810.866,1959378.9157065554,1053541.2328364018,17419375470.0,0.9769687475219867,-371338.5825655217,-1046074.1859554532
3529210,Gayam,2019,1097435.174,2645463.791374969,1115359.6575415398,6665811246.0,0.9910595971590704,26467.335870226263,-1264530.4889390995
3529210,Gayam,2020,702015.6222,1665552.6415660996,718469.1257030847,9885473114.0,0.9867982910863747,119621.91433626681,-1658171.7545919013
3529210,Gayam,2021,1233648.943,1997865.1285747725,1240917.9063753502,5464296165.0,0.9926592786095588,-269878.33378052455,-1174779.5083594234
3529210,Gayam,2022,1407875.52,2483883.37702134,1471831.8822747609,35959073399.0,0.9535937787791513,24250.45364139648,-979103.5076913661
3529210,Gayam,2023,1657585.511,3143105.5118502304,1660678.1364361292,1187083439.0,0.9983960589264345,244298.2825836494,-1065788.570000552
3529210,Gayam,2024,1485528.238,2625844.6535558626,1510902.9075285096,12950172908.0,0.9827759845201957,-29842.464788889454,-1425152.3869095468
3529210,Gayam,2025,1472497.347,1116563.5822508927,1472497.347,6.49e-22,1.0,766664.0701819118,-1242361.4869396864
3529220,Raas,2018,470947.8585,962606.0908822516,472051.9145622774,1280653080.0,0.9982698499976644,-637226.8604558497,32614.546102972454
3529220,Raas,2019,875724.3514,504698.61672200914,871987.6591412672,5789042119.0,0.9922264070616229,-554524.9559524743,-667434.4058335876
3529220,Raas,2020,985077.2641,524880.5972921281,983328.9392873417,2169996652.0,0.9970718735078639,-429315.85730406176,36877.572418710566
3529220,Raas,2021,944261.7704,997892.3044088986,944311.4577941911,527671938.0,0.9992863943535568,-497268.58438768296,289350.37427978124
3529220,Raas,2022,863953.8167,1270515.4691163742,868155.6089400344,5942200138.0,0.9920223853914231,-142326.18040932206,-126695.36595491902
3529220,Raas,2023,1118544.753,929743.7105699098,1116206.5694823556,7135322468.0,0.9904358961808625,-298820.8075332096,-384387.62982539355
3529220,Raas,2024,1152679.699,1004980.7295155012,1147942.19894262,18856347530.0,0.9751161135097699,-400236.5533189061,26372.277743285522
3529220,Raas,2025,1651686.19,784049.7737752708,1650230.9557244296,955985972.8,0.9987079053977164,362778.5997356228,62173.09849678236
3529230,Sapeken,2018,769519.3792,1847591.0791392487,789282.962976241,10626271827.0,0.9858230053754939,-495894.10040144634,-821403.9470947272
3529230,Sapeken,2019,769519.3792,1930077.846896284,790795.1389707407,10626271827.0,0.9858230053754939,-174597.71021375112,-1219869.1749874633
3529230,Sapeken,2020,847576.7806,2232912.262488086,860550.3558446048,5379208393.0,0.9927727591812502,107640.02292661977,-1279352.7987299333
3529230,Sapeken,2021,924213.7391,1336818.066698034,927443.1876649735,4488844199.0,0.9939617856728806,25964.698617846436,-1415442.3954014229
3529230,Sapeken,2022,1748525.305,2094367.7513345783,1828799.6834866193,172000000000.0,0.8111792972064109,256077.349597039,-566058.5085389359
3529230,Sapeken,2023,1811693.205,2493015.0770348874,1824462.7042099955,10868404160.0,0.985504648145714,495231.56621187786,-202206.36283223145
3529230,Sapeken,2024,1484491.3,2737428.2148029944,1493517.479290595,4128973436.0,0.9944431795148767,151530.38959633745,-411737.9273320311
3529230,Sapeken,2025,1533051.699,2163638.4463347127,1546045.81175464,11972142350.0,0.9840560467954719,964661.8478960464,-1102480.537570318
3529240,Arjasa,2018,912962.6725,1993589.5773388476,944018.2271318149,16836610750.0,0.9777220920818119,-263832.3866778269,-240866.96713043342
3529240,Arjasa,2019,912962.6725,1390363.3521445394,926682.4335216613,16836610750.0,0.9777220920818119,-142830.50289390946,-948559.6071893891
3529240,Arjasa,2020,824177.7822,1147559.4442072248,833060.9556717714,16072259267.0,0.9787119383076072,-165376.66567380857,-517323.28180842765
3529240,Arjasa,2021,919155.3109,1402023.1210046527,926143.4287528618,8355845429.0,0.9888182144219719,-240054.420190223,-283514.52552285953
3529240,Arjasa,2022,1341138.69,1758965.6931912906,1354212.3758507865,18379554363.0,0.9757300456063434,120900.75163382581,-397680.1698026663
3529240,Arjasa,2023,1919433.452,1924734.5777582338,1919506.869977699,7991318927.0,0.9893008043266993,500409.19698501285,-199874.04501039558
3529240,Arjasa,2024,1441019.116,2223333.622754645,1475048.3001370027,25876864938.0,0.9661649184221824,177871.0833906962,325846.2711739682
3529240,Arjasa,2025,1449557.389,1318763.76318507,1438908.1428627698,50436246034.0,0.9361043458432065,775955.0264189071,-416807.2795784746
3529241,Kangayan,2018,1261612.474,804871.6802534611,1261612.474,2.83e-21,1.0,-1436651.387620371,577203.42140846
3529241,Kangayan,2019,1261612.474,679348.0726157129,1261612.474,2.83e-21,1.0,-985061.4035814506,123270.59688216168
3529241,Kangayan,2020,1062001.408,750854.132512715,1056903.8914981044,9477503370.0,0.9873362210291461,-575836.4520240359,316777.9411822043
3529241,Kangayan,2021,704684.4072,745297.2665773325,704713.1545876176,403059986.6,0.9994548234599158,-554069.8478836626,200378.1862571251
3529241,Kangayan,2022,1518126.934,911274.899311795,1518116.4915072026,9791657.054,0.9999867488141839,-233978.34953523002,-146199.1777493488
3529241,Kangayan,2023,2037298.839,865502.8959721512,1955010.9473240366,42976677782.0,0.9450351428244991,-257603.84160713654,582199.5814239606
3529241,Kangayan,2024,1866112.71,849061.4216815894,1812637.3874604164,31578740377.0,0.9590150390911396,-740438.6164356449,1237197.6518589784
3529241,Kangayan,2025,1744339.254,827846.5343106585,1743587.3151611323,467237090.9,0.9993680727452323,232796.38748012885,1060091.94776411
3529250,Masalembu,2018,737488.2449,1660093.3169069723,750891.6719462477,8388474546.0,0.9887750402935944,-808702.5479101259,440346.8981371907
3529250,Masalembu,2019,737488.2449,771759.5286201264,737986.1314443746,8388474546.0,0.9887750402935944,-599986.4553361669,-1199100.3747804346
3529250,Masalembu,2020,1097214.424,534972.4670554124,1062815.8355075077,37081978815.0,0.9522138858136733,-409763.3214037522,-537355.2608578212
3529250,Masalembu,2021,1246163.07,591601.373959992,1245374.7662025914,686109963.8,0.9990723269058456,-504009.29626950604,267039.77481193654
3529250,Masalembu,2022,2153224.549,676518.0689351729,2148995.2298589256,1634365701.0,0.9977930422683434,-508521.07455977926,510539.67993793543
3529250,Masalembu,2023,1723083.978,743975.2905124868,1482858.0362844632,185000000000.0,0.7997655769848229,-504527.5586309978,1389080.2257088572
3529250,Masalembu,2024,1233128.332,664590.5662267448,1232134.4783951924,996438035.3,0.9986533046983667,-745942.9427688294,1004487.6547902117
3529250,Masalembu,2025,2104532.255,553975.5097125417,2104532.255,1.03e-19,1.0,35837.795813979654,467615.4143917402
3571010,Mojoroto,2018,1160280.514,3844773.119329723,1187481.135890552,5824610719.0,0.9921790186779279,-880029.5135457644,-593621.2875643466
3571010,Mojoroto,2019,1169322.956,1953642.6809838223,1178054.2354239153,6405807823.0,0.9914053250278727,-757866.6179360088,-2920310.517395377
3571010,Mojoroto,2020,1201926.865,895249.2966975963,1198402.398515476,6615439740.0,0.9911265575722906,-456432.99920419464,-1448743.916386679
3571010,Mojoroto,2021,1587774.714,1803940.3227124377,1590389.2426379728,6966569593.0,0.9906599779245913,-229262.78199954523,17192.78967386717
3571010,Mojoroto,2022,1445838.193,1885012.8347431007,1449974.4353354196,5410105473.0,0.9927315491050009,-417755.5382151882,-98195.19607758825
3571010,Mojoroto,2023,1667709.614,1787848.730280577,1673680.3665226775,29758473033.0,0.9612860411934572,-412369.41096862016,-361741.04590892885
3571010,Mojoroto,2024,1647172.521,1915784.2507827089,1653658.9350752728,14080661296.0,0.9813005260920595,-632360.2478916824,-121529.06581544946
3571010,Mojoroto,2025,1763112.305,1510464.0974744877,1752762.2883788145,24306264786.0,0.9681531421998388,-64539.22382874995,-254546.098037238
3571020,Kota,2018,1071977.851,1731499.0772318686,1082022.858534487,8800642153.0,0.9882299936276201,-1241876.2727820785,-1072447.6805708245
3571020,Kota,2019,1240607.517,2027681.6992438708,1255408.6699205025,10905661831.0,0.9854556797606019,-780948.7216269238,-1168196.0579788892
3571020,Kota,2020,1487104.065,2302834.0498042726,1506909.9566285028,14159571019.0,0.9811977023564556,-38349.71235504723,-1163515.037246407
3571020,Kota,2021,1791906.274,2593424.2056957413,1819062.3058586263,19954905793.0,0.9737045158910683,212896.13276305742,-923244.716507785
3571020,Kota,2022,1938190.293,2900339.1496799267,2103445.4596119644,118000000000.0,0.862297058710469,142031.89236812253,-762313.0461755523
3571020,Kota,2023,2130397.054,3268134.206904432,2455864.606398422,228000000000.0,0.7641990106985127,130212.63122064673,-862309.413463675
3571020,Kota,2024,1823808.006,3415629.390077189,1912963.6173697445,33760870584.0,0.9563066717428168,-116765.29556721932,-1046173.8007365945
3571020,Kota,2025,1457549.324,2724323.671530773,1480813.7036426517,10645585551.0,0.9857976040118074,647283.037756979,-1572336.7825686275
3571030,Pesantren,2018,898967.9885,-540696.8824428568,886169.2001458975,5104027337.0,0.99313994266547,-2632163.7899658005,760120.6055122683
3571030,Pesantren,2019,941471.7684,-330423.77814092237,932876.1450072121,3871669332.0,0.9947876574265454,-1672389.626171115,679059.6096628868
3571030,Pesantren,2020,1106090.669,228435.33331505413,1097193.8786423537,5827222709.0,0.9921755388772431,-463051.9033800431,810710.4684026717
3571030,Pesantren,2021,1325810.651,484674.44300616346,1315456.7055252932,7091628994.0,0.9904939056726415,-232216.32364735522,869370.0750083688
3571030,Pesantren,2022,1368211.668,633898.0512722669,1353711.904642495,11462202128.0,0.9847247883004184,-456731.3445115458,947933.7086597532
3571030,Pesantren,2023,1245122.922,704975.9562064367,1236864.6239345954,8834809007.0,0.9881848386622097,-537789.6767671152,834695.3114394727
3571030,Pesantren,2024,1133256.121,804447.4625806455,1129994.5350986663,5700886253.0,0.9923438774748519,-938396.4466522248,568823.6434361462
3571030,Pesantren,2025,1477975.99,485562.63148228877,1454604.5892844985,13723646066.0,0.9817660061396531,-52035.80373224685,223028.85739787132
3572010,Sukorejo,2018,1268807.596,514361.7614174375,1246829.2621542753,17073940157.0,0.97741515429632,-1829168.4951458322,-489592.60894369904
3572010,Sukorejo,2019,1166689.958,1056491.5729371426,1164869.1575468206,9559831423.0,0.9872276198560809,-1196649.528850119,-38838.5641344334
3572010,Sukorejo,2020,1309001.08,1649812.0688142981,1314556.4110882978,9428903274.0,0.9874003419535532,-459366.4338103641,-426343.79550208384
3572010,Sukorejo,2021,1402555.97,2105463.93776868,1411844.9063188543,7620304642.0,0.989792467231377,-306444.8632604539,-647015.9156974587
3572010,Sukorejo,2022,1449908.935,1994179.0281666338,1463668.0487251282,14757861587.0,0.9804187971393596,-457060.67074927635,-954236.0011897946
3572010,Sukorejo,2023,1715466.847,1760086.0574364765,1717331.4760040743,24816305409.0,0.9675065848379257,-478181.7611968132,-875319.1689799363
3572010,Sukorejo,2024,1605286.713,1874468.6322884604,1613185.3417967155,17201543438.0,0.9772502048035487,-496133.3147724258,-409396.0747445943
3572010,Sukorejo,2025,1624836.872,1589626.7501143354,1623919.798198883,15216877600.0,0.9798220491305832,58088.46973849958,-529939.0168580073
3572020,Kepanjenkidul,2018,1156053.944,1559407.8270455154,1160017.7527134595,5647324839.0,0.9924152632973924,-1197391.006279192,-1066677.4061653854
3572020,Kepanjenkidul,2019,1199828.649,1735646.6601232889,1204085.3153063755,4556627882.0,0.993871164590479,-641526.5630224138,-975797.012972004
3572020,Kepanjenkidul,2020,1396330.54,2074288.2780651734,1406992.5725516796,9091782197.0,0.9878453546949126,-145323.35140028075,-939022.3217566668
3572020,Kepanjenkidul,2021,1436298.085,2304822.5550077353,1449409.0832520653,8721416414.0,0.9883347143632635,-148495.32246385887,-856262.2441509459
3572020,Kepanjenkidul,2022,1580741.946,2446417.829199146,1649292.7413252315,48934298736.0,0.9378889202710508,-222307.64225696767,-1005176.5848111245
3572020,Kepanjenkidul,2023,1574028.613,2838383.153391056,1628059.3377557576,25401921119.0,0.9667652882491065,-136701.42507969338,-991511.0809631934
3572020,Kepanjenkidul,2024,1250310.947,2777751.585527051,1286450.3522688132,13789323910.0,0.9816803415621669,-253338.66487250238,-1353228.536178534
3572020,Kepanjenkidul,2025,1495514.411,2219171.6042318195,1515411.5098818701,16087644843.0,0.9786919939989759,467128.303546493,-1701131.5143512462
3572030,Sananwetan,2018,1636521.083,1969990.2024513977,1643977.3646299741,13014124291.0,0.9826923998990742,-1220625.9574359325,-475390.8690796314
3572030,Sananwetan,2019,1390909.319,1641678.5168807742,1397623.8284925022,15655050975.0,0.9792530751037369,-891274.9937264211,-760182.5349913905
3572030,Sananwetan,2020,1400424.336,1540581.4340379455,1402645.9254617325,9164632935.0,0.9877491549569404,-477567.0827482122,-669171.2984507114
3572030,Sananwetan,2021,1887218.382,1507554.1428250303,1859425.6205400329,44944337601.0,0.9426629024297896,-594117.7702534542,-364637.5330359752
3572030,Sananwetan,2022,1454156.516,1896987.5416608287,1467460.5736561613,17624671495.0,0.9767036361721406,-556857.343752656,171068.73498569615
3572030,Sananwetan,2023,1590037.538,2223546.0323486733,1616267.325845596,24577294501.0,0.9678094615063674,-570620.3825779357,-473728.05044697574
3572030,Sananwetan,2024,1521880.104,2158326.5315465345,1544483.5720651734,20952948633.0,0.9724256144926258,-968311.566395294,-767141.6131918605
3572030,Sananwetan,2025,1746590.702,1754820.555103588,1746831.0082251173,17114736654.0,0.9773624116544966,-112276.35990497204,-929249.974573985
3573010,Kedungkandang,2018,1244817.645,3589369.008963686,1304863.8826914714,14956191358.0,0.9801608675279465,-1798653.0181064736,-1022985.9638679356
3573010,Kedungkandang,2019,1442581.885,2431069.206158612,1474908.161223362,19237648377.0,0.9746256956643313,-1302079.515609353,-2820913.6130265244
3573010,Kedungkandang,2020,1604320.641,1946958.7581999898,1628921.2007328102,44014313070.0,0.9437826680320528,-556838.4060986638,-1653638.0616011654
3573010,Kedungkandang,2021,1417819.867,1765086.5867362039,1422185.1141960232,7243806503.0,0.9902918970958996,-390068.5769371365,-499455.6285492743
3573010,Kedungkandang,2022,1493663.193,2358840.488262587,1552696.751385568,41669071846.0,0.9466182270063837,-542300.0061911464,-133947.24935804075
3573010,Kedungkandang,2023,1659385.449,2579934.5540912934,1712186.9573831318,34624240736.0,0.9552393122719266,-695193.0637687861,-581335.7600732828
3573010,Kedungkandang,2024,1551889.957,2985513.444551798,1634372.0424241254,34736509791.0,0.9551006923279675,-1137067.0473982827,-816396.3948549503
3573010,Kedungkandang,2025,1608112.006,1890146.3046982358,1614534.3570086642,13259383954.0,0.9823719766687992,-299196.6886419288,-1482041.2573217596
3573020,Sukun,2018,1489069.834,4744484.231581545,1643536.677678951,28344460834.0,0.9630576277346319,-1215360.0195730906,-990704.3041626792
3573020,Sukun,2019,1347157.959,2864272.9995897603,1383112.4272602175,13812684001.0,0.9816498762561168,-731407.5253687847,-3519765.49164352
3573020,Sukun,2020,1255043.178,1392999.0837979263,1263071.66131952,35160904245.0,0.954577050712976,-223234.18474308855,-2105247.0506310705
3573020,Sukun,2021,1453871.57,1676202.8657918351,1458719.3950145482,12683760388.0,0.9831243394162061,-248724.26455535894,-303093.14253324596
3573020,Sukun,2022,1667396.886,2376946.180158911,1711889.6684360146,38067851358.0,0.9510056750648126,-395042.34889717377,-19111.40516773914
3573020,Sukun,2023,1949248.031,2768013.159600874,2061369.2943073101,90284820397.0,0.8911184088969905,-426345.2856314763,-405789.50614499627
3573020,Sukun,2024,2013430.585,3066256.671642096,2295261.0312530473,208000000000.0,0.780339790934806,-748925.805834076,-584865.6532102753
3573020,Sukun,2025,1594494.204,2018390.6340904098,1609336.4379383754,20646468095.0,0.9728179839434227,128628.7769564914,-907662.2979447516
3573030,Klojen,2018,1270413.144,4606976.846117479,1352613.1763111914,14372531006.0,0.9809203112287489,-1178229.3273301427,-3022764.7711197976
3573030,Klojen,2019,1571575.374,4605249.794097958,1822306.411743336,51266193953.0,0.9351211335983514,-731519.2534809697,-3929173.4387322525
3573030,Klojen,2020,1792409.971,3726988.230687369,1980371.9447553412,61235016681.0,0.9234707773121529,-250051.94755218126,-3597645.207471924
3573030,Klojen,2021,1878919.204,3754190.9438842493,2074852.775741815,66389293295.0,0.9175602020451077,-323464.1734497171,-2318401.1149832495
3573030,Klojen,2022,1765253.92,4393905.168451061,2325144.9686748167,154000000000.0,0.8275315744297764,-442889.63218185556,-2016710.9802843225
3573030,Klojen,2023,2197273.902,4650151.061356107,3139647.0288731214,355000000000.0,0.6754781399379437,-467460.3356491792,-2684711.6351572145
3573030,Klojen,2024,1678132.508,5053824.597946076,2204003.8398133423,105000000000.0,0.8755801907340801,-785604.8767081072,-2636757.7627713094
3573030,Klojen,2025,1289296.617,4657794.570036598,1325960.6490815096,6261584242.0,0.9915972038837013,180995.98156293566,-3598823.9841685058
3573040,Blimbing,2018,1411615.839,3773770.8240246954,1540055.738854867,32718962959.0,0.9575979323627984,-1437579.8607678278,-685725.0856013678
3573040,Blimbing,2019,1527571.171,2932418.224988387,1593612.518204888,28068920994.0,0.9634036063447179,-1150558.1097728582,-2731633.26978469
3573040,Blimbing,2020,1500691.334,1835108.8871581813,1510879.8863176794,17880842216.0,0.9763730289215178,-614222.8042153093,-1990804.0649902532
3573040,Blimbing,2021,1866698.862,2075515.8680539085,1881296.9536042693,42769277240.0,0.9452858838068736,-513485.9892188524,-606658.8189837772
3573040,Blimbing,2022,2062657.775,2283139.0283203525,2094106.94380718,94667519368.0,0.8864332169958019,-664456.697823348,-147514.72145785578
3573040,Blimbing,2023,1913903.244,2158085.5864366987,1943864.9638622995,79585291433.0,0.9027671807986052,-707470.0471544316,-72480.99696684582
3573040,Blimbing,2024,1701146.938,2184534.9610467916,1731525.1142427581,38157631033.0,0.9508958001955122,-1222940.5515931337,-119983.46921830671
3573040,Blimbing,2025,2360377.92,1907567.17420687,2307091.871934442,75892215208.0,0.9068589211626005,-626582.711484109,-475395.7973887464
3573050,Lowokwaru,2018,2531224.415,6066901.342254987,3042972.881024599,96296917609.0,0.8847038964165556,-140340.70465105982,-2438350.9723388785
3573050,Lowokwaru,2019,2124925.438,5451658.380400844,2283927.368905892,28561528871.0,0.9627852435521718,-163098.1561722742,-3685611.3663428826
3573050,Lowokwaru,2020,2524691.53,4323805.790787226,2754704.190558473,83411902164.0,0.8985662603294515,-182061.5625941609,-3666500.350974991
3573050,Lowokwaru,2021,2426412.795,4338300.094757604,2581343.209732781,50176796216.0,0.936412131918789,-305393.0337438328,-2143881.3132381295
3573050,Lowokwaru,2022,2441102.457,4676502.381079039,2633669.6708469307,53638533137.0,0.9323220561353118,-350720.1706512342,-1977441.4678929541
3573050,Lowokwaru,2023,2493442.295,4734581.1363070225,2720268.6250426,64075789339.0,0.920203786170955,-278217.9746251703,-2226668.219048184
3573050,Lowokwaru,2024,2866104.093,4719895.235115707,3164123.7763191024,109000000000.0,0.8714496915187048,-222473.01095358515,-2272431.2067692867
3573050,Lowokwaru,2025,2742952.927,4742269.835000755,2998228.4217134984,83287472369.0,0.8987022464627956,317967.5570139547,-1868328.317373089
3574010,Kademangan,2018,1191972.612,971900.1308755267,1188401.1117561527,9386812971.0,0.987455880860829,-677249.1853452661,564649.762119525
3574010,Kademangan,2019,1370238.423,624754.102107209,1321206.4758032144,40060380199.0,0.9485731190872899,-621337.8915479702,49468.748020852916
3574010,Kademangan,2020,1342929.381,868345.1367228494,1326191.7679602555,20801796767.0,0.9726190859910755,-369702.5165724572,482846.97718489845
3574010,Kademangan,2021,1400779.715,1066695.0955729354,1396219.5000132374,7874537993.0,0.9894555080911778,-472201.876064542,412151.858946003
3574010,Kademangan,2022,1541861.602,1054152.184117821,1512457.7736282183,36506993977.0,0.9529199621109369,-582291.4456159779,278829.1190467372
3574010,Kademangan,2023,1947881.531,872564.8599349464,1814248.804350723,80748602167.0,0.9014859282141584,-603889.1422044346,397521.568481124
3574010,Kademangan,2024,1851141.306,931434.9066075153,1791254.3383877787,39632586500.0,0.9490943364607851,-433704.28702961135,961412.2940047774
3574010,Kademangan,2025,1766043.801,1031831.4208066759,1748103.6170771134,14252010930.0,0.9810772754411281,-94966.47843305483,982593.2066195707
3574011,Kedopok,2018,1028655.977,1118662.5064457199,1029892.173858346,7924048728.0,0.9893899135909636,-179622.12072166198,-121070.54664360697
3574011,Kedopok,2019,1025652.511,1326700.704942142,1033797.1976563995,15822574808.0,0.9790357177258727,-66512.01129558923,-296493.27302366984
3574011,Kedopok,2020,1001460.535,1489010.4926306126,1009646.4355839709,9716913745.0,0.987020474559833,16214.012004160726,-503403.17395597545
3574011,Kedopok,2021,1427494.886,1272520.1627772022,1420447.1369959058,27110055322.0,0.9646095357752205,89297.2133339702,-640477.615759184
3574011,Kedopok,2022,1284829.166,1415708.921313799,1291734.1972325384,31692744239.0,0.9588731625964957,-37623.344065662124,3874.0799629751127
3574011,Kedopok,2023,1514501.753,1345347.5124038828,1492265.7941525737,86120664092.0,0.895616089693384,-75101.28322758638,-161825.61801829864
3574011,Kedopok,2024,1392762.258,1270039.4040549737,1379628.8803574112,68192235796.0,0.9155105313397851,-21542.64224293077,48680.7406718852
3574011,Kedopok,2025,1666882.637,1378032.773680928,1659098.1877990412,15759695794.0,0.979117290134051,599919.5906448525,66406.62509567942
3574020,Wonoasih,2018,1085902.475,304713.1436723707,1039701.029764105,35768664802.0,0.953828160860861,-1182433.8529428479,349361.22812321316
3574020,Wonoasih,2019,1130586.95,287545.14570168906,1119448.1952344093,7618882488.0,0.9897943527900366,-1236590.0829079906,317327.2637018636
3574020,Wonoasih,2020,1100752.324,486468.9570019512,1092961.239071482,7309707668.0,0.990204441925053,-929369.1502026131,344102.2051823352
3574020,Wonoasih,2021,1181092.548,617692.1551287682,1177545.7135030378,3604905047.0,0.995145052668198,-643311.1353670309,279770.9550548899
3574020,Wonoasih,2022,1143484.501,637189.2581532953,1133624.9136982036,11301162494.0,0.9849361664223232,-844754.509222155,319891.3909402869
3574020,Wonoasih,2023,1110427.033,666253.7666650896,1094414.5423132195,21280379109.0,0.9720067735912488,-820960.93864004,243231.39314287994
3574020,Wonoasih,2024,1323946.943,684233.0536388259,1299355.4146350946,22748426139.0,0.970133311188554,-663297.8110163102,127651.12732839992
3574020,Wonoasih,2025,1501674.807,669455.9253281166,1485310.647479877,11413220869.0,0.9847890707383581,-285475.6338122088,371239.1455253472
3574030,Mayangan,2018,1418972.911,1136557.3421652883,1415192.5069533938,7720219410.0,0.9896600135124467,-628115.929410553,224962.88956946688
3574030,Mayangan,2019,1329145.974,1274885.7592259448,1328407.2115220972,7854242190.0,0.9894823995824993,-451604.90339418175,126871.6916114043
3574030,Mayangan,2020,1206261.622,1239067.9255708838,1206877.9339738642,10894494678.0,0.9854703564273452,-259074.5402494526,-40776.040052044205
3574030,Mayangan,2021,1487809.584,740524.2687747321,1472944.9049231326,11548413193.0,0.9846116662775704,-655548.0449328873,-44874.72153539234
3574030,Mayangan,2022,1355641.434,1133997.932871911,1348909.5142242906,17824052843.0,0.9764463004948133,-216408.53348038252,576720.8909700763
3574030,Mayangan,2023,1275378.26,1299231.7010164412,1275803.1134071895,10318589763.0,0.9862278447020288,-276730.7345681925,332743.844372567
3574030,Mayangan,2024,1404349.839,1174305.9706850243,1392351.068532793,31312501736.0,0.9593465335863333,-378700.47138863313,-2145.6553892921656
3574030,Mayangan,2025,1553981.719,1141260.0458363295,1543453.1239217122,14895777632.0,0.9802394217351771,321252.6049935373,165617.74524972308
3574031,Kanigaran,2018,1302040.135,1173108.7931541968,1296127.6672927714,27347925153.0,0.9643100943145786,-902227.8145704569,-360517.6942350323
3574031,Kanigaran,2019,1291878.817,1666133.5670622252,1301182.2301724246,14505566649.0,0.9807471051698635,-674109.5614167918,-186122.46828171378
3574031,Kanigaran,2020,1283223.223,1762415.5735491475,1301318.8721621248,22331068369.0,0.9706651912139211,-351199.58341182495,-562072.0194383711
3574031,Kanigaran,2021,1548543.923,1348275.8461510895,1545387.9624564063,9110570919.0,0.9878205423070947,-320374.2881781416,-591978.2378279052
3574031,Kanigaran,2022,1476199.308,1488347.8015309966,1476716.3335998592,25293263504.0,0.9669027457092572,-427675.3500640594,61869.827547036344
3574031,Kanigaran,2023,1421517.785,1905635.645716481,1431543.3607560094,12032996323.0,0.9839763028506274,-325815.06739222433,-46064.348735763924
3574031,Kanigaran,2024,1386943.385,1828656.2132316907,1401815.4342004373,19825870205.0,0.9738701089124558,-100324.85398536557,-510912.61458737054
3574031,Kanigaran,2025,1550613.399,2286384.534723156,1560251.867291437,7552998468.0,0.9898817127985775,256448.90842668046,-490261.8959690004
3575010,Gadingrejo,2018,873447.1086,1551658.6768977847,875168.0398281999,1447535003.0,0.9980448349270944,-157586.5290929242,131094.66258904355
3575010,Gadingrejo,2019,1112085.536,1018750.6653351432,1110863.8113078657,7547082288.0,0.9898895582100813,-329936.30180065776,-817538.2735491862
3575010,Gadingrejo,2020,1278259.406,889607.1394352785,1269814.2936715228,12638993628.0,0.9831828996406519,-343418.15307750384,-262213.59505498665
3575010,Gadingrejo,2021,1704362.727,1012498.7379700672,1632494.9463345502,65958770125.0,0.9180509993962651,-112780.59371813829,174975.17320980504
3575010,Gadingrejo,2022,1405405.649,1118047.5213585843,1394172.9431070595,23147566723.0,0.9696251921113223,-144178.42931327847,626158.4421674311
3575010,Gadingrejo,2023,1403517.78,1133891.4174070728,1396839.2869141533,14452273553.0,0.9808164828935109,-323735.54573127226,336548.44963367376
3575010,Gadingrejo,2024,1504704.009,1272361.343274524,1499039.0666902617,14220471563.0,0.9811183603092037,-180832.8543411636,172387.95277967094
3575010,Gadingrejo,2025,1572800.259,1118982.4726049497,1564080.2352631069,11147811200.0,0.9851375373181582,354658.0364626764,185252.55735842092
3575020,Purworejo,2018,1461824.793,1222903.3948518138,1453582.459383456,20331496987.0,0.9732215534389486,-536894.6109010595,-582310.643344613
3575020,Purworejo,2019,1123001.828,1769334.0703706834,1133664.6231146532,9544805331.0,0.9872474394002299,-420785.26990414795,-33672.223535059486
3575020,Purworejo,2020,1310186.542,2027348.0526665736,1321514.4227810232,9132163364.0,0.9877920288617474,-267844.8801566383,-763831.833526342
3575020,Purworejo,2021,1433552.321,1971603.4318702922,1443643.743517814,10876244829.0,0.9854943426179578,-229456.90066094295,-874069.0373883559
3575020,Purworejo,2022,1691864.295,2056776.9217814063,1713705.2947247894,36225556023.0,0.9532659472727916,-106734.4307636905,-724363.9443369582
3575020,Purworejo,2023,1714302.926,2447475.684124523,1759157.2368428288,37080205160.0,0.952216062237469,-170340.59158399593,-445422.24762777146
3575020,Purworejo,2024,1761662.874,2519670.3308189246,1795355.09408141,26468501627.0,0.9654180809589882,-456666.26798730425,-787861.9489124576
3575020,Purworejo,2025,1781628.187,2019016.0068581782,1797924.7275924645,41942195394.0,0.9462871254333136,581730.7786398205,-935893.0137608184
3575030,Bugulkidul,2018,1314721.906,647241.4318837454,1297965.5146749646,14652474130.0,0.9805559096933453,-450605.37848224037,530220.558488023
3575030,Bugulkidul,2019,1271376.452,695520.8267422286,1239018.804313291,33877110342.0,0.9561628289707713,-431636.3823224912,424417.0849012133
3575030,Bugulkidul,2020,1290800.807,809444.8511396802,1265288.153194275,31846917808.0,0.9586813621213833,-362226.44620009995,329954.68705081637
3575030,Bugulkidul,2021,1254489.949,481281.59194433154,1222918.4656487664,24223172487.0,0.9682585567313248,-203387.49208181544,280627.2527301484
3575030,Bugulkidul,2022,1415521.124,670590.281029728,1377870.445279836,30290656085.0,0.9606209670832617,-338891.2649789885,578772.8768413664
3575030,Bugulkidul,2023,1372887.481,890104.7646008146,1347123.8178424144,32077510448.0,0.9583946352443631,-432100.0715221979,610357.4687051476
3575030,Bugulkidul,2024,1692264.186,1040084.6242313875,1650241.3057999653,39189686805.0,0.9496345625831185,-483311.06957711134,302417.5161983948
3575030,Bugulkidul,2025,1975416.57,858721.0063536835,1713909.3554627541,174000000000.0,0.8094021822193258,432043.86507485784,448245.7544755575
3575031,Panggungrejo,2018,978663.3887,815056.4374806719,977523.8146072325,3991202354.0,0.9946275973215434,-1444704.2966318624,-35296.28052686638
3575031,Panggungrejo,2019,1038959.82,571486.7041880194,1034803.3159108044,5104787750.0,0.9931389276461898,-1135241.1032268084,-314608.50516926055
3575031,Panggungrejo,2020,1029224.91,1000870.0715141064,1029056.4970599546,3399873842.0,0.995419916111566,-600750.2060966021,9531.082791123888
3575031,Panggungrejo,2021,1268722.472,1234434.574577534,1268299.3763003927,7109145829.0,0.9904706486903645,-585495.7896280658,-125985.19094913371
3575031,Panggungrejo,2022,1653097.167,1404465.5765639953,1618564.9791054684,91777450442.0,0.8895172064219069,-885536.2414509803,-99831.47856153036
3575031,Panggungrejo,2023,1537134.193,1389343.9764900208,1512287.1405244628,115000000000.0,0.8653264994940989,-899505.221390689,65997.87064589863
3575031,Panggungrejo,2024,1327694.208,1412066.7595558162,1335376.1151778572,56997265086.0,0.9283876881177203,-1187919.0398400147,-45146.604670437984
3575031,Panggungrejo,2025,1625862.326,986208.2841033307,1608036.0664820473,16312384586.0,0.9784007566962661,-199062.20833693203,-362417.54793431703
3576010,Prajurit Kulon,2018,1037648.812,533200.0133796895,1033624.6235489944,4575799640.0,0.9938455365603913,-1090281.016878873,-3532.3864577854256
3576010,Prajurit Kulon,2019,967146.2424,1152107.6104279452,968783.87916238,5083071749.0,0.993167915552162,-709658.0413009716,5379.08638886665
3576010,Prajurit Kulon,2020,1163355.012,1356092.1869238648,1165346.8478621147,5941922209.0,0.9920227555444253,-349943.6755996629,-494957.3735334348
3576010,Prajurit Kulon,2021,1341121.119,944821.3081593516,1336370.5846415537,6903723460.0,0.9907434552825177,-298477.0153097963,-433302.8951186477
3576010,Prajurit Kulon,2022,1464987.259,1189670.301282936,1454900.8199252733,21639226067.0,0.9715481597070079,-427756.29533482017,149360.7399279205
3576010,Prajurit Kulon,2023,1458877.572,1158285.9017117957,1451356.846716494,14602066077.0,0.9806215057908639,-240121.315848635,167654.30090879207
3576010,Prajurit Kulon,2024,1451279.824,1383999.4036878785,1449975.863387294,11246122628.0,0.9850084317049518,-205815.87618008244,193539.41648019687
3576010,Prajurit Kulon,2025,1522587.225,1340590.9393249338,1514537.6313218833,26332078059.0,0.9655901893249698,176566.27904620534,39851.8557592358
3576020,Magersari,2018,1420360.614,1729653.062669973,1429001.533438812,16353996028.0,0.978346851987672,-128215.47003438932,-648346.8379398121
3576020,Magersari,2019,1515271.635,2150371.4288470084,1522191.722268129,6268375694.0,0.9915881666904539,-91011.64928789521,-573761.650703684
3576020,Magersari,2020,1493367.188,2249311.944578382,1514579.6569898627,16428179680.0,0.9782507669945939,-21539.643419474203,-803572.5567616809
3576020,Magersari,2021,1536380.746,1797337.735456259,1538901.526521163,5550204965.0,0.9925447293592192,161994.01622656162,-885633.7894154224
3576020,Magersari,2022,1635447.529,2154751.813377192,1649194.547584727,15472678884.0,0.9794898074199888,119436.37152235438,-391129.12177428487
3576020,Magersari,2023,1613050.407,2262072.930377572,1621269.636250962,7298501596.0,0.9902193120280087,-8768.120802557736,-501494.63524587825
3576020,Magersari,2024,1728421.157,2506375.8120344398,1750282.0388881848,16452025174.0,0.9782198855709777,-244456.54388084845,-723173.5269398771
3576020,Magersari,2025,1691000.508,2160691.277335017,1704443.7161323903,16766009795.0,0.9778134374035764,139681.94666055794,-888742.9089436487
3576021,Kranggan,2018,1225328.893,2033064.891679597,1243104.0083588262,12803661686.0,0.9829675286744786,23046.948538569966,-811186.6242709646
3576021,Kranggan,2019,1348829.379,2554834.559500536,1385010.006440774,17598786014.0,0.9767370557541014,125324.26154901455,-1000160.2243141255
3576021,Kranggan,2020,1553938.426,2519886.8780341563,1581166.6999339843,16504839558.0,0.9781514945427243,48440.426436938666,-1340111.7027871644
3576021,Kranggan,2021,1800771.935,1959848.8532069179,1808244.4550668218,28046756133.0,0.9634314482148194,182236.14174660842,-1140819.2356723924
3576021,Kranggan,2022,1992053.366,2463564.0906498157,2015343.5728739707,29567115797.0,0.9615254072662428,86058.61723046374,-314808.23719154205
3576021,Kranggan,2023,1820488.478,2348961.5290811085,1837091.046551174,18456210923.0,0.9756312883470476,112924.2351855973,-408835.41806620033
3576021,Kranggan,2024,1825191.759,2780694.614733523,1872006.4250054166,29315303498.0,0.9618405774334301,-84280.14185558763,-543024.8272544199
3576021,Kranggan,2025,1725468.021,2680787.7832984743,1762773.5610860295,23123377606.0,0.9696559705004627,413644.6313222263,-960881.7112220419
3577010,Mangu Harjo,2018,1388588.858,1758193.0343929688,1400343.5624200844,18691264414.0,0.975328591647457,-64400.42653327412,-422086.119209112
3577010,Mangu Harjo,2019,1346541.617,1603097.079960172,1354931.3255469522,19236779726.0,0.9746268123368819,-128655.68004561309,-548910.3102057711
3577010,Mangu Harjo,2020,1581353.018,1673401.4194048054,1589439.942365191,54806322288.0,0.9309503495650688,-151603.90424645826,-456231.5819697317
3577010,Mangu Harjo,2021,1574592.986,1615386.16272027,1575122.617556154,7484954947.0,0.9899719524221362,238739.06303561915,-192394.702707947
3577010,Mangu Harjo,2022,1475682.19,1861190.9505593756,1486448.5096516642,16347891158.0,0.9783547600473727,186958.86953431944,7792.044980319217
3577010,Mangu Harjo,2023,1708493.445,2375621.197027599,1743060.787985144,31095055850.0,0.9596174461497878,136797.23829617427,-247778.19306180533
3577010,Mangu Harjo,2024,1627986.805,2617117.113826934,1669935.22289596,25200522686.0,0.9670200985267517,9265.822231382539,-561160.9244060398
3577010,Mangu Harjo,2025,1460440.411,2083418.1918454275,1467709.3254661788,6717713840.0,0.9909906108865587,350873.2165153259,-893522.2523901209
3577020,Taman,2018,1455866.558,3344710.0588773624,1536096.9849214135,25241827021.0,0.9669678291327435,-33554.47994512791,-530015.188006232
3577020,Taman,2019,1526701.845,2902485.1111923056,1580258.153522688,23047932660.0,0.9697519796908599,-714326.3563999005,-2002172.9935209204
3577020,Taman,2020,1426847.395,3047308.7166872267,1456482.8606765086,10600258687.0,0.9858572198640936,-744604.3305188902,-1952933.2126004954
3577020,Taman,2021,1647504.807,1021912.9474350729,1629406.1148107774,16952476273.0,0.9775722192854106,-88756.2117340157,-2135123.5888557723
3577020,Taman,2022,2005270.836,1367453.4045036084,1952865.8488484267,50937545927.0,0.9355102250984838,-31023.612096894183,231435.58144124201
3577020,Taman,2023,2142803.241,2012610.5391556441,2129745.4865186573,63432139621.0,0.9209419795979865,-229697.53483421466,733510.1863339304
3577020,Taman,2024,2242929.021,1964044.6904600642,2194693.1457969,119000000000.0,0.8612919533267225,141739.66408181458,265441.1792876902
3577020,Taman,2025,1990987.741,2425389.556313787,2018606.6258544582,38634097169.0,0.9503131123018588,1006544.1381520013,450630.93372036424
3577030,Kartoharjo,2018,1547424.655,969540.7096482964,1539243.369254421,8171478897.0,0.9890622350095951,-420536.0113664187,983936.0844164735
3577030,Kartoharjo,2019,1419573.926,690432.5183009512,1391620.5089822463,22684425411.0,0.9702148357642376,-582837.2330025082,434400.4535143564
3577030,Kartoharjo,2020,1741389.475,817716.8494848942,1711335.4652621243,19137163371.0,0.974754888623733,-594137.4579521485,466497.4146244436
3577030,Kartoharjo,2021,1733055.747,1011621.270317272,1718764.4169735461,11499862844.0,0.9846753685188024,291288.103621951,730501.2623829874
3577030,Kartoharjo,2022,1916230.058,1127760.0333229834,1841164.9865994777,59872739599.0,0.925045688599105,373420.04713268747,888171.2900161115
3577030,Kartoharjo,2023,2193134.421,1126735.2555209952,2097812.936278963,55855272487.0,0.92972166996592,732538.0912125113,1031461.8852408712
3577030,Kartoharjo,2024,2199369.151,1273022.582963925,2101251.4626577096,67409993723.0,0.9163986955778848,852354.8001093448,1398616.033620596
3577030,Kartoharjo,2025,2108277.476,1136703.7748238016,2030855.4484097164,49269788276.0,0.937489710461891,971064.2358451118,1402014.3642664577
3578010,Karang Pilang,2018,1997859.845,1288842.0700459518,1887407.7920106605,105000000000.0,0.8755801907340801,-72398.31719677219,999744.3025559161
3578010,Karang Pilang,2019,1728424.741,1346725.2919119834,1657883.430172451,129000000000.0,0.851368286767305,-94239.05734772563,894105.7275433529
3578010,Karang Pilang,2020,2051901.128,1883460.1379888987,2011593.4532840597,179000000000.0,0.8049932752769149,87372.7786673136,552182.8732856943
3578010,Karang Pilang,2021,1537533.734,1173700.3635253909,1535774.7937621875,2764270742.0,0.9962729670861551,309435.19270464545,411132.4982767971
3578010,Karang Pilang,2022,1600757.975,692953.9475488829,1573478.3079054097,17628892910.0,0.9766981863097116,672025.1881641878,573804.1859515703
3578010,Karang Pilang,2023,2396321.898,1747846.9482753994,2249867.547587073,166000000000.0,0.8165577743982755,900216.386708457,1240012.6234540946
3578010,Karang Pilang,2024,2484259.953,1698086.4727720092,2440212.1751832427,33773329679.0,0.9562912519630615,1072026.9407252225,1228160.6521223234
3578010,Karang Pilang,2025,2560812.243,1869196.4266801463,2358665.8223567647,235000000000.0,0.7587063529776784,1574008.04159739,1442922.1551768281
3578020,Jambangan,2018,1987564.673,2033410.005654325,1993986.7304964296,92693405300.0,0.8885374717532487,-860582.402343929,-38502.10689094348
3578020,Jambangan,2019,1458312.806,2780340.611780333,1504768.3960620814,20723365117.0,0.9727195073442896,-1375772.4539277316,-182646.06344391173
3578020,Jambangan,2020,3022455.941,3278019.220012333,3022455.941,3.31e-20,1.0,-1787498.589069258,-1576190.1086691034
3578020,Jambangan,2021,1981822.546,2718873.9896656503,2018928.790131882,30165484649.0,0.9607773122067956,562481.9034444881,-799577.8920691931
3578020,Jambangan,2022,1763520.392,2013693.7098241616,1767150.878628381,8379147039.0,0.9887873818604154,792967.3717943853,-536883.4977784697
3578020,Jambangan,2023,2437396.45,3713008.206526313,2564034.7946767854,62716612841.0,0.9217639992675499,867615.1252706988,17348.715454845224
3578020,Jambangan,2024,3607664.136,3267898.6538758995,3421092.1928597568,693000000000.0,0.5160334226304003,932327.4234749154,-741892.1396319121
3578020,Jambangan,2025,5575973.69,3668784.4312232933,3778083.0732377265,9360000000000.0,0.07316795041298006,1084798.8316461665,758078.3355607176
3578030,Gayungan,2018,1981927.021,4379930.892699362,1981927.021,2.26e-21,1.0,-436053.37729969097,600734.0088197424
3578030,Gayungan,2019,2187423.858,3921524.284214566,2187423.858,3.94e-21,1.0,-712255.983031541,-2230878.3462418355
3578030,Gayungan,2020,1962481.473,4214170.68577243,1968649.713057044,1563045069.0,0.9978891464440204,-328526.90361598553,-2120680.3551936215
3578030,Gayungan,2021,4768737.645,3109960.055583773,4768736.246163753,479851.0321,0.9999993506027339,335783.4479199325,-2400077.5142092695
3578030,Gayungan,2022,4118478.187,3322249.869294185,3984613.258321117,115000000000.0,0.8653264994940989,577969.717048733,1506879.6341001932
3578030,Gayungan,2023,7190713.62,4607871.330471419,4741856.712445777,10400000000000.0,0.0663365261371795,267548.35416607937,1428739.5106548038
3578030,Gayungan,2024,6434404.048,4600414.229566492,6155623.93998904,102000000000.0,0.8787038526124593,691804.7233717116,3220223.4702564436
3578030,Gayungan,2025,6155116.984,5117291.611784056,6155116.984,1.65e-21,1.0,1547942.3443412557,2931256.7181054074
3578040,Wonocolo,2018,1465874.639,3094335.7169006965,1529426.1351011577,23108080844.0,0.9696754352080577,-156145.29772873432,-403609.6410612404
3578040,Wonocolo,2019,2569494.25,3361562.223296276,2855166.3558760695,321000000000.0,0.6971461152561718,-74064.0965269208,-1528552.851861196
3578040,Wonocolo,2020,1718540.083,3906338.7245200807,1895305.5350781,50015601852.0,0.9366034592205905,73221.08028034883,-805254.1000894536
3578040,Wonocolo,2021,2641593.433,2289686.6506528305,2421249.931459725,953000000000.0,0.4367336195683143,11939.225508767719,-1932049.8363172514
3578040,Wonocolo,2022,2142473.759,2416990.3340877695,2294189.2890465106,703000000000.0,0.5124546216305766,660149.2951753017,224002.28692255728
3578040,Wonocolo,2023,4003261.524,3890008.914114201,3908269.7846631934,2960000000000.0,0.1997657828818843,200731.83485838567,173249.402818135
3578040,Wonocolo,2024,3338622.187,3692702.965264557,3554040.7355725127,884000000000.0,0.45530180178750007,731999.7411603043,543660.7795252358
3578040,Wonocolo,2025,2736295.86,4055716.7555105137,2755076.1979172425,8216246474.0,0.9890029712621365,2064949.7443554034,300379.7741926857
3578050,Tenggilis Mejoyo,2018,2054115.2,2557723.2219074983,2209114.916029063,253000000000.0,0.7449383527439466,-400613.4314103543,-648107.0359552095
3578050,Tenggilis Mejoyo,2019,2108842.137,3051000.949689137,2309517.7823392497,154000000000.0,0.8275315744297764,-86732.47402898787,-637487.0108937474
3578050,Tenggilis Mejoyo,2020,1846128.792,3012416.8255838007,2099593.029374313,158000000000.0,0.8238410143605055,-147084.13918074436,-903804.1185860573
3578050,Tenggilis Mejoyo,2021,1519824.775,2357324.2712348155,1522591.3750620415,1885932750.0,0.9974542047465781,367050.79960486345,-1150480.4279369484
3578050,Tenggilis Mejoyo,2022,1871767.023,2561484.6634070757,1952198.8939151736,75116351416.0,0.9077232579195741,1067637.3700429248,-820659.0229881098
3578050,Tenggilis Mejoyo,2023,1321165.121,4294829.201115597,1491751.054303754,34628633928.0,0.9552338871888034,1063578.699633416,-393509.72022662964
3578050,Tenggilis Mejoyo,2024,2007271.54,3665374.2610547473,2022476.1498248684,5266135125.0,0.9929236038396121,1278397.814036176,-2477177.764253566
3578050,Tenggilis Mejoyo,2025,6188849.734,4073724.7978788847,4499154.094067379,2260000000000.0,0.24639463092443312,1742051.7349538547,-1495758.0067143044
3578060,Gunung Anyar,2018,2101193.07,1357176.2986735175,2097253.4476385396,3029039578.0,0.9959174398679931,-467485.60317656165,997392.6323243176
3578060,Gunung Anyar,2019,2921527.414,1814449.893550991,2415534.9203732125,479000000000.0,0.6067055675641556,-384477.2099277473,742745.0615290555
3578060,Gunung Anyar,2020,2809136.048,2015603.7468563423,2571668.490666286,243000000000.0,0.7525249237579761,-561530.6069081544,1143471.509757187
3578060,Gunung Anyar,2021,1949551.688,1657452.9643761609,1873866.5963599067,199000000000.0,0.7878277217938896,140497.8269660208,898242.9032261616
3578060,Gunung Anyar,2022,1731085.727,1448670.9292300753,1625066.2256014256,342000000000.0,0.6836019970965886,786430.4785061695,518484.4662750808
3578060,Gunung Anyar,2023,2987918.227,1987936.1347689256,2243209.5877748067,1660000000000.0,0.30802109598324146,346143.3491337461,643174.0641543174
3578060,Gunung Anyar,2024,2882752.57,2367030.296139565,2592242.6634652056,734000000000.0,0.50166915809642,749888.8779440952,1278537.2858968808
3578060,Gunung Anyar,2025,3227573.3,2627839.864090256,2922532.7423054446,589000000000.0,0.5564482026296099,2187445.382147082,1090684.4103987918
3578070,Rungkut,2018,2455804.166,3340040.230171108,2723452.473380094,247000000000.0,0.7494718275003317,-166741.80872194638,1450428.621802859
3578070,Rungkut,2019,1988272.812,2336692.22282735,2045145.5042561905,111000000000.0,0.8693990215661238,-40479.80492382725,-598008.2774946559
3578070,Rungkut,2020,2021138.219,1598146.2888096692,1944454.0926109469,126000000000.0,0.8543212922864609,-261197.50986706707,-381033.4943211726
3578070,Rungkut,2021,2287445.128,1909994.547039552,2224446.414522877,114000000000.0,0.8663410489000757,-8684.214537255102,425275.3383447849
3578070,Rungkut,2022,3386739.593,1571754.6283241399,2606566.1132899392,429000000000.0,0.632679396821653,194197.93566439452,584843.8579780655
3578070,Rungkut,2023,3734700.688,2243701.479426483,3233652.9974401677,288000000000.0,0.7195489193724992,111634.00987662078,2125969.6079790783
3578070,Rungkut,2024,4033975.214,1948439.342701511,2832711.80847589,773000000000.0,0.4887285691937,324781.7063594047,2089929.7291409913
3578070,Rungkut,2025,5352387.698,1863604.4094044352,3347279.532257481,769000000000.0,0.4900250027475712,1226957.490221131,2752011.589121172
3578080,Sukolilo,2018,2551587.436,4724266.249337918,3308150.3325988487,304000000000.0,0.7085098989942645,-76370.91297472798,381433.378626583
3578080,Sukolilo,2019,1835104.12,3708274.7720571877,2170265.0690651205,124000000000.0,0.8563013696983814,1013340.2186816304,-2036136.6978298104
3578080,Sukolilo,2020,3081301.315,2482996.339079049,2675446.057253225,1200000000000.0,0.3810978184819871,-345755.64048310684,-1856233.0097015528
3578080,Sukolilo,2021,1849449.477,1191183.5560560804,1837738.7196407898,10306394149.0,0.9862438981958125,345832.80239431193,247234.74441916076
3578080,Sukolilo,2022,1942402.779,1073803.0217463206,1928216.2050492282,9447935821.0,0.9873752302187064,886393.7663249798,846821.1597062342
3578080,Sukolilo,2023,1937863.78,1678498.937616078,1918258.6202924966,46528770679.0,0.9407613247267896,787336.133418702,1343232.3467191663
3578080,Sukolilo,2024,2105600.884,1390475.4107177474,2081113.2741651325,20175456105.0,0.9734216111997374,616354.4507899643,829706.82925737
3578080,Sukolilo,2025,3056156.622,1264601.5784653155,2918084.93318228,47515155906.0,0.9395813717051881,1146611.7562286,1160148.4978985786
3578090,Mulyorejo,2018,2914181.275,3177148.5868928116,3040872.7180123283,529000000000.0,0.5827802815448464,-743645.0087780145,427657.7066534243
3578090,Mulyorejo,2019,3369921.48,3894240.8980655298,3680374.31471611,826000000000.0,0.472176500856246,1878499.5060461587,-272728.14266057033
3578090,Mulyorejo,2020,1433024.801,3643734.1592520843,1433137.5245844913,29015672.11,0.999960733708518,400794.0434040716,172766.53461432504
3578090,Mulyorejo,2021,2855347.266,2821081.149597435,2848855.4352368256,133000000000.0,0.8474625561742897,1421237.8591035907,-1838218.2059991295
3578090,Mulyorejo,2022,2293983.405,2956832.3285791255,2569597.7454556148,405000000000.0,0.6459533534889901,2683192.1111746915,253349.22495499905
3578090,Mulyorejo,2023,3179263.425,3706882.487990223,3333011.6472962797,234000000000.0,0.7594861793184051,2453214.4783486463,320362.899929625
3578090,Mulyorejo,2024,3210622.149,3290461.5390877803,3258035.0223918236,832000000000.0,0.4703730580952766,1411038.6335838407,470747.7908367859
3578090,Mulyorejo,2025,5943293.233,3070457.6256736265,3390421.2013553963,4540000000000.0,0.13997512256393704,1324513.2072007144,641867.0361736212
3578100,Gubeng,2018,2479982.071,2864402.2985448195,2546932.875474674,120000000000.0,0.8602891883444586,-1067878.7911386143,397931.57375963806
3578100,Gubeng,2019,2316760.846,2761850.5248028333,2439638.7494303253,217000000000.0,0.7729928584538213,-872532.9490997781,-218637.65781462053
3578100,Gubeng,2020,2772191.228,3033308.0123608126,2942655.8959040395,1070000000000.0,0.40848587148853754,-665605.7425226552,-304113.81146251224
3578100,Gubeng,2021,2273954.568,2499723.4059965806,2296765.19671408,63952567120.0,0.9203450165130018,-28420.33433106661,20195.038023327477
3578100,Gubeng,2022,2870957.891,1987970.0521916053,2507543.2287787013,398000000000.0,0.6499304892203881,179982.0370150613,140872.58724375023
3578100,Gubeng,2023,3119847.22,3413496.9389721523,3199006.2401718996,210000000000.0,0.7786950954783558,-333406.8089834736,1328156.4052201686
3578100,Gubeng,2024,3347583.107,2964649.751661105,3199954.283515864,357000000000.0,0.6742454223121012,76828.87398519175,342187.0039705564
3578100,Gubeng,2025,2718329.631,2969705.2933065593,2741249.6339366795,57087378057.0,0.9282825884869728,1366152.4432859607,970515.4824320544
3578110,Wonokromo,2018,2231505.127,3827812.4971244605,2817456.020325917,330000000000.0,0.6912763286701195,-982281.9685211233,210563.89731694869
3578110,Wonokromo,2019,1998501.119,3249553.435490563,2007136.7580242772,3955073482.0,0.9946759700782969,-1094549.9283920764,-1392018.0057014269
3578110,Wonokromo,2020,1776359.137,3094758.8694219273,1847859.3061047979,32628938481.0,0.9577096654984022,-995387.8019925219,-1316499.3439563625
3578110,Wonokromo,2021,1810436.574,899054.097087742,1781413.5273274197,18716507716.0,0.9752960950486477,-40929.6236892563,-1243115.0889159893
3578110,Wonokromo,2022,1924962.168,825836.5217790152,1877307.2027049225,25789227850.0,0.9662756431291771,-49918.93464267002,1109669.3655918664
3578110,Wonokromo,2023,2741732.55,2989366.152334805,2783666.3736669524,116000000000.0,0.864314323533337,247758.43277337204,1679040.060264823
3578110,Wonokromo,2024,2859041.73,2692625.9845133442,2829265.4471314684,124000000000.0,0.8563013696983814,451573.2993496955,678826.8605923112
3578110,Wonokromo,2025,2827665.594,2686400.5789114507,2811198.0240384378,75084651902.0,0.9077586072138076,974709.1711838152,956032.5692245634
3578120,Dukuh Pakis,2018,3260687.589,1087475.7426793994,1432026.7811098723,3020000000000.0,0.19657711264191785,-502996.26477198733,-173114.11298559138
3578120,Dukuh Pakis,2019,2446049.599,3009725.6210707612,2492339.0477157035,50908957454.0,0.9355440867441157,-728971.6830191374,2182739.736088467
3578120,Dukuh Pakis,2020,2115393.616,3557617.1627580584,2876587.9178194827,636000000000.0,0.537426643999174,-605633.8344480122,-112976.9039604473
3578120,Dukuh Pakis,2021,2060039.803,2576375.951263389,2184645.643647645,181000000000.0,0.8032431321221501,-3226.419261932693,-1371678.1642960017
3578120,Dukuh Pakis,2022,1422296.148,2132076.635861864,1461732.8541224836,33475756333.0,0.9566596743260328,58302.82840674252,-598056.9673553493
3578120,Dukuh Pakis,2023,2841727.297,3652313.4839432132,2847746.2080927044,4256796734.0,0.9942721387749012,-83883.9584015639,-669420.270076016
3578120,Dukuh Pakis,2024,2879625.211,3715905.1327527044,3283313.084754098,531000000000.0,0.5818624573836018,219261.992182849,-694031.0090536498
3578120,Dukuh Pakis,2025,3809526.536,3813493.820521483,3811037.4388567996,350000000000.0,0.6785797450232306,802962.9159400663,-608610.5271506733
3578130,Wiyung,2018,2244601.323,2011065.6553646354,2161898.151608827,312000000000.0,0.7031164389467023,-546844.546425242,2325777.828894342
3578130,Wiyung,2019,7713781.002,2107608.415556718,2261203.6753514125,20200000000000.0,0.035289172819333706,-672264.3667145991,548846.6802737815
3578130,Wiyung,2020,2775350.581,3226689.8081601197,2941022.0727797328,330000000000.0,0.6912763286701195,-683459.8887785778,5613232.02179387
3578130,Wiyung,2021,3519450.91,1750455.24767198,3064512.0648547392,197000000000.0,0.7895112635371465,82700.00542319985,554353.3423889824
3578130,Wiyung,2022,5136189.331,1580162.355786544,2344010.7987644263,2080000000000.0,0.26212798972040235,83741.655371255,1995654.558500947
3578130,Wiyung,2023,6574049.488,3385987.058607715,3618589.433976424,7230000000000.0,0.09272490315196234,-134600.34056049425,4023151.875630216
3578130,Wiyung,2024,4317512.944,3709227.6737123113,3914155.0210152594,1120000000000.0,0.3974986714771692,220061.06301333045,4076722.1274399227
3578130,Wiyung,2025,2606479.327,3584481.5922058364,2606479.327,5.34e-21,1.0,1610719.5862993682,1661928.7692691027
3578140,Lakarsantri,2018,1957756.922,1598052.361446855,1830901.5102053373,310000000000.0,0.7044570910608265,102872.11271419894,-495338.34472622804
3578140,Lakarsantri,2019,1119262.527,3078023.688195747,1175453.6740229465,16805622299.0,0.9777621836309162,2710684.6120515275,287741.4039120823
3578140,Lakarsantri,2020,1232344.346,2356159.6440265593,1232344.346,7.48e-22,1.0,241206.62871251878,-995649.4772794696
3578140,Lakarsantri,2021,1641921.025,2562641.9368774085,1648339.5478154249,3994593433.0,0.9946230572652265,1154064.1379903636,-1116394.9707758427
3578140,Lakarsantri,2022,1777836.503,2617156.000401026,1883199.2501994339,81685310783.0,0.900456891907098,1946784.6553201966,-702277.4772618259
3578140,Lakarsantri,2023,1484293.664,3436057.738124959,1630987.7419831022,46242987468.0,0.941103743819617,2038844.334204977,-278645.9368980087
3578140,Lakarsantri,2024,2332788.377,2945318.970558401,2381045.4491007016,48662973885.0,0.938212027205797,950926.5721216293,-1251263.6891758374
3578140,Lakarsantri,2025,3099295.801,2907244.048770854,3085041.098292922,45620596916.0,0.9418503416040448,465332.870576891,-406550.3294909396
3578141,Sambikerep,2018,2457715.676,2978101.100828101,2656249.7638917062,351000000000.0,0.6779571474255482,664253.0905288546,-246917.03601531123
3578141,Sambikerep,2019,1419159.902,2955684.1457725596,1439336.9739947882,7571585782.0,0.989857065079886,509340.14395506895,-348232.45419569965
3578141,Sambikerep,2020,1441498.264,3172351.891930949,1444414.596488473,960365182.4,0.9987019942142136,570816.8803298923,-1384864.7986753804
3578141,Sambikerep,2021,1625296.45,1629600.8104673713,1625342.7520292152,6187507754.0,0.9916957860710467,730987.7379838409,-1639225.355052507
3578141,Sambikerep,2022,1731775.763,1672299.445875463,1731738.0024859924,361490586.0,0.9995110224903666,1135737.254347483,-33574.84495141613
3578141,Sambikerep,2023,1601886.271,2354832.213566424,1787375.3833791786,186000000000.0,0.7989008880207195,1313388.3428714597,476353.3953153824
3578141,Sambikerep,2024,2290439.445,1938615.5687755698,2220175.5885556242,142000000000.0,0.8388043483509356,1422468.2597216428,-149110.4758222371
3578141,Sambikerep,2025,2050128.72,2730772.960546807,2050128.72,1.08e-21,1.0,1587729.8381513164,862069.1489614644
3578150,Tandes,2018,3074873.658,6579487.330677222,4916300.034275465,630000000000.0,0.5397821993147071,-367613.5240648973,-552714.0498660959
3578150,Tandes,2019,1752622.131,4090168.4980601473,1938916.7919008275,49276122891.0,0.937482175968458,-193296.71344313995,-3613291.1597002633
3578150,Tandes,2020,2869486.848,2531232.293308756,2704785.1303767115,540000000000.0,0.5777677726941562,-339355.2305672717,-2917765.742155322
3578150,Tandes,2021,2016133.973,2132291.8541434696,2035379.5158971972,113000000000.0,0.8673579801092823,-399702.47379672236,-23952.375582602806
3578150,Tandes,2022,1266150.227,1769159.3832888738,1297354.4295309954,37633788557.0,0.9515372515691982,321347.1222420877,-32530.77731564897
3578150,Tandes,2023,2320540.728,2483098.1472867588,2383532.5753135635,360000000000.0,0.6724047590489136,321015.19362577714,-207237.36319579557
3578150,Tandes,2024,2622396.405,2247678.595588431,2492755.6017971435,301000000000.0,0.7105538405477311,-48019.45953806752,153193.71600899193
3578150,Tandes,2025,2816647.181,1992483.5179466847,2604694.1089462605,197000000000.0,0.7895112635371465,987389.3971090205,665157.3008184738
3578160,Suko Manunggal,2018,1531361.443,2077342.4847355625,1571341.8305172888,44959686049.0,0.9426444449202905,253040.9601436245,657858.5177648586
3578160,Suko Manunggal,2019,2061657.314,2269504.133838072,2111605.8327351045,180000000000.0,0.8041172514138337,593431.6654103209,-149625.999993328
3578160,Suko Manunggal,2020,1732153.403,3027090.543694903,1845442.0730975515,54553865722.0,0.9312465475981603,963935.3931405601,168334.49534437782
3578160,Suko Manunggal,2021,2037146.379,1077259.0490420805,1590108.5558124364,496000000000.0,0.5983535940117597,801552.8259444954,-631680.8221738883
3578160,Suko Manunggal,2022,1996115.168,933461.7877579472,1913159.8469491792,48181392751.0,0.9387860662078568,597715.3105318281,1245755.876372908
3578160,Suko Manunggal,2023,2078130.49,2589626.7256878945,2184837.4812439606,150000000000.0,0.8312553484869288,893174.3958117133,1618025.878464391
3578160,Suko Manunggal,2024,3590579.758,2720201.6503461124,2973012.955635365,1390000000000.0,0.34708588500931137,1007163.0678892063,328192.5996068099
3578160,Suko Manunggal,2025,2430861.374,2470312.38426755,2434273.8650834574,53880539630.0,0.9320374589185227,1642966.0738815563,1576093.3889242038
3578170,Sawahan,2018,1331754.943,-260487.24700007273,1317229.7195950672,5238670387.0,0.9929602499143708,-1220716.5134621656,4718333.6288240915
3578170,Sawahan,2019,1576856.873,-1441592.2844682597,1473220.3205508816,20231573795.0,0.9733496540498757,-292179.09271529585,2221025.171173975
3578170,Sawahan,2020,2117068.977,-1784580.9517450728,1968934.0379110985,22456739319.0,0.9705049750147832,264226.759874874,3493038.217287832
3578170,Sawahan,2021,1675678.505,-1764526.1218195008,1600062.850113929,12788130211.0,0.982987838412575,796378.8084117121,4846075.93721528
3578170,Sawahan,2022,1473278.776,-1734108.5200988962,1439204.8727376782,6109930503.0,0.9917990481455685,791598.4870362106,4806441.190026702
3578170,Sawahan,2023,1946431.874,-2199568.8298072894,1586777.813838975,54049532876.0,0.9318388275557152,329160.10700889747,4605300.998313587
3578170,Sawahan,2024,2815421.087,-1936476.14210722,2211154.4770112443,82900256469.0,0.8991256882557612,539818.6615641814,5278048.956356653
3578170,Sawahan,2025,2948088.935,-1571624.0455452397,2081406.9381621715,135000000000.0,0.8455230985480023,1487785.634183473,6115070.703298681
3578180,Tegalsari,2018,1978165.7,-290868.9864694482,1831235.9728442358,39397635767.0,0.9493808406350281,-919359.3878422449,2889850.007534229
3578180,Tegalsari,2019,1634014.863,-237171.9489160161,1503695.6421222484,42596124090.0,0.9454953226636457,-482727.5743321078,2488860.7756605344
3578180,Tegalsari,2020,1533615.42,-157031.07485465478,1493558.758840557,13809022265.0,0.9816546516222987,-226434.25761330183,2134442.680837537
3578180,Tegalsari,2021,1943537.835,80214.97364027787,1473434.4189488355,192000000000.0,0.7937517662361364,180178.7263277608,2035649.544408468
3578180,Tegalsari,2022,2649314.017,60872.504680340004,581503.1454550169,2260000000000.0,0.24639463092443312,265559.12689836894,2320021.426938238
3578180,Tegalsari,2023,3308299.739,-11136.755689767888,1542148.0030275583,647000000000.0,0.5331610979269589,215931.07436865853,3155761.267428591
3578180,Tegalsari,2024,3077326.201,33984.00472167134,1408344.8702843098,691000000000.0,0.5167551895580436,440045.55736051203,3976168.312033952
3578180,Tegalsari,2025,2193447.021,224168.50656790863,1948849.22001977,80699564387.0,0.9015398642461399,865336.0671202142,3939366.737219183
3578190,Genteng,2018,1990451.429,2676925.0337848407,1990451.429,2.33e-20,1.0,1062414.0989487162,962916.9822365376
3578190,Genteng,2019,1905046.423,1659056.7237647297,1813208.655131757,339000000000.0,0.6855045609040555,911749.4034002544,-175400.7546815928
3578190,Genteng,2020,1723170.673,1129214.6943643233,1603216.548881223,144000000000.0,0.8369042732847383,1023345.8464274793,470676.92561710137
3578190,Genteng,2021,1619681.568,1383848.9294235138,1618964.5694148513,1735258291.0,0.9976571216461558,1144414.7352674098,1014281.1878056718
3578190,Genteng,2022,1924889.72,1433463.8239713786,1850811.2847363364,101000000000.0,0.8797500319216374,1156761.7742355408,840083.6319400152
3578190,Genteng,2023,2473515.85,1677064.924309176,2394746.955542275,62452528497.0,0.9220677585362921,1410526.2750278278,1084781.9297521077
3578190,Genteng,2024,2940147.832,1865462.7304662364,2907480.5061445553,17838806965.0,0.9764272631692794,1476113.249319348,1489163.5301632136
3578190,Genteng,2025,1987314.811,1807540.2952752258,1986818.1645218278,1576333217.0,0.9978712393313636,1500387.956889186,1877533.2638389436
3578200,Tambaksari,2018,1557812.612,7562010.587673368,2087866.5707591595,55097413597.0,0.9306090565988868,-153068.72307383013,378145.33572845964
3578200,Tambaksari,2019,1367999.103,3402043.054352549,1434508.6157782595,19234848616.0,0.974629294836174,451821.75849104655,-5470613.104871455
3578200,Tambaksari,2020,1546378.062,1427140.3528172502,1536590.6716239848,50883529572.0,0.9355742068844028,753996.8999194345,-2433298.293232864
3578200,Tambaksari,2021,1946118.928,121828.66635749688,1777594.1140092385,57915177258.0,0.927318230437257,737363.4705941696,484427.37338500377
3578200,Tambaksari,2022,1546434.02,146348.27776324475,1389454.4324193175,71855880602.0,0.9113736081358984,908803.4224874396,2566326.938882744
3578200,Tambaksari,2023,1249794.495,1407300.7481029055,1254412.7863239998,17188397277.0,0.9772671959366731,995854.9855689496,2585415.378164411
3578200,Tambaksari,2024,1733336.052,1476079.3238022013,1719080.193793128,33382041108.0,0.9567757609253371,1074779.778208822,1170694.5129825044
3578200,Tambaksari,2025,2149074.189,1018776.3336792325,2099519.246647318,26091072281.0,0.9658943858480015,2216916.501678894,1418461.0019044864
3578210,Kenjeran,2018,1280644.696,866478.6033601352,1273413.575409397,10111321940.0,0.9865007493108469,-1906725.0306768126,491431.27217119513
3578210,Kenjeran,2019,1344138.688,884489.2344750578,1338877.7050807413,6588202469.0,0.9911627686949998,-1130044.3063213306,107717.75564319058
3578210,Kenjeran,2020,1332425.827,1926746.5803008731,1372913.5156869234,41597904525.0,0.9467045396154162,33979.48549112863,319769.493222645
3578210,Kenjeran,2021,1242652.233,1600796.1714202324,1245688.1839712895,4864762713.0,0.9934594224467502,341812.38821853726,-183608.92136818357
3578210,Kenjeran,2022,1217019.807,790508.5778655586,1212452.1814840867,6159754900.0,0.9917327250653979,735478.3809906645,-14142.722538649105
3578210,Kenjeran,2023,1610645.691,1634590.8927405449,1610901.2316812968,6138023548.0,0.9917616513734399,663170.0902425366,874641.8699475422
3578210,Kenjeran,2024,1449839.133,1563899.137615613,1453888.4915936482,20944927995.0,0.9724358788221086,460113.44010035857,645452.9630920612
3578210,Kenjeran,2025,1812580.156,1114436.6826705853,1804384.923147457,6758839528.0,0.9909359555456223,1554612.0603752716,516661.4356977069
3578211,Bulak,2018,1004212.572,2034245.927400616,1085937.1017277169,49037688065.0,0.9377658577398243,-987807.7252347695,-89519.892726291
3578211,Bulak,2019,1496371.195,1751310.4189680538,1549836.148183698,151000000000.0,0.8303212666683433,-456115.62047689676,-1333595.3267469802
3578211,Bulak,2020,1202496.759,2223261.8287928337,1202779.0664403078,157414233.9,0.999787011676395,-56075.33938671551,-619799.1121454996
3578211,Bulak,2021,1884121.905,1504117.617190937,1801537.2481785405,158000000000.0,0.8238410143605055,295681.81382604036,-1033150.3253256688
3578211,Bulak,2022,2107827.754,1371483.662240288,2006026.0136878868,91289733177.0,0.8900397664649541,452168.0696866001,345187.14753896324
3578211,Bulak,2023,2235429.067,2218924.8410267467,2231806.838500057,160000000000.0,0.8220080510129872,548760.6066958058,967818.8740319314
3578211,Bulak,2024,2432392.942,2389337.263101392,2421572.651409654,191000000000.0,0.7946053388803208,455770.4604496132,441714.97623446677
3578211,Bulak,2025,1797215.127,2226215.888551396,1798218.4914222655,1333966486.0,0.9981979538925607,1042986.0186574741,387333.5780854854
3578220,Simokerto,2018,1779828.657,6361469.3886138275,2750703.790469425,153000000000.0,0.828459386676978,-714020.0840765018,-2096866.0751657672
3578220,Simokerto,2019,1281978.008,4206926.990602898,1710697.020309609,97727209781.0,0.8831914435152104,-573966.4457297644,-4845931.30649536
3578220,Simokerto,2020,1075061.067,3533442.2946436265,1162679.7382764975,21029839224.0,0.9723272255394046,-246673.49244595968,-3662347.19456642
3578220,Simokerto,2021,1426166.394,2578483.824150889,1619898.3766140318,115000000000.0,0.8653264994940989,431918.2886333666,-2742363.457402218
3578220,Simokerto,2022,1281850.825,2646635.850752762,1317973.6005434534,15470126518.0,0.979493121389946,810510.9239836362,-1198741.5007827042
3578220,Simokerto,2023,1685094.18,3557604.687755027,1890863.062762962,70248776870.0,0.9131837091744333,635401.8627669341,-988802.3910025826
3578220,Simokerto,2024,1576739.129,3801835.0735361744,1683583.21441265,28701212132.0,0.962610045818038,818317.3945040782,-1434895.0249150938
3578220,Simokerto,2025,2018846.571,2692242.1119323135,2097872.458357804,75655429707.0,0.9071225331135778,1251534.4186680862,-1747249.3462507527
3578230,Semampir,2018,1026271.35,4161757.7776079755,1051392.5642049646,4595752050.0,0.9938188663897851,-891267.16468745,-74229.09383444901
3578230,Semampir,2019,1206132.989,2108792.183601812,1239986.5593418484,22172221232.0,0.9708677789915029,-748639.3215115825,-3150846.3734090202
3578230,Semampir,2020,1302913.631,1043407.3598880216,1295584.5093004494,16537640656.0,0.9781090241697409,-692075.9589837595,-1426273.9128283728
3578230,Semampir,2021,1473796.942,1084442.2839664994,1465961.7532120768,11685844660.0,0.9844313890306235,-372644.5231455437,153965.0412891726
3578230,Semampir,2022,1299199.814,975031.4061939523,1289810.6335337267,16972623229.0,0.97754616375793,-299134.41431385424,624896.2327027365
3578230,Semampir,2023,1511897.379,1494052.4842165355,1511536.84606605,11733362974.0,0.9843690717145412,-382048.4462214467,686748.438842485
3578230,Semampir,2024,1858770.132,1632356.3046530513,1835771.3217257091,64335355946.0,0.9199064273719942,-386100.53296211,405822.9663110471
3578230,Semampir,2025,1558354.875,647406.2646053286,1535760.940797594,14472142025.0,0.9807906166815973,212327.54478245263,621861.3284716599
3578240,Pabean Cantian,2018,1970023.424,3870386.797646221,2132420.1900573024,53169588313.0,0.9328740255465703,-581841.6189542111,-1169257.782427312
3578240,Pabean Cantian,2019,1238347.537,3949977.2968342123,1253747.721239001,3250097557.0,0.9956208011749285,-163753.72411338432,-1851228.6071609892
3578240,Pabean Cantian,2020,1983316.163,4387539.48113459,2713099.4696926735,248000000000.0,0.7487124203974573,237653.4466404182,-2667655.1031809957
3578240,Pabean Cantian,2021,2209666.952,3372029.2903172676,2236138.797263617,13260964116.0,0.9823699129195115,904529.818878718,-2300079.7608604124
3578240,Pabean Cantian,2022,1873374.115,3009856.2489000754,1905943.134185123,16787929475.0,0.9777850753339006,1168780.7433778576,-971133.1548468322
3578240,Pabean Cantian,2023,2635468.074,4150640.1744653545,3380865.482459765,551000000000.0,0.5728407539868935,711577.4058040085,-647855.8783952959
3578240,Pabean Cantian,2024,3213979.151,3851436.102512744,3498253.4121659193,458000000000.0,0.6173502624339674,638246.1293645336,-980836.2576764855
3578240,Pabean Cantian,2025,3565803.348,4257548.953924375,4020290.225210131,1090000000000.0,0.4040189016102544,1311991.4837155717,-169709.185438463
3578250,Bubutan,2018,2087201.165,3435945.2108261334,2230497.794941256,67641784339.0,0.9161353389500559,-1600733.1631976701,-1319805.4203692055
3578250,Bubutan,2019,1093130.961,3825250.5032177377,1101048.8815820748,1653861903.0,0.9977667744605545,-1133195.3680890442,-1658476.5194325768
3578250,Bubutan,2020,1833895.549,4135374.8416074947,1897156.3613332463,16082725006.0,0.9786983714909446,-629380.554503509,-2940182.1168474965
3578250,Bubutan,2021,1897051.321,2439958.383752348,1912724.7779802803,16915664421.0,0.9776198306715754,-481836.68755108706,-2506668.669298664
3578250,Bubutan,2022,2171745.746,2119994.5084909014,2164995.7341416357,85350789442.0,0.8964526043307598,-579802.069148971,-814940.532006661
3578250,Bubutan,2023,2874303.611,3927436.8202368277,3352899.664296426,474000000000.0,0.6092065859195356,-734650.21534791,27638.42186142737
3578250,Bubutan,2024,2352858.208,3734037.310137256,2400782.857848818,20453764667.0,0.9730648532640827,-901814.3598879651,-813157.279609717
3578250,Bubutan,2025,2483527.535,3433220.6699178116,2579815.2593947765,64201160735.0,0.9200601370419921,471777.12316026515,-1319210.4100187463
3578260,Krembangan,2018,1483359.248,5773535.090670853,1630250.6760731908,20173397949.0,0.9734242504813948,-132212.45386859094,-800716.6930247615
3578260,Krembangan,2019,1665473.291,3648425.4185099797,1799177.782998269,41141325064.0,0.947258659480164,-356274.19080035656,-4099620.554672637
3578260,Krembangan,2020,1393038.953,2835509.910887916,1519596.7265424056,54725399004.0,0.9310452733665862,-218529.4347497365,-2481860.442473366
3578260,Krembangan,2021,1439514.61,618833.1590415435,1429657.86357436,6917257781.0,0.9907254767052641,-186977.15466108944,-1511457.3644611465
3578260,Krembangan,2022,1987034.966,385301.2733257782,1925853.1871276444,22598161663.0,0.9703247408132775,-303863.5277566808,786101.7011024065
3578260,Krembangan,2023,1676959.09,2642454.318015427,1889891.314565757,161000000000.0,0.8210946245596863,-334985.7347055924,1888257.5385323246
3578260,Krembangan,2024,1581380.551,2675078.1423945795,1681263.4276722698,57189061282.0,0.9281640229283823,-75493.41054007155,-303971.8300302753
3578260,Krembangan,2025,1820841.146,2350883.8388000904,1933160.1383133754,153000000000.0,0.828459386676978,730005.6112093912,-723261.2044516443
3578270,Asemrowo,2018,1226355.609,639889.561758547,1225476.7036651475,854039421.1,0.9988455355738532,-1112632.2845275027,471272.9393289882
3578270,Asemrowo,2019,605970.3505,696575.166374847,605970.3505,6.49e-22,1.0,-713745.637284935,233828.05424575193
3578270,Asemrowo,2020,701110.735,863246.1510693418,701110.735,3.39e-21,1.0,-239907.02049605703,-352749.6014518825
3578270,Asemrowo,2021,1055377.985,438551.21744633775,1044098.6453206486,10598950428.0,0.9858589406499844,-91278.84003839815,-314787.82783620094
3578270,Asemrowo,2022,787930.3145,272588.7706468969,783643.1378308077,4773441733.0,0.9935814136345967,217666.52832960416,457572.6430429395
3578270,Asemrowo,2023,1382088.439,854951.246231664,1367734.9279668613,15927635200.0,0.978899454099,166300.8558568974,591146.6478823884
3578270,Asemrowo,2024,1432705.178,994027.7991510138,1432124.040596611,754808270.8,0.998979536331936,403011.0812378507,628677.7270481817
3578270,Asemrowo,2025,2360482.41,1039154.0559689282,2277520.0812401734,38120558485.0,0.9509411675358139,1179547.512361913,665675.8296910084
3578280,Benowo,2018,1737855.114,2284195.154666969,1737855.114,2.2400000000000002e-22,1.0,-684018.1378947229,1398723.285939156
3578280,Benowo,2019,2230668.124,1122522.6238027918,2113549.959850862,67245924872.0,0.9165851994031973,-186655.64170872542,-644602.4775867397
3578280,Benowo,2020,1921827.112,842696.3070875066,1773265.7201154062,90841549848.0,0.8905205098755761,541791.5049131484,812308.1578788972
3578280,Benowo,2021,1739252.762,906729.9963109771,1566491.6503899235,149000000000.0,0.8321915342899014,1287952.8219294439,1382860.8600564227
3578280,Benowo,2022,2003671.286,719602.0811431664,1755971.261840176,136000000000.0,0.8445566948345314,1427210.4340495928,1447817.7296318822
3578280,Benowo,2023,2365450.662,1158660.5330595414,2180486.7807664527,103000000000.0,0.8776601585345595,1211319.1106196013,1973624.5995854917
3578280,Benowo,2024,1997078.189,1043603.8006856113,1735609.0224615063,215000000000.0,0.7746135294503514,1523453.6407481004,1931063.8367604224
3578280,Benowo,2025,2505335.819,1109253.926709225,2069809.1905590657,258000000000.0,0.7412021424789191,2321000.469201916,1767484.0082355617
3578281,Pakal,2018,1696364.409,2506187.6501975833,1696636.1201906044,190981093.9,0.9997416059864905,-996613.1998105572,219312.29973016388
3578281,Pakal,2019,1521873.743,1719318.6027103101,1522328.3290777442,1313102706.0,0.9982260886315577,-653434.3442243331,-1157663.1673442656
3578281,Pakal,2020,1403241.553,1294642.5121816478,1403233.5840414034,41757529.78,0.9999434913981312,-276373.1407284209,-652007.6200988202
3578281,Pakal,2021,1471956.639,1802177.008532793,1473279.221624124,2288174864.0,0.9969128997644983,615672.4291241794,-53212.783062246395
3578281,Pakal,2022,1351336.7,1608464.443668013,1351585.6500635615,551456598.3,0.9992542527723995,966016.8522438988,-106130.07812943077
3578281,Pakal,2023,1575851.193,1933329.9247529511,1605228.4632878532,50948408601.0,0.9354973594359555,579983.1692275783,86492.03798038163
3578281,Pakal,2024,2684265.771,1568948.5851685896,2461522.256613805,142000000000.0,0.8388043483509356,463579.2010088287,-84511.65409043408
3578281,Pakal,2025,3038035.414,1296390.716643489,2642863.0561013324,167000000000.0,0.8156564139891881,993203.435833031,1318283.2687520883
3579010,Batu,2018,1425311.119,412156.6922587791,1405358.5365378857,11431124269.0,0.9847655735500515,-2312444.9616080406,184159.24939345918
3579010,Batu,2019,1334464.039,985517.9626003199,1327762.5456759792,11141979505.0,0.9851451967440514,-1945522.462349755,527600.1068132971
3579010,Batu,2020,1376048.869,1292499.1173377756,1374367.5526658818,11685849558.0,0.9844313826067943,-1338996.1388278543,60021.40670406539
3579010,Batu,2021,1428910.972,1358482.475326712,1428327.740334597,4751508107.0,0.9936107181446666,-407124.68523725076,-76623.76268681954
3579010,Batu,2022,1445534.724,1923088.2598073469,1450559.503441154,6050846131.0,0.9918777090156555,-4676.222036615713,222475.53475635406
3579010,Batu,2023,1726469.391,1975694.0883827913,1732345.169351807,13739259691.0,0.9817456397044052,-664153.9274915565,-61393.49624299863
3579010,Batu,2024,1889925.068,2030200.2994951222,1892980.648828684,12670822763.0,0.9831412626453782,-770258.2467319963,-113626.14427771047
3579010,Batu,2025,2035289.294,1577628.5230934077,2023093.001652794,15579090347.0,0.9793516636495334,425114.8563223926,-37730.13548520068
3579020,Junrejo,2018,1423932.691,985785.438613448,1415741.177417977,10840960315.0,0.9855407211665737,72257.29261206655,691615.2577683439
3579020,Junrejo,2019,1333396.398,1145072.7201646208,1330519.4605839378,8827516933.0,0.9881944755317554,466899.45551539736,655161.9036011897
3579020,Junrejo,2020,1436900.888,1154159.1027329187,1432471.3078812147,9056442996.0,0.9878920270239084,807209.8592001598,520961.43710291246
3579020,Junrejo,2021,1683213.073,1450688.6004571137,1681057.3021485666,5324838860.0,0.9928452847823558,1249135.8214637595,718722.2289434037
3579020,Junrejo,2022,1529881.219,1768842.0705422985,1536623.57151188,16521215285.0,0.978130291034374,1364364.252692704,882652.0370097592
3579020,Junrejo,2023,1621423.963,1772055.045091419,1624601.8583738145,12263453281.0,0.9836744257643347,1312241.8130533255,554613.588384924
3579020,Junrejo,2024,1724335.064,1962026.1502721347,1732432.3421218717,20068098960.0,0.973559300011474,1790999.482797422,525876.7619146942
3579020,Junrejo,2025,1820052.548,1660549.5215389493,1816476.2136899414,13051036142.0,0.9826441624864884,1885424.6361424676,594562.0593351829
3579030,Bumiaji,2018,1351474.092,521781.1857885902,1340244.7704468647,7806951937.0,0.989545063795899,-689981.7340996267,881095.0129342184
3579030,Bumiaji,2019,1028574.224,545788.4109268521,1024855.4958523087,4416980145.0,0.994057879917601,-445907.0203659385,946024.9796413796
3579030,Bumiaji,2020,1292205.693,717900.2694508653,1284544.8651257893,7692939243.0,0.9896961744135396,-16016.157871043717,682571.8283765174
3579030,Bumiaji,2021,1224276.842,889182.9547533859,1219698.5276907797,7882083411.0,0.9894455109514675,625265.9273356927,912929.3364996118
3579030,Bumiaji,2022,1279233.361,1235449.753249044,1278317.8370705724,12152425795.0,0.9838198382730062,1020341.7472805055,948504.9836066028
3579030,Bumiaji,2023,1353054.533,1205372.924498485,1350504.9402393696,9996200054.0,0.9866523928087279,770314.8103857775,836261.3425041588
3579030,Bumiaji,2024,1486884.653,1347752.5361180096,1485205.9778963337,6949257102.0,0.9906829723828372,1139462.4898758815,776240.5333270192
3579030,Bumiaji,2025,1396675.132,1217318.6627858358,1388919.3290342195,25717878883.0,0.9663658074222389,1321480.0332150194,886769.954012559
